
> @ipark/backend@0.1.0 dev
> tsx watch src/server.ts

◇ injected env (28) from .env // tip: ⌘ multiple files { path: ['.env.local', '.env'] }
iPARK backend listening on http://localhost:4000
[Scheduler] Initializing background jobs...
[Scheduler] All jobs registered.
[0mGET /api/health [32m200[0m 1.448 ms - 37[0m
[0mGET /api/health [32m200[0m 0.337 ms - 37[0m
[0mGET /api/auth/me [33m401[0m 1.112 ms - 34[0m
[0mGET /api/public/pricing [32m200[0m 14.537 ms - 106[0m
[0mGET /api/public/subscription-plans [32m200[0m 13.742 ms - 825[0m
[0mGET /api/public/pricing [36m304[0m 2.882 ms - -[0m
[0mGET /api/public/subscription-plans [36m304[0m 3.482 ms - -[0m
[0mGET /api/public/availability [32m200[0m 26.476 ms - 212[0m
[0mGET /api/auth/me [33m401[0m 0.547 ms - 34[0m
[0mPOST /api/auth/login [32m200[0m 297.984 ms - 341[0m
[0mGET /api/auth/me [32m200[0m 7.637 ms - 341[0m
[0mGET /api/zones [32m200[0m 144.671 ms - 373[0m
[0mGET /api/reports/summary?from=2026-09-18&to=2026-09-18 [32m200[0m 170.851 ms - 209[0m
[0mGET /api/vehicles [32m200[0m 190.671 ms - 5715[0m
[0mGET /api/dashboard/overview [32m200[0m 203.784 ms - 9255[0m
[0mGET /api/parking-sessions [32m200[0m 226.082 ms - 179328[0m
[0mGET /api/zones [36m304[0m 77.541 ms - -[0m
[0mGET /api/parking-slots [32m200[0m 322.900 ms - 72055[0m
[0mGET /api/dashboard/overview [36m304[0m 102.917 ms - -[0m
[0mGET /api/dashboard/overview?range=7d [32m200[0m 184.404 ms - 9275[0m
[0mGET /api/parking-sessions [36m304[0m 208.834 ms - -[0m
[0mGET /api/parking-sessions [36m304[0m 182.293 ms - -[0m
[0mGET /api/parking-slots [36m304[0m 256.394 ms - -[0m
[0mGET /api/users?page=1&limit=100 [32m200[0m 188.174 ms - 33103[0m
[0mGET /api/parking-slots [36m304[0m 47.057 ms - -[0m
[0mGET /api/users?page=2&limit=100 [32m200[0m 24.273 ms - 3399[0m
[0mGET /api/pricing-config [32m200[0m 7.626 ms - 261[0m
[0mGET /api/transactions [32m200[0m 20.266 ms - 36789[0m
[0mGET /api/notifications [32m200[0m 20.973 ms - 10710[0m
[0mGET /api/shifts [32m200[0m 6.697 ms - 13[0m
[0mGET /api/shift-schedules [32m200[0m 22.700 ms - 23951[0m
[0mGET /api/zones [36m304[0m 7.656 ms - -[0m
[0mGET /api/parking-slots [36m304[0m 22.091 ms - -[0m
[0mGET /api/subscriptions/plans [32m200[0m 9.638 ms - 1261[0m
[0mGET /api/subscriptions [32m200[0m 16.006 ms - 1944[0m
[0mGET /api/auth/me [36m304[0m 5.035 ms - -[0m
[0mGET /api/zones [36m304[0m 79.763 ms - -[0m
[0mGET /api/reports/summary?from=2026-09-18&to=2026-09-18 [36m304[0m 109.652 ms - -[0m
[0mGET /api/vehicles [36m304[0m 112.495 ms - -[0m
[0mGET /api/parking-sessions [36m304[0m 141.541 ms - -[0m
[0mGET /api/dashboard/overview [36m304[0m 143.538 ms - -[0m
[0mGET /api/dashboard/overview?range=7d [36m304[0m 66.055 ms - -[0m
[0mGET /api/zones [36m304[0m 56.275 ms - -[0m
[0mGET /api/parking-slots [36m304[0m 202.032 ms - -[0m
[0mGET /api/dashboard/overview [36m304[0m 55.055 ms - -[0m
[0mGET /api/parking-sessions [36m304[0m 189.932 ms - -[0m
[0mGET /api/users?page=1&limit=100 [36m304[0m 74.621 ms - -[0m
[0mGET /api/parking-sessions [36m304[0m 142.207 ms - -[0m
[0mGET /api/parking-slots [36m304[0m 229.388 ms - -[0m
[0mGET /api/users?page=2&limit=100 [36m304[0m 35.180 ms - -[0m
[0mGET /api/parking-slots [36m304[0m 18.721 ms - -[0m
[0mGET /api/pricing-config [36m304[0m 3.988 ms - -[0m
[0mGET /api/notifications [36m304[0m 10.001 ms - -[0m
[0mGET /api/transactions [32m200[0m 17.700 ms - 36789[0m
[0mGET /api/shifts [36m304[0m 4.446 ms - -[0m
[0mGET /api/shift-schedules [36m304[0m 8.619 ms - -[0m
[0mGET /api/zones [36m304[0m 6.935 ms - -[0m
[0mGET /api/parking-slots [36m304[0m 20.293 ms - -[0m
[0mGET /api/subscriptions/plans [36m304[0m 4.345 ms - -[0m
[0mGET /api/subscriptions [36m304[0m 7.354 ms - -[0m
[0mGET /api/auth/me [36m304[0m 5.866 ms - -[0m
[0mGET /api/reports/summary?from=2026-09-18&to=2026-09-18 [36m304[0m 107.591 ms - -[0m
[0mGET /api/vehicles [36m304[0m 183.984 ms - -[0m
[0mGET /api/parking-sessions [36m304[0m 238.665 ms - -[0m
[0mGET /api/parking-slots [36m304[0m 277.981 ms - -[0m
[0mGET /api/users?page=1&limit=100 [36m304[0m 57.653 ms - -[0m
[0mGET /api/users?page=2&limit=100 [36m304[0m 21.336 ms - -[0m
[0mGET /api/pricing-config [36m304[0m 7.655 ms - -[0m
[0mGET /api/notifications [36m304[0m 13.521 ms - -[0m
[0mGET /api/transactions [32m200[0m 24.029 ms - 36789[0m
[0mGET /api/shifts [36m304[0m 4.613 ms - -[0m
[0mGET /api/shift-schedules [36m304[0m 11.984 ms - -[0m
[0mGET /api/zones [36m304[0m 8.354 ms - -[0m
[0mGET /api/parking-slots [36m304[0m 21.224 ms - -[0m
[0mGET /api/subscriptions/plans [36m304[0m 4.420 ms - -[0m
[0mGET /api/subscriptions [36m304[0m 9.026 ms - -[0m
[0mGET /api/auth/me [36m304[0m 5.507 ms - -[0m
[0mGET /api/vehicle-requests?status=all [32m200[0m 71.745 ms - 24496[0m
[0mGET /api/reports/summary?from=2026-09-18&to=2026-09-18 [36m304[0m 70.627 ms - -[0m
[0mGET /api/vehicles [36m304[0m 95.911 ms - -[0m
[0mGET /api/parking-sessions [36m304[0m 126.600 ms - -[0m
[0mGET /api/vehicle-requests?status=all [36m304[0m 40.023 ms - -[0m
[0mGET /api/parking-slots [36m304[0m 143.541 ms - -[0m
[0mGET /api/users?page=1&limit=100 [36m304[0m 14.816 ms - -[0m
[0mGET /uploads/vehicles/vehicle_1787216413243_3ari82.webp [32m200[0m 3.115 ms - 100194[0m
[0mGET /uploads/vehicles/vehicle_1789490300274_o9qgbq.jpg [32m200[0m 3.983 ms - 178318[0m
[0mGET /uploads/vehicles/vehicle_1789220733690_60ili1.jpg [32m200[0m 3.502 ms - 150574[0m
[0mGET /uploads/vehicles/vehicle_1788203732642_fvztqm.webp [32m200[0m 3.552 ms - 173864[0m
[0mGET /uploads/vehicles/vehicle_1789189308468_pmkbvs.png [32m200[0m 3.382 ms - 848186[0m
[0mGET /api/users?page=2&limit=100 [36m304[0m 5.674 ms - -[0m
[0mGET /api/pricing-config [36m304[0m 3.211 ms - -[0m
[0mGET /api/notifications [36m304[0m 6.516 ms - -[0m
[0mGET /api/transactions [32m200[0m 12.815 ms - 36789[0m
[0mGET /api/shifts [36m304[0m 3.565 ms - -[0m
[0mGET /api/shift-schedules [36m304[0m 9.144 ms - -[0m
[0mGET /api/zones [36m304[0m 7.712 ms - -[0m
[0mGET /api/parking-slots [36m304[0m 19.339 ms - -[0m
[0mGET /api/subscriptions/plans [36m304[0m 3.569 ms - -[0m
[0mGET /api/subscriptions [36m304[0m 6.078 ms - -[0m
[0mGET /api/auth/me [36m304[0m 4.844 ms - -[0m
[0mGET /api/membership-packages [33m404[0m 0.831 ms - 162[0m
[0mGET /api/membership-packages [33m404[0m 1.045 ms - 162[0m
[0mGET /api/reports/summary?from=2026-09-18&to=2026-09-18 [36m304[0m 200.724 ms - -[0m
[0mGET /api/vehicles [36m304[0m 204.354 ms - -[0m
[0mGET /api/parking-sessions [32m200[0m 230.233 ms - 179328[0m
[0mGET /api/zones [36m304[0m 44.333 ms - -[0m
[0mGET /api/parking-slots [36m304[0m 284.754 ms - -[0m
[0mGET /api/dashboard/overview [36m304[0m 122.527 ms - -[0m
[0mGET /api/parking-sessions [36m304[0m 195.882 ms - -[0m
[0mGET /api/users?page=1&limit=100 [36m304[0m 145.822 ms - -[0m
[0mGET /api/dashboard/overview?range=7d [36m304[0m 208.241 ms - -[0m
[0mGET /api/dashboard/overview [36m304[0m 57.898 ms - -[0m
[0mGET /api/zones [36m304[0m 87.449 ms - -[0m
[0mGET /api/users?page=2&limit=100 [36m304[0m 34.619 ms - -[0m
[0mGET /api/parking-sessions [36m304[0m 163.242 ms - -[0m
[0mGET /api/parking-slots [36m304[0m 240.236 ms - -[0m
[0mGET /api/pricing-config [36m304[0m 75.479 ms - -[0m
[0mGET /api/parking-slots [36m304[0m 29.317 ms - -[0m
[0mGET /api/notifications [36m304[0m 12.824 ms - -[0m
[0mGET /api/transactions [32m200[0m 27.650 ms - 36789[0m
[0mGET /api/shifts [36m304[0m 6.432 ms - -[0m
[0mGET /api/shift-schedules [36m304[0m 13.223 ms - -[0m
[0mGET /api/zones [36m304[0m 8.960 ms - -[0m
[0mGET /api/parking-slots [36m304[0m 23.497 ms - -[0m
[0mGET /api/subscriptions/plans [36m304[0m 7.468 ms - -[0m
[0mGET /api/subscriptions [36m304[0m 9.784 ms - -[0m
[0mGET /api/auth/me [36m304[0m 4.690 ms - -[0m
[0mGET /api/reports/summary?from=2026-09-18&to=2026-09-18 [36m304[0m 59.736 ms - -[0m
[0mGET /api/vehicles [36m304[0m 89.095 ms - -[0m
[0mGET /api/parking-sessions [36m304[0m 109.424 ms - -[0m
[0mGET /api/parking-slots [36m304[0m 125.847 ms - -[0m
[0mGET /api/users?page=1&limit=100 [36m304[0m 13.198 ms - -[0m
[0mGET /api/users?page=2&limit=100 [36m304[0m 4.205 ms - -[0m
[0mGET /api/pricing-config [36m304[0m 3.708 ms - -[0m
[0mGET /api/notifications [36m304[0m 7.396 ms - -[0m
[0mGET /api/transactions [32m200[0m 14.710 ms - 36789[0m
[0mGET /api/shifts [36m304[0m 4.584 ms - -[0m
[0mGET /api/shift-schedules [36m304[0m 11.098 ms - -[0m
[0mGET /api/zones [36m304[0m 6.207 ms - -[0m
[0mGET /api/parking-slots [36m304[0m 20.375 ms - -[0m
[0mGET /api/subscriptions/plans [36m304[0m 5.636 ms - -[0m
[0mGET /api/subscriptions [36m304[0m 11.061 ms - -[0m
[0mGET /api/auth/me [36m304[0m 5.168 ms - -[0m
[0mGET /api/rfid-cards?limit=200 [32m200[0m 13.213 ms - 2210[0m
[0mGET /api/vehicles [36m304[0m 132.039 ms - -[0m
[0mGET /api/reports/summary?from=2026-09-18&to=2026-09-18 [36m304[0m 129.953 ms - -[0m
[0mGET /api/parking-sessions [36m304[0m 158.056 ms - -[0m
[0mGET /api/rfid-cards?limit=200 [36m304[0m 147.405 ms - -[0m
[0mGET /api/parking-slots [36m304[0m 181.601 ms - -[0m
[0mGET /api/dashboard/overview?range=7d [36m304[0m 134.170 ms - -[0m
[0mGET /api/zones [36m304[0m 142.762 ms - -[0m
[0mGET /api/parking-sessions [36m304[0m 174.003 ms - -[0m
[0mGET /api/users?page=1&limit=100 [36m304[0m 71.084 ms - -[0m
[0mGET /api/dashboard/overview [36m304[0m 168.224 ms - -[0m
[0mGET /api/zones [36m304[0m 40.250 ms - -[0m
[0mGET /api/parking-slots [36m304[0m 260.009 ms - -[0m
[0mGET /api/dashboard/overview [36m304[0m 105.945 ms - -[0m
[0mGET /api/users?page=2&limit=100 [36m304[0m 150.019 ms - -[0m
[0mGET /api/parking-sessions [36m304[0m 205.408 ms - -[0m
[0mGET /api/pricing-config [36m304[0m 21.809 ms - -[0m
[0mGET /api/parking-slots [36m304[0m 84.754 ms - -[0m
[0mGET /api/notifications [36m304[0m 20.141 ms - -[0m
[0mGET /api/transactions [32m200[0m 27.979 ms - 36789[0m
[0mGET /api/shifts [36m304[0m 3.837 ms - -[0m
[0mGET /api/shift-schedules [36m304[0m 9.178 ms - -[0m
[0mGET /api/zones [36m304[0m 5.555 ms - -[0m
[0mGET /api/parking-slots [36m304[0m 16.236 ms - -[0m
[0mGET /api/subscriptions/plans [36m304[0m 3.911 ms - -[0m
[0mGET /api/subscriptions [36m304[0m 6.177 ms - -[0m
[0mGET /api/auth/me [36m304[0m 4.446 ms - -[0m
[0mGET /api/reports/summary?from=2026-09-18&to=2026-09-18 [36m304[0m 58.127 ms - -[0m
[0mGET /api/vehicles [36m304[0m 112.113 ms - -[0m
[0mGET /api/parking-sessions [32m200[0m 146.036 ms - 179328[0m
[0mGET /api/parking-slots [36m304[0m 159.499 ms - -[0m
[0mGET /api/users?page=1&limit=100 [36m304[0m 13.515 ms - -[0m
[0mGET /api/users?page=2&limit=100 [36m304[0m 5.294 ms - -[0m
[0mGET /api/pricing-config [36m304[0m 10.948 ms - -[0m
[0mGET /api/notifications [36m304[0m 15.632 ms - -[0m
[0mGET /api/transactions [32m200[0m 36.844 ms - 36789[0m
[0mGET /api/shifts [36m304[0m 5.484 ms - -[0m
[0mGET /api/shift-schedules [36m304[0m 12.792 ms - -[0m
[0mGET /api/zones [36m304[0m 7.516 ms - -[0m
[0mGET /api/parking-slots [36m304[0m 21.348 ms - -[0m
[0mGET /api/subscriptions/plans [36m304[0m 4.508 ms - -[0m
[0mGET /api/subscriptions [36m304[0m 8.481 ms - -[0m
[0mGET /api/auth/me [36m304[0m 4.851 ms - -[0m
[0mGET /api/reports/summary?from=2026-09-18&to=2026-09-18 [36m304[0m 65.193 ms - -[0m
[0mGET /api/vehicles [36m304[0m 113.449 ms - -[0m
[0mGET /api/parking-sessions [36m304[0m 139.496 ms - -[0m
[0mGET /api/parking-slots [36m304[0m 150.403 ms - -[0m
[0mGET /api/users?page=1&limit=100 [36m304[0m 9.732 ms - -[0m
[0mGET /api/users?page=2&limit=100 [36m304[0m 4.032 ms - -[0m
[0mGET /api/pricing-config [36m304[0m 4.302 ms - -[0m
[0mGET /api/notifications [36m304[0m 14.902 ms - -[0m
[0mGET /api/transactions [32m200[0m 22.464 ms - 36789[0m
[0mGET /api/shifts [36m304[0m 3.747 ms - -[0m
[0mGET /api/shift-schedules [36m304[0m 8.798 ms - -[0m
[0mGET /api/zones [36m304[0m 5.439 ms - -[0m
[0mGET /api/parking-slots [36m304[0m 16.972 ms - -[0m
[0mGET /api/subscriptions/plans [36m304[0m 4.447 ms - -[0m
[0mGET /api/subscriptions [36m304[0m 8.846 ms - -[0m
[0mGET /api/auth/me [36m304[0m 7.036 ms - -[0m
[0mGET /api/gate-command-logs?limit=20 [32m200[0m 31.568 ms - 4065[0m
[0mGET /api/reports/summary?from=2026-09-18&to=2026-09-18 [36m304[0m 94.971 ms - -[0m
[0mGET /api/vehicles [36m304[0m 104.946 ms - -[0m
[0mGET /api/parking-sessions [32m200[0m 122.565 ms - 179328[0m
[0mGET /api/gate-command-logs?limit=20 [36m304[0m 51.207 ms - -[0m
[0mGET /api/parking-slots [36m304[0m 133.912 ms - -[0m
[0mGET /api/users?page=1&limit=100 [36m304[0m 9.142 ms - -[0m
[0mGET /api/users?page=2&limit=100 [36m304[0m 4.836 ms - -[0m
[0mGET /api/pricing-config [36m304[0m 3.339 ms - -[0m
[0mGET /api/notifications [36m304[0m 7.588 ms - -[0m
[0mGET /api/transactions [32m200[0m 15.120 ms - 36789[0m
[0mGET /api/shifts [36m304[0m 4.874 ms - -[0m
[0mGET /api/shift-schedules [36m304[0m 10.381 ms - -[0m
[0mGET /api/zones [36m304[0m 6.504 ms - -[0m
[0mGET /api/parking-slots [36m304[0m 17.443 ms - -[0m
[0mGET /api/subscriptions/plans [36m304[0m 5.300 ms - -[0m
[0mGET /api/subscriptions [36m304[0m 8.610 ms - -[0m
[0mGET /api/auth/me [36m304[0m 6.495 ms - -[0m
[0mGET /api/alerts/capacity [33m404[0m 0.698 ms - 158[0m
[0mGET /api/alerts/capacity [33m404[0m 0.407 ms - 158[0m
[0mGET /api/reports/summary?from=2026-09-18&to=2026-09-18 [36m304[0m 129.035 ms - -[0m
[0mGET /api/vehicles [36m304[0m 136.209 ms - -[0m
[0mGET /api/parking-sessions [36m304[0m 151.788 ms - -[0m
[0mGET /api/parking-slots [36m304[0m 168.106 ms - -[0m
[0mGET /api/zones [36m304[0m 79.724 ms - -[0m
[0mGET /api/dashboard/overview [36m304[0m 81.107 ms - -[0m
[0mGET /api/dashboard/overview?range=7d [36m304[0m 93.752 ms - -[0m
[0mGET /api/users?page=1&limit=100 [36m304[0m 105.890 ms - -[0m
[0mGET /api/parking-sessions [36m304[0m 165.970 ms - -[0m
[0mGET /api/dashboard/overview [36m304[0m 67.293 ms - -[0m
[0mGET /api/zones [36m304[0m 76.981 ms - -[0m
[0mGET /api/users?page=2&limit=100 [36m304[0m 20.658 ms - -[0m
[0mGET /api/parking-slots [36m304[0m 258.702 ms - -[0m
[0mGET /api/parking-sessions [36m304[0m 165.754 ms - -[0m
[0mGET /api/pricing-config [36m304[0m 136.428 ms - -[0m
[0mGET /api/notifications [36m304[0m 21.975 ms - -[0m
[0mGET /api/transactions [32m200[0m 38.124 ms - 36789[0m
[0mGET /api/parking-slots [36m304[0m 96.934 ms - -[0m
[0mGET /api/shifts [36m304[0m 11.213 ms - -[0m
[0mGET /api/shift-schedules [36m304[0m 19.436 ms - -[0m
[0mGET /api/zones [36m304[0m 16.361 ms - -[0m
[0mGET /api/parking-slots [36m304[0m 38.744 ms - -[0m
[0mGET /api/subscriptions/plans [36m304[0m 5.758 ms - -[0m
[0mGET /api/subscriptions [36m304[0m 10.850 ms - -[0m
[0mGET /api/auth/me [36m304[0m 3.896 ms - -[0m
[0mGET /api/shift-schedules/my/current [32m200[0m 23.152 ms - 32[0m
[0mGET /api/reports/summary?from=2026-09-18&to=2026-09-18 [36m304[0m 64.894 ms - -[0m
[0mGET /api/vehicles [36m304[0m 93.456 ms - -[0m
[0mGET /api/parking-sessions [36m304[0m 113.013 ms - -[0m
[0mGET /api/shift-schedules/my/current [36m304[0m 53.009 ms - -[0m
[0mGET /api/parking-slots [36m304[0m 135.637 ms - -[0m
[0mGET /api/users?page=1&limit=100 [36m304[0m 21.555 ms - -[0m
[0mGET /api/users?page=2&limit=100 [36m304[0m 4.077 ms - -[0m
[0mGET /api/pricing-config [36m304[0m 4.603 ms - -[0m
[0mGET /api/dashboard/overview [36m304[0m 12.186 ms - -[0m
[0mGET /api/zones [36m304[0m 13.940 ms - -[0m
[0mGET /api/parking-sessions [36m304[0m 101.826 ms - -[0m
[0mGET /api/dashboard/overview [36m304[0m 87.556 ms - -[0m
[0mGET /api/zones [36m304[0m 92.217 ms - -[0m
[0mGET /api/dashboard/overview?range=7d [36m304[0m 66.220 ms - -[0m
[0mGET /api/transactions [32m200[0m 82.064 ms - 36789[0m
[0mGET /api/parking-slots [36m304[0m 144.935 ms - -[0m
[0mGET /api/notifications [36m304[0m 37.858 ms - -[0m
[0mGET /api/parking-sessions [36m304[0m 123.388 ms - -[0m
[0mGET /api/shifts [36m304[0m 21.748 ms - -[0m
[0mGET /api/shift-schedules [36m304[0m 32.628 ms - -[0m
[0mGET /api/parking-slots [36m304[0m 129.466 ms - -[0m
[0mGET /api/zones [36m304[0m 8.660 ms - -[0m
[0mGET /api/parking-slots [36m304[0m 38.803 ms - -[0m
[0mGET /api/subscriptions/plans [36m304[0m 5.805 ms - -[0m
[0mGET /api/subscriptions [36m304[0m 9.812 ms - -[0m
[0mGET /api/auth/me [36m304[0m 3.800 ms - -[0m
[0mGET /api/capacity-config [32m200[0m 74.266 ms - 341[0m
[0mGET /api/reports/summary?from=2026-09-18&to=2026-09-18 [36m304[0m 73.369 ms - -[0m
[0mGET /api/vehicles [36m304[0m 79.000 ms - -[0m
[0mGET /api/parking-sessions [36m304[0m 94.181 ms - -[0m
[0mGET /api/capacity-config [36m304[0m 20.929 ms - -[0m
[0mGET /api/parking-slots [36m304[0m 108.411 ms - -[0m
[0mGET /api/users?page=1&limit=100 [36m304[0m 7.934 ms - -[0m
[0mGET /api/users?page=2&limit=100 [36m304[0m 4.586 ms - -[0m
[0mGET /api/pricing-config [36m304[0m 4.532 ms - -[0m
[0mGET /api/notifications [36m304[0m 6.590 ms - -[0m
[0mGET /api/transactions [32m200[0m 13.638 ms - 36789[0m
[0mGET /api/shifts [36m304[0m 3.336 ms - -[0m
[0mGET /api/shift-schedules [36m304[0m 6.791 ms - -[0m
[0mGET /api/zones [36m304[0m 7.100 ms - -[0m
[0mGET /api/parking-slots [36m304[0m 16.345 ms - -[0m
[0mGET /api/subscriptions/plans [36m304[0m 3.619 ms - -[0m
[0mGET /api/subscriptions [36m304[0m 5.334 ms - -[0m
[0mGET /api/auth/me [36m304[0m 5.179 ms - -[0m
[0mGET /api/reports/summary?from=2026-09-18&to=2026-09-18 [36m304[0m 104.225 ms - -[0m
[0mGET /api/vehicles [36m304[0m 137.790 ms - -[0m
[0mGET /api/parking-sessions [32m200[0m 174.764 ms - 179328[0m
[0mGET /api/parking-sessions?limit=100 [32m200[0m 199.902 ms - 179328[0m
[0mGET /api/parking-slots [36m304[0m 218.627 ms - -[0m
[0mGET /api/users?page=1&limit=100 [36m304[0m 34.996 ms - -[0m
[0mGET /api/parking-sessions?limit=100 [36m304[0m 143.904 ms - -[0m
[0mGET /api/users?page=2&limit=100 [36m304[0m 31.218 ms - -[0m
[0mGET /api/pricing-config [36m304[0m 4.812 ms - -[0m
[0mGET /api/notifications [36m304[0m 7.386 ms - -[0m
[0mGET /api/transactions [32m200[0m 13.993 ms - 36789[0m
[0mGET /api/shifts [36m304[0m 3.596 ms - -[0m
[0mGET /api/shift-schedules [36m304[0m 7.711 ms - -[0m
[0mGET /api/zones [36m304[0m 5.189 ms - -[0m
[0mGET /api/parking-slots [36m304[0m 16.590 ms - -[0m
[0mGET /api/subscriptions/plans [36m304[0m 3.655 ms - -[0m
[0mGET /api/subscriptions [36m304[0m 6.791 ms - -[0m
[0mGET /api/auth/me [36m304[0m 3.320 ms - -[0m
[0mGET /api/reports/summary?from=2026-09-18&to=2026-09-18 [36m304[0m 70.614 ms - -[0m
[0mGET /api/vehicles [36m304[0m 109.740 ms - -[0m
[0mGET /api/parking-sessions [36m304[0m 142.103 ms - -[0m
[0mGET /api/parking-slots [36m304[0m 159.516 ms - -[0m
[0mGET /api/users?page=1&limit=100 [36m304[0m 17.149 ms - -[0m
[0mGET /api/users?page=2&limit=100 [36m304[0m 13.616 ms - -[0m
[0mGET /api/pricing-config [36m304[0m 8.377 ms - -[0m
[0mGET /api/notifications [36m304[0m 10.374 ms - -[0m
[0mGET /api/transactions [32m200[0m 19.441 ms - 36789[0m
[0mGET /api/shifts [36m304[0m 5.277 ms - -[0m
[0mGET /api/shift-schedules [36m304[0m 11.805 ms - -[0m
[0mGET /api/zones [36m304[0m 10.315 ms - -[0m
[0mGET /api/parking-slots [36m304[0m 23.716 ms - -[0m
[0mGET /api/subscriptions/plans [36m304[0m 5.993 ms - -[0m
[0mGET /api/subscriptions [36m304[0m 9.675 ms - -[0m
[0mGET /api/auth/me [36m304[0m 4.905 ms - -[0m
[0mGET /api/invoices [33m404[0m 0.397 ms - 151[0m
[0mGET /api/invoices [33m404[0m 0.874 ms - 151[0m
[0mGET /api/vehicles [36m304[0m 120.619 ms - -[0m
[0mGET /api/reports/summary?from=2026-09-18&to=2026-09-18 [36m304[0m 119.785 ms - -[0m
[0mGET /api/parking-sessions [32m200[0m 138.460 ms - 179328[0m
[0mGET /api/parking-slots [36m304[0m 145.949 ms - -[0m
[0mGET /api/zones [36m304[0m 99.245 ms - -[0m
[0mGET /api/dashboard/overview [36m304[0m 168.472 ms - -[0m
[0mGET /api/parking-sessions [36m304[0m 201.289 ms - -[0m
[0mGET /api/users?page=1&limit=100 [36m304[0m 102.836 ms - -[0m
[0mGET /api/zones [36m304[0m 67.015 ms - -[0m
[0mGET /api/dashboard/overview?range=7d [36m304[0m 59.367 ms - -[0m
[0mGET /api/dashboard/overview [36m304[0m 68.024 ms - -[0m
[0mGET /api/parking-slots [36m304[0m 254.458 ms - -[0m
[0mGET /api/users?page=2&limit=100 [36m304[0m 89.707 ms - -[0m
[0mGET /api/parking-sessions [36m304[0m 182.415 ms - -[0m
[0mGET /api/pricing-config [36m304[0m 33.289 ms - -[0m
[0mGET /api/parking-slots [36m304[0m 144.871 ms - -[0m
[0mGET /api/notifications [36m304[0m 22.978 ms - -[0m
[0mGET /api/transactions [32m200[0m 37.282 ms - 36789[0m
[0mGET /api/shifts [36m304[0m 4.967 ms - -[0m
[0mGET /api/shift-schedules [36m304[0m 12.554 ms - -[0m
[0mGET /api/zones [36m304[0m 6.179 ms - -[0m
[0mGET /api/parking-slots [36m304[0m 20.358 ms - -[0m
[0mGET /api/subscriptions/plans [36m304[0m 5.171 ms - -[0m
[0mGET /api/subscriptions [36m304[0m 8.834 ms - -[0m
[0mGET /api/auth/me [36m304[0m 3.590 ms - -[0m
[0mGET /api/disputes [32m200[0m 72.050 ms - 8170[0m
[0mGET /api/reports/summary?from=2026-09-18&to=2026-09-18 [36m304[0m 70.299 ms - -[0m
[0mGET /api/vehicles [36m304[0m 72.783 ms - -[0m
[0mGET /api/parking-sessions [36m304[0m 125.002 ms - -[0m
[0mGET /api/disputes [36m304[0m 29.971 ms - -[0m
[0mGET /api/parking-slots [36m304[0m 138.440 ms - -[0m
[0mGET /api/users?page=1&limit=100 [36m304[0m 8.486 ms - -[0m
[0mGET /api/users?page=2&limit=100 [36m304[0m 4.183 ms - -[0m
[0mGET /api/pricing-config [36m304[0m 3.571 ms - -[0m
[0mGET /api/notifications [36m304[0m 7.698 ms - -[0m
[0mGET /api/transactions [32m200[0m 16.802 ms - 36789[0m
[0mGET /api/shifts [36m304[0m 3.355 ms - -[0m
[0mGET /api/shift-schedules [36m304[0m 7.870 ms - -[0m
[0mGET /api/zones [36m304[0m 4.821 ms - -[0m
[0mGET /api/parking-slots [36m304[0m 13.407 ms - -[0m
[0mGET /api/subscriptions/plans [36m304[0m 3.981 ms - -[0m
[0mGET /api/subscriptions [36m304[0m 6.144 ms - -[0m
[0mGET /api/auth/me [36m304[0m 5.707 ms - -[0m
[0mGET /api/reports/summary?from=2026-09-18&to=2026-09-18 [36m304[0m 120.336 ms - -[0m
[0mGET /api/vehicles [36m304[0m 121.996 ms - -[0m
[0mGET /api/parking-sessions [36m304[0m 150.958 ms - -[0m
[0mGET /api/parking-slots [36m304[0m 173.136 ms - -[0m
[0mGET /api/users?page=1&limit=100 [36m304[0m 26.448 ms - -[0m
[0mGET /api/users?page=2&limit=100 [36m304[0m 6.949 ms - -[0m
[0mGET /api/pricing-config [36m304[0m 5.916 ms - -[0m
[0mGET /api/notifications [36m304[0m 9.640 ms - -[0m
[0mGET /api/transactions [32m200[0m 18.041 ms - 36789[0m
[0mGET /api/shifts [36m304[0m 7.331 ms - -[0m
[0mGET /api/shift-schedules [36m304[0m 13.833 ms - -[0m
[0mGET /api/zones [36m304[0m 8.762 ms - -[0m
[0mGET /api/parking-slots [36m304[0m 29.514 ms - -[0m
[0mGET /api/subscriptions/plans [36m304[0m 5.643 ms - -[0m
[0mGET /api/subscriptions [36m304[0m 8.880 ms - -[0m
[0mGET /api/auth/me [33m401[0m 0.453 ms - 34[0m
[0mGET /api/public/pricing [32m200[0m 5.043 ms - 106[0m
[0mGET /api/public/subscription-plans [32m200[0m 3.998 ms - 825[0m
[0mGET /api/public/availability [32m200[0m 7.321 ms - 212[0m
[0mGET /api/public/pricing [36m304[0m 3.822 ms - -[0m
[0mGET /api/public/subscription-plans [36m304[0m 3.967 ms - -[0m
[0mGET /api/auth/me [33m401[0m 0.222 ms - 34[0m
[0mGET /api/auth/me [33m401[0m 0.581 ms - 34[0m
[0mGET /api/auth/me [33m401[0m 0.237 ms - 34[0m
[0mGET /api/public/pricing [36m304[0m 4.127 ms - -[0m
[0mGET /api/public/subscription-plans [36m304[0m 3.350 ms - -[0m
[0mGET /api/public/availability [36m304[0m 5.419 ms - -[0m
[0mGET /api/public/pricing [36m304[0m 3.538 ms - -[0m
[0mGET /api/public/subscription-plans [36m304[0m 3.700 ms - -[0m
[0mGET /api/auth/me [33m401[0m 0.292 ms - 34[0m
[0mGET /api/public/pricing [36m304[0m 2.949 ms - -[0m
[0mGET /api/public/subscription-plans [36m304[0m 3.361 ms - -[0m
[0mGET /api/public/availability [36m304[0m 4.791 ms - -[0m
[0mGET /api/public/pricing [36m304[0m 1.872 ms - -[0m
[0mGET /api/public/subscription-plans [36m304[0m 1.897 ms - -[0m
[0mGET /api/auth/me [33m401[0m 0.459 ms - 34[0m
[0mGET /api/public/pricing [36m304[0m 3.984 ms - -[0m
[0mGET /api/public/subscription-plans [36m304[0m 3.434 ms - -[0m
[0mGET /api/public/availability [36m304[0m 5.870 ms - -[0m
[0mGET /api/public/pricing [36m304[0m 3.655 ms - -[0m
[0mGET /api/public/subscription-plans [36m304[0m 3.710 ms - -[0m
[0mGET /api/auth/me [33m401[0m 0.239 ms - 34[0m
[0mGET /api/public/pricing [36m304[0m 2.436 ms - -[0m
[0mGET /api/public/subscription-plans [36m304[0m 2.197 ms - -[0m
[0mGET /api/public/availability [36m304[0m 4.470 ms - -[0m
[0mGET /api/public/pricing [36m304[0m 3.149 ms - -[0m
[0mGET /api/public/subscription-plans [36m304[0m 3.265 ms - -[0m
[0mGET /api/auth/me [33m401[0m 0.230 ms - 34[0m
[0mGET /api/public/pricing [36m304[0m 4.541 ms - -[0m
[0mGET /api/public/subscription-plans [36m304[0m 4.502 ms - -[0m
[0mGET /api/public/availability [36m304[0m 8.593 ms - -[0m
[0mGET /api/public/pricing [36m304[0m 4.779 ms - -[0m
[0mGET /api/public/subscription-plans [36m304[0m 3.640 ms - -[0m
[0mGET /api/auth/me [33m401[0m 0.249 ms - 34[0m
[0mGET /api/auth/me [33m401[0m 0.300 ms - 34[0m
[0mGET /api/public/pricing [36m304[0m 4.081 ms - -[0m
[0mGET /api/public/subscription-plans [36m304[0m 3.440 ms - -[0m
[0mGET /api/public/pricing [36m304[0m 1.446 ms - -[0m
[0mGET /api/public/availability [36m304[0m 6.061 ms - -[0m
[0mGET /api/public/subscription-plans [36m304[0m 3.241 ms - -[0m
[0mGET /api/auth/me [33m401[0m 0.198 ms - 34[0m
[0mGET /api/public/pricing [36m304[0m 2.312 ms - -[0m
[0mGET /api/public/subscription-plans [36m304[0m 2.306 ms - -[0m
[0mGET /api/public/availability [36m304[0m 4.898 ms - -[0m
[0mGET /api/public/pricing [36m304[0m 2.669 ms - -[0m
[0mGET /api/public/subscription-plans [36m304[0m 2.369 ms - -[0m
[0mGET /api/auth/me [33m401[0m 0.454 ms - 34[0m
[0mGET /api/public/pricing [36m304[0m 4.663 ms - -[0m
[0mGET /api/public/subscription-plans [36m304[0m 4.924 ms - -[0m
[0mGET /api/public/availability [36m304[0m 6.855 ms - -[0m
[0mGET /api/public/pricing [36m304[0m 3.320 ms - -[0m
[0mGET /api/public/subscription-plans [36m304[0m 3.544 ms - -[0m
[0mGET /api/auth/me [33m401[0m 0.319 ms - 34[0m
[0mGET /api/public/pricing [36m304[0m 9.947 ms - -[0m
[0mGET /api/public/subscription-plans [36m304[0m 9.793 ms - -[0m
[0mGET /api/public/availability [36m304[0m 12.181 ms - -[0m
[0mGET /api/public/pricing [36m304[0m 5.385 ms - -[0m
[0mGET /api/public/subscription-plans [36m304[0m 5.574 ms - -[0m
[0mGET /api/auth/me [33m401[0m 0.240 ms - 34[0m
[0mGET /api/public/pricing [36m304[0m 3.016 ms - -[0m
[0mGET /api/public/subscription-plans [36m304[0m 3.173 ms - -[0m
[0mGET /api/public/availability [36m304[0m 5.190 ms - -[0m
[0mGET /api/public/pricing [36m304[0m 2.340 ms - -[0m
[0mGET /api/public/subscription-plans [36m304[0m 2.900 ms - -[0m
[0mGET /api/auth/me [33m401[0m 0.428 ms - 34[0m
[0mGET /api/public/pricing [36m304[0m 2.777 ms - -[0m
[0mGET /api/public/subscription-plans [36m304[0m 2.901 ms - -[0m
[0mGET /api/public/availability [36m304[0m 5.848 ms - -[0m
[0mGET /api/public/pricing [36m304[0m 3.301 ms - -[0m
[0mGET /api/public/subscription-plans [36m304[0m 2.799 ms - -[0m
[0mGET /api/auth/me [33m401[0m 0.407 ms - 34[0m
[0mGET /api/auth/me [33m401[0m 0.389 ms - 34[0m
[0mGET /api/public/pricing [36m304[0m 5.129 ms - -[0m
[0mGET /api/public/subscription-plans [36m304[0m 5.478 ms - -[0m
[0mGET /api/public/availability [36m304[0m 9.206 ms - -[0m
[0mGET /api/public/pricing [36m304[0m 4.194 ms - -[0m
[0mGET /api/public/subscription-plans [36m304[0m 4.268 ms - -[0m
[0mGET /api/auth/me [33m401[0m 0.226 ms - 34[0m
[0mGET /api/public/pricing [36m304[0m 3.805 ms - -[0m
[0mGET /api/public/subscription-plans [36m304[0m 3.306 ms - -[0m
[0mGET /api/public/availability [36m304[0m 6.127 ms - -[0m
[0mGET /api/public/pricing [36m304[0m 3.742 ms - -[0m
[0mGET /api/public/subscription-plans [36m304[0m 3.713 ms - -[0m
[0mGET /api/auth/me [33m401[0m 0.220 ms - 34[0m
[0mGET /api/public/pricing [36m304[0m 3.494 ms - -[0m
[0mGET /api/public/subscription-plans [36m304[0m 3.604 ms - -[0m
[0mGET /api/public/availability [36m304[0m 6.445 ms - -[0m
[0mGET /api/public/pricing [36m304[0m 3.229 ms - -[0m
[0mGET /api/public/subscription-plans [36m304[0m 4.402 ms - -[0m
[0mGET /api/auth/me [33m401[0m 0.420 ms - 34[0m
[0mGET /api/public/pricing [36m304[0m 3.681 ms - -[0m
[0mGET /api/public/subscription-plans [36m304[0m 3.002 ms - -[0m
[0mGET /api/public/pricing [36m304[0m 2.681 ms - -[0m
[0mGET /api/public/availability [36m304[0m 6.495 ms - -[0m
[0mGET /api/public/subscription-plans [36m304[0m 3.509 ms - -[0m
[0mGET /api/auth/me [33m401[0m 0.361 ms - 34[0m
[0mGET /api/public/pricing [36m304[0m 5.143 ms - -[0m
[0mGET /api/public/subscription-plans [36m304[0m 5.048 ms - -[0m
[0mGET /api/public/availability [36m304[0m 9.918 ms - -[0m
[0mGET /api/public/pricing [36m304[0m 4.056 ms - -[0m
[0mGET /api/public/subscription-plans [36m304[0m 4.436 ms - -[0m
[0mGET /api/auth/me [33m401[0m 0.238 ms - 34[0m
[0mGET /api/public/pricing [36m304[0m 5.965 ms - -[0m
[0mGET /api/public/subscription-plans [36m304[0m 5.852 ms - -[0m
[0mGET /api/public/availability [36m304[0m 9.776 ms - -[0m
[0mGET /api/public/pricing [36m304[0m 4.877 ms - -[0m
[0mGET /api/public/subscription-plans [36m304[0m 4.859 ms - -[0m
[0mGET /api/auth/me [33m401[0m 0.419 ms - 34[0m
[0mGET /api/public/pricing [36m304[0m 8.194 ms - -[0m
[0mGET /api/public/subscription-plans [36m304[0m 8.990 ms - -[0m
[0mGET /api/public/availability [36m304[0m 10.493 ms - -[0m
[0mGET /api/public/pricing [36m304[0m 5.799 ms - -[0m
[0mGET /api/public/subscription-plans [36m304[0m 7.309 ms - -[0m
[Mail] Sent email to le492381@gmail.com: [iPARK] Nhắc nhở: Xe 18A12345 vẫn đang trong bãi
[Scheduler] Subscription job error: ValidationError: ParkingSession validation failed: vehicleType: Path `vehicleType` is required.
    at model.validate (E:\AI-Integrated-Car-Parking-Management-System-iPARK-\backend\node_modules\mongoose\lib\document.js:2864:36)
    at process.processTicksAndRejections (node:internal/process/task_queues:105:5)
    at async model.$__save (E:\AI-Integrated-Car-Parking-Management-System-iPARK-\backend\node_modules\mongoose\lib\model.js:398:7)
    at async maybeTracedSave (E:\AI-Integrated-Car-Parking-Management-System-iPARK-\backend\node_modules\mongoose\lib\model.js:674:7)
    at async sendPrepaidReminders (E:\AI-Integrated-Car-Parking-Management-System-iPARK-\backend\src\services\reminder.service.ts:164:5)
    at async R.Cron.protect (E:\AI-Integrated-Car-Parking-Management-System-iPARK-\backend\src\services\scheduler.service.ts:42:28)
    at async R._trigger (file:///E:/AI-Integrated-Car-Parking-Management-System-iPARK-/node_modules/croner/dist/croner.js:1:16204) {
  errors: {
    vehicleType: ValidatorError: Path `vehicleType` is required.
        at SchemaString.doValidate (E:\AI-Integrated-Car-Parking-Management-System-iPARK-\backend\node_modules\mongoose\lib\schemaType.js:1515:13)
        at model.validate (E:\AI-Integrated-Car-Parking-Management-System-iPARK-\backend\node_modules\mongoose\lib\document.js:2842:20)
        at process.processTicksAndRejections (node:internal/process/task_queues:105:5)
        at async model.$__save (E:\AI-Integrated-Car-Parking-Management-System-iPARK-\backend\node_modules\mongoose\lib\model.js:398:7)
        at async maybeTracedSave (E:\AI-Integrated-Car-Parking-Management-System-iPARK-\backend\node_modules\mongoose\lib\model.js:674:7)
        at async sendPrepaidReminders (E:\AI-Integrated-Car-Parking-Management-System-iPARK-\backend\src\services\reminder.service.ts:164:5)
        at async R.Cron.protect (E:\AI-Integrated-Car-Parking-Management-System-iPARK-\backend\src\services\scheduler.service.ts:42:28)
        at async R._trigger (file:///E:/AI-Integrated-Car-Parking-Management-System-iPARK-/node_modules/croner/dist/croner.js:1:16204) {
      properties: [Object],
      kind: 'required',
      path: 'vehicleType',
      value: undefined,
      reason: undefined,
      [Symbol(mongoose#validatorError)]: true
    }
  },
  _message: 'ParkingSession validation failed'
}
[0mGET /api/auth/me [33m401[0m 0.268 ms - 34[0m
[0mPOST /api/auth/login [33m401[0m 2.616 ms - 54[0m
[0mGET /api/auth/me [33m401[0m 0.336 ms - 34[0m
[0mGET /api/auth/me [33m401[0m 0.323 ms - 34[0m
[0mGET /api/public/pricing [32m200[0m 2.071 ms - 106[0m
[0mGET /api/public/subscription-plans [32m200[0m 3.280 ms - 825[0m
[0mGET /api/public/pricing [36m304[0m 2.140 ms - -[0m
[0mGET /api/public/availability [32m200[0m 4.790 ms - 212[0m
[0mGET /api/public/subscription-plans [36m304[0m 2.189 ms - -[0m
[0mGET /api/auth/me [33m401[0m 0.300 ms - 34[0m
[0mGET /api/public/pricing [36m304[0m 2.372 ms - -[0m
[0mGET /api/public/subscription-plans [36m304[0m 2.417 ms - -[0m
[0mGET /api/public/availability [36m304[0m 4.309 ms - -[0m
[0mGET /api/public/pricing [36m304[0m 2.682 ms - -[0m
[0mGET /api/public/subscription-plans [36m304[0m 2.934 ms - -[0m
[0mGET /api/auth/me [33m401[0m 0.213 ms - 34[0m
[Error] Illegal arguments: string, undefined Error: Illegal arguments: string, undefined
    at _async (file:///E:/AI-Integrated-Car-Parking-Management-System-iPARK-/backend/node_modules/bcryptjs/index.js:252:11)
    at file:///E:/AI-Integrated-Car-Parking-Management-System-iPARK-/backend/node_modules/bcryptjs/index.js:280:7
    at new Promise (<anonymous>)
    at Object.compare (file:///E:/AI-Integrated-Car-Parking-Management-System-iPARK-/backend/node_modules/bcryptjs/index.js:279:12)
    at login (E:\AI-Integrated-Car-Parking-Management-System-iPARK-\backend\src\controllers\auth.controller.ts:314:30)
    at process.processTicksAndRejections (node:internal/process/task_queues:105:5)
[0mPOST /api/auth/login [31m500[0m 5.270 ms - 50[0m
[0mGET /api/auth/me [33m401[0m 0.210 ms - 34[0m
[0mPOST /api/auth/login [32m200[0m 238.367 ms - 288[0m
[0mGET /api/auth/me [33m401[0m 0.259 ms - 34[0m
[0mGET /api/public/pricing [32m200[0m 14.692 ms - 106[0m
[0mGET /api/public/subscription-plans [32m200[0m 13.985 ms - 825[0m
[0mGET /api/public/availability [32m200[0m 16.852 ms - 212[0m
[0mGET /api/public/pricing [36m304[0m 1.758 ms - -[0m
[0mGET /api/public/subscription-plans [36m304[0m 1.230 ms - -[0m
[0mGET /api/auth/me [33m401[0m 0.242 ms - 34[0m
[0mGET /api/public/pricing [36m304[0m 4.693 ms - -[0m
[0mGET /api/public/subscription-plans [36m304[0m 4.730 ms - -[0m
[0mGET /api/public/availability [36m304[0m 7.494 ms - -[0m
[0mGET /api/public/pricing [36m304[0m 3.662 ms - -[0m
[0mGET /api/public/subscription-plans [36m304[0m 3.312 ms - -[0m
[0mGET /api/auth/me [33m401[0m 0.224 ms - 34[0m
[0mGET /api/auth/me [33m401[0m 0.406 ms - 34[0m
[0mPOST /api/auth/login [32m200[0m 290.637 ms - 332[0m
[0mGET /api/auth/me [32m200[0m 4.797 ms - 332[0m
[0mGET /api/parking-sessions [32m200[0m 7.959 ms - 15[0m
[0mGET /api/vehicles [32m200[0m 7.423 ms - 15[0m
[0mGET /api/parking-slots [32m200[0m 27.397 ms - 72055[0m
[0mGET /api/pricing-config [32m200[0m 8.067 ms - 261[0m
[0mGET /api/notifications [32m200[0m 14.011 ms - 251[0m
[0mGET /api/transactions [32m200[0m 24.887 ms - 125[0m
[0mGET /api/subscriptions/plans [32m200[0m 4.450 ms - 825[0m
[0mGET /api/subscriptions/my [32m200[0m 4.607 ms - 20[0m
[0mGET /api/staff-applications/me [32m200[0m 9.694 ms - 20[0m
[0mGET /api/staff-applications/me [36m304[0m 4.134 ms - -[0m
[0mGET /api/auth/me [36m304[0m 5.721 ms - -[0m
[0mGET /api/staff-applications/me [36m304[0m 7.672 ms - -[0m
[0mGET /api/parking-sessions [36m304[0m 9.834 ms - -[0m
[0mGET /api/vehicles [36m304[0m 12.829 ms - -[0m
[0mGET /api/staff-applications/me [36m304[0m 7.818 ms - -[0m
[0mGET /api/pricing-config [36m304[0m 13.985 ms - -[0m
[0mGET /api/parking-slots [36m304[0m 32.901 ms - -[0m
[0mGET /api/notifications [36m304[0m 7.612 ms - -[0m
[0mGET /api/transactions [32m200[0m 10.358 ms - 125[0m
[0mGET /api/subscriptions/plans [36m304[0m 3.891 ms - -[0m
[0mGET /api/subscriptions/my [36m304[0m 3.804 ms - -[0m
[0mGET /api/auth/me [36m304[0m 10.447 ms - -[0m
[0mGET /api/parking-sessions [36m304[0m 16.877 ms - -[0m
[0mGET /api/vehicle-requests?status=all [32m200[0m 22.049 ms - 15[0m
[0mGET /api/vehicles [36m304[0m 20.284 ms - -[0m
[0mGET /api/vehicle-requests?status=all [36m304[0m 8.672 ms - -[0m
[0mGET /api/parking-slots [36m304[0m 49.757 ms - -[0m
[0mGET /api/pricing-config [36m304[0m 11.382 ms - -[0m
[0mGET /api/notifications [36m304[0m 10.165 ms - -[0m
[0mGET /api/transactions [32m200[0m 16.639 ms - 125[0m
[0mGET /api/subscriptions/plans [36m304[0m 8.635 ms - -[0m
[0mGET /api/subscriptions/my [36m304[0m 8.913 ms - -[0m
[0mGET /api/auth/me [36m304[0m 4.892 ms - -[0m
[0mGET /api/parking-sessions [36m304[0m 6.312 ms - -[0m
[0mGET /api/vehicles [36m304[0m 8.996 ms - -[0m
[0mGET /api/pricing-config [36m304[0m 14.265 ms - -[0m
[0mGET /api/parking-slots [36m304[0m 31.787 ms - -[0m
[0mGET /api/notifications [36m304[0m 10.327 ms - -[0m
[0mGET /api/transactions [32m200[0m 16.582 ms - 125[0m
[0mGET /api/subscriptions/plans [36m304[0m 11.715 ms - -[0m
[0mGET /api/subscriptions/my [36m304[0m 11.992 ms - -[0m
[0mGET /api/auth/me [36m304[0m 7.405 ms - -[0m
[0mGET /api/parking-sessions [36m304[0m 8.056 ms - -[0m
[0mGET /api/vehicles [36m304[0m 10.750 ms - -[0m
[0mGET /api/pricing-config [36m304[0m 10.690 ms - -[0m
[0mGET /api/parking-slots [36m304[0m 28.524 ms - -[0m
[0mGET /api/notifications [36m304[0m 5.896 ms - -[0m
[0mGET /api/transactions [32m200[0m 10.046 ms - 125[0m
[0mGET /api/subscriptions/plans [36m304[0m 5.007 ms - -[0m
[0mGET /api/subscriptions/my [36m304[0m 4.880 ms - -[0m
[0mGET /api/staff-applications/me [36m304[0m 3.264 ms - -[0m
[0mGET /api/staff-applications/me [36m304[0m 4.694 ms - -[0m
[0mGET /api/auth/me [36m304[0m 3.749 ms - -[0m
[0mGET /api/parking-sessions [36m304[0m 7.089 ms - -[0m
[0mGET /api/vehicles [36m304[0m 8.409 ms - -[0m
[0mGET /api/pricing-config [36m304[0m 11.919 ms - -[0m
[0mGET /api/parking-slots [36m304[0m 31.431 ms - -[0m
[0mGET /api/notifications [36m304[0m 8.230 ms - -[0m
[0mGET /api/transactions [32m200[0m 13.505 ms - 125[0m
[0mGET /api/subscriptions/plans [36m304[0m 7.894 ms - -[0m
[0mGET /api/subscriptions/my [36m304[0m 8.263 ms - -[0m
[0mGET /api/auth/me [33m401[0m 0.337 ms - 34[0m
[0mPOST /api/auth/login [32m200[0m 426.248 ms - 415[0m
[0mGET /api/auth/me [32m200[0m 6.373 ms - 415[0m
[0mGET /api/parking-sessions [32m200[0m 347.989 ms - 179328[0m
[0mGET /api/dashboard/overview?range=today [32m200[0m 229.103 ms - 9255[0m
[0mGET /api/vehicles [32m200[0m 367.378 ms - 5715[0m
[0mGET /api/dashboard/staff-overview [32m200[0m 334.887 ms - 276[0m
[0mGET /api/parking-slots [32m200[0m 398.998 ms - 72055[0m
[0mGET /api/users?page=1&limit=100 [32m200[0m 27.654 ms - 32909[0m
[0mGET /api/users?page=2&limit=100 [32m200[0m 10.278 ms - 2012[0m
[0mGET /api/pricing-config [32m200[0m 7.055 ms - 261[0m
[0mGET /api/notifications [32m200[0m 16.484 ms - 1774[0m
[0mGET /api/transactions [32m200[0m 41.323 ms - 36219[0m
[0mGET /api/shifts [32m200[0m 10.562 ms - 13[0m
[0mGET /api/shift-schedules/my [32m200[0m 16.605 ms - 7393[0m
[0mGET /api/zones [32m200[0m 11.075 ms - 373[0m
[0mGET /api/parking-slots [36m304[0m 37.202 ms - -[0m
[0mGET /api/subscriptions/plans [32m200[0m 8.343 ms - 825[0m
[0mGET /api/subscriptions [32m200[0m 12.313 ms - 1462[0m
[0mGET /api/auth/me [36m304[0m 6.776 ms - -[0m
[0mGET /api/shift-schedules/my/current [32m200[0m 52.339 ms - 32[0m
[0mGET /api/vehicles [36m304[0m 279.554 ms - -[0m
[0mGET /api/parking-sessions [36m304[0m 343.122 ms - -[0m
[0mGET /api/shift-schedules/my/current [36m304[0m 179.120 ms - -[0m
[0mGET /api/parking-slots [36m304[0m 381.916 ms - -[0m
[0mGET /api/users?page=1&limit=100 [36m304[0m 24.194 ms - -[0m
[0mGET /api/users?page=2&limit=100 [36m304[0m 8.605 ms - -[0m
[0mGET /api/pricing-config [36m304[0m 6.814 ms - -[0m
[0mGET /api/notifications [36m304[0m 24.530 ms - -[0m
[0mGET /api/transactions [32m200[0m 44.551 ms - 36219[0m
[0mGET /api/shifts [36m304[0m 7.412 ms - -[0m
[0mGET /api/shift-schedules/my [36m304[0m 30.934 ms - -[0m
[0mGET /api/zones [36m304[0m 22.134 ms - -[0m
[0mGET /api/parking-slots [36m304[0m 39.310 ms - -[0m
[0mGET /api/subscriptions/plans [36m304[0m 8.224 ms - -[0m
[0mGET /api/subscriptions [36m304[0m 21.529 ms - -[0m
[0mGET /api/auth/me [36m304[0m 7.659 ms - -[0m
[0mGET /api/dashboard/overview?range=today [36m304[0m 103.253 ms - -[0m
[0mGET /api/vehicles [36m304[0m 113.945 ms - -[0m
[0mGET /api/dashboard/staff-overview [36m304[0m 111.111 ms - -[0m
[0mGET /api/parking-sessions [32m200[0m 138.061 ms - 179328[0m
[0mGET /api/parking-slots [36m304[0m 151.381 ms - -[0m
[0mGET /api/users?page=1&limit=100 [36m304[0m 12.603 ms - -[0m
[0mGET /api/users?page=2&limit=100 [36m304[0m 6.734 ms - -[0m
[0mGET /api/pricing-config [36m304[0m 5.391 ms - -[0m
[0mGET /api/notifications [36m304[0m 13.373 ms - -[0m
[0mGET /api/transactions [32m200[0m 32.698 ms - 36219[0m
[0mGET /api/shifts [36m304[0m 4.376 ms - -[0m
[0mGET /api/shift-schedules/my [36m304[0m 9.686 ms - -[0m
[0mGET /api/zones [36m304[0m 8.176 ms - -[0m
[0mGET /api/parking-slots [36m304[0m 22.007 ms - -[0m
[0mGET /api/subscriptions/plans [36m304[0m 4.215 ms - -[0m
[0mGET /api/subscriptions [36m304[0m 6.137 ms - -[0m
[0mGET /api/auth/me [36m304[0m 5.950 ms - -[0m
[0mGET /api/camera-logs/logs?limit=100 [32m200[0m 36.674 ms - 39457[0m
[0mGET /api/vehicles [36m304[0m 51.580 ms - -[0m
[0mGET /api/camera-logs/logs?limit=100 [36m304[0m 31.047 ms - -[0m
[0mGET /api/parking-slots [36m304[0m 360.999 ms - -[0m
[0mGET /api/parking-sessions [36m304[0m 413.572 ms - -[0m
[0mGET /api/users?page=1&limit=100 [36m304[0m 13.516 ms - -[0m
[0mGET /api/users?page=2&limit=100 [36m304[0m 15.758 ms - -[0m
[0mGET /api/dashboard/overview?range=today [36m304[0m 22.549 ms - -[0m
[0mGET /api/dashboard/staff-overview [36m304[0m 25.289 ms - -[0m
[0mGET /api/pricing-config [36m304[0m 6.146 ms - -[0m
[0mGET /api/notifications [36m304[0m 10.347 ms - -[0m
[0mGET /api/transactions [32m200[0m 22.647 ms - 36219[0m
[0mGET /api/shifts [36m304[0m 3.350 ms - -[0m
[0mGET /api/shift-schedules/my [36m304[0m 6.781 ms - -[0m
[0mGET /api/zones [36m304[0m 6.134 ms - -[0m
[0mGET /api/parking-slots [36m304[0m 17.729 ms - -[0m
[0mGET /api/subscriptions/plans [36m304[0m 3.698 ms - -[0m
[0mGET /api/subscriptions [36m304[0m 5.180 ms - -[0m
[0mGET /api/auth/me [36m304[0m 6.059 ms - -[0m
[0mGET /api/rfid [32m200[0m 291.003 ms - 2210[0m
[0mGET /api/vehicles [36m304[0m 304.530 ms - -[0m
[0mGET /api/parking-sessions [32m200[0m 347.912 ms - 179328[0m
[0mGET /api/rfid [36m304[0m 80.809 ms - -[0m
[0mGET /api/parking-slots [36m304[0m 386.226 ms - -[0m
[0mGET /api/users?page=1&limit=100 [36m304[0m 18.192 ms - -[0m
[0mGET /api/users?page=2&limit=100 [36m304[0m 6.714 ms - -[0m
[0mGET /api/pricing-config [36m304[0m 44.758 ms - -[0m
[0mGET /api/notifications [36m304[0m 51.839 ms - -[0m
[0mGET /api/transactions [32m200[0m 72.285 ms - 36219[0m
[0mGET /api/shifts [36m304[0m 6.243 ms - -[0m
[0mGET /api/shift-schedules/my [36m304[0m 13.523 ms - -[0m
[0mGET /api/zones [36m304[0m 9.005 ms - -[0m
[0mGET /api/parking-slots [36m304[0m 29.705 ms - -[0m
[0mGET /api/subscriptions/plans [36m304[0m 4.654 ms - -[0m
[0mGET /api/subscriptions [36m304[0m 7.063 ms - -[0m
[0mGET /api/auth/me [36m304[0m 4.146 ms - -[0m
[0mGET /api/vehicles [36m304[0m 145.417 ms - -[0m
[0mGET /api/parking-sessions [32m200[0m 227.154 ms - 179328[0m
[0mGET /api/parking-slots [36m304[0m 259.025 ms - -[0m
[0mGET /api/users?page=1&limit=100 [36m304[0m 25.908 ms - -[0m
[0mGET /api/users?page=2&limit=100 [36m304[0m 11.977 ms - -[0m
[0mGET /api/pricing-config [36m304[0m 8.985 ms - -[0m
[0mGET /api/notifications [36m304[0m 16.820 ms - -[0m
[0mGET /api/transactions [32m200[0m 44.769 ms - 36219[0m
[0mGET /api/shifts [36m304[0m 13.252 ms - -[0m
[0mGET /api/shift-schedules/my [36m304[0m 19.389 ms - -[0m
[0mGET /api/zones [36m304[0m 15.601 ms - -[0m
[0mGET /api/parking-slots [36m304[0m 50.219 ms - -[0m
[0mGET /api/subscriptions/plans [36m304[0m 10.743 ms - -[0m
[0mGET /api/subscriptions [36m304[0m 14.042 ms - -[0m
[0mGET /api/auth/me [36m304[0m 6.276 ms - -[0m
[0mGET /api/disputes [32m200[0m 21.580 ms - 1050[0m
[0mGET /api/vehicles [36m304[0m 47.159 ms - -[0m
[0mGET /api/parking-sessions [32m200[0m 365.001 ms - 179328[0m
[0mGET /api/disputes [36m304[0m 322.143 ms - -[0m
[0mGET /api/parking-slots [36m304[0m 393.762 ms - -[0m
[0mGET /api/users?page=1&limit=100 [36m304[0m 18.929 ms - -[0m
[0mGET /api/users?page=2&limit=100 [36m304[0m 10.213 ms - -[0m
[0mGET /api/pricing-config [36m304[0m 26.219 ms - -[0m
[0mGET /api/notifications [36m304[0m 11.023 ms - -[0m
[0mGET /api/transactions [32m200[0m 57.091 ms - 36219[0m
[0mGET /api/shifts [36m304[0m 9.131 ms - -[0m
[0mGET /api/shift-schedules/my [36m304[0m 12.993 ms - -[0m
[0mGET /api/zones [36m304[0m 16.874 ms - -[0m
[0mGET /api/parking-slots [36m304[0m 40.710 ms - -[0m
[0mGET /api/subscriptions/plans [36m304[0m 7.505 ms - -[0m
[0mGET /api/subscriptions [36m304[0m 20.080 ms - -[0m
[0mGET /api/auth/me [33m401[0m 0.780 ms - 34[0m
[0mPOST /api/auth/login [32m200[0m 467.226 ms - 341[0m
[0mGET /api/auth/me [32m200[0m 20.482 ms - 341[0m
[0mGET /api/zones [32m200[0m 55.756 ms - 373[0m
[0mGET /api/dashboard/overview [32m200[0m 119.568 ms - 9255[0m
[0mGET /api/reports/summary?from=2026-09-18&to=2026-09-18 [32m200[0m 147.098 ms - 209[0m
[0mGET /api/vehicles [32m200[0m 153.710 ms - 5715[0m
[0mGET /api/dashboard/overview?range=7d [32m200[0m 69.030 ms - 9275[0m
[0mGET /api/parking-sessions [32m200[0m 215.190 ms - 179328[0m
[0mGET /api/zones [36m304[0m 62.097 ms - -[0m
[0mGET /api/dashboard/overview [36m304[0m 59.036 ms - -[0m
[0mGET /api/parking-slots [32m200[0m 222.931 ms - 72055[0m
[0mGET /api/parking-sessions [36m304[0m 119.651 ms - -[0m
[0mGET /api/parking-slots [36m304[0m 145.033 ms - -[0m
[0mGET /api/users?page=1&limit=100 [32m200[0m 106.920 ms - 33103[0m
[0mGET /api/parking-sessions [36m304[0m 134.842 ms - -[0m
[0mGET /api/users?page=2&limit=100 [32m200[0m 5.374 ms - 3723[0m
[0mGET /api/parking-slots [36m304[0m 64.410 ms - -[0m
[0mGET /api/pricing-config [32m200[0m 6.220 ms - 261[0m
[0mGET /api/notifications [32m200[0m 7.114 ms - 10710[0m
[0mGET /api/transactions [32m200[0m 15.079 ms - 36789[0m
[0mGET /api/shifts [32m200[0m 3.299 ms - 13[0m
[0mGET /api/shift-schedules [32m200[0m 8.516 ms - 23951[0m
[0mGET /api/zones [36m304[0m 4.900 ms - -[0m
[0mGET /api/parking-slots [36m304[0m 17.838 ms - -[0m
[0mGET /api/subscriptions/plans [32m200[0m 3.499 ms - 1261[0m
[0mGET /api/subscriptions [32m200[0m 6.642 ms - 1944[0m
[0mGET /api/auth/me [36m304[0m 4.451 ms - -[0m
[0mGET /api/dashboard/overview [36m304[0m 84.722 ms - -[0m
[0mGET /api/zones [36m304[0m 91.412 ms - -[0m
[0mGET /api/parking-sessions [32m200[0m 112.198 ms - 179328[0m
[0mGET /api/reports/summary?from=2026-09-18&to=2026-09-18 [36m304[0m 106.961 ms - -[0m
[0mGET /api/vehicles [36m304[0m 113.011 ms - -[0m
[0mGET /api/dashboard/overview?range=7d [36m304[0m 48.897 ms - -[0m
[0mGET /api/dashboard/overview [36m304[0m 54.289 ms - -[0m
[0mGET /api/parking-slots [36m304[0m 190.252 ms - -[0m
[0mGET /api/zones [36m304[0m 75.941 ms - -[0m
[0mGET /api/parking-sessions [36m304[0m 335.638 ms - -[0m
[0mGET /api/users?page=1&limit=100 [36m304[0m 14.508 ms - -[0m
[0mGET /api/parking-sessions [36m304[0m 324.351 ms - -[0m
[0mGET /api/users?page=2&limit=100 [36m304[0m 268.517 ms - -[0m
[0mGET /api/parking-slots [36m304[0m 513.357 ms - -[0m
[0mGET /api/pricing-config [36m304[0m 6.353 ms - -[0m
[0mGET /api/parking-slots [36m304[0m 33.536 ms - -[0m
[0mGET /api/notifications [36m304[0m 23.699 ms - -[0m
[0mGET /api/transactions [32m200[0m 37.273 ms - 36789[0m
[0mGET /api/shifts [36m304[0m 7.987 ms - -[0m
[0mGET /api/shift-schedules [36m304[0m 16.539 ms - -[0m
[0mGET /api/zones [36m304[0m 10.247 ms - -[0m
[0mGET /api/parking-slots [36m304[0m 31.762 ms - -[0m
[0mGET /api/subscriptions/plans [36m304[0m 6.284 ms - -[0m
[0mGET /api/subscriptions [36m304[0m 11.251 ms - -[0m
[0mGET /api/auth/me [36m304[0m 8.068 ms - -[0m
[0mGET /api/reports/summary?from=2026-09-18&to=2026-09-18 [36m304[0m 258.257 ms - -[0m
[0mGET /api/vehicles [36m304[0m 269.720 ms - -[0m
[0mGET /api/parking-sessions [32m200[0m 295.069 ms - 179328[0m
[0mGET /api/parking-slots [36m304[0m 306.887 ms - -[0m
[0mGET /api/users?page=1&limit=100 [36m304[0m 9.729 ms - -[0m
[0mGET /api/users?page=2&limit=100 [36m304[0m 5.504 ms - -[0m
[0mGET /api/pricing-config [36m304[0m 5.013 ms - -[0m
[0mGET /api/notifications [36m304[0m 12.357 ms - -[0m
[0mGET /api/transactions [32m200[0m 21.585 ms - 36789[0m
[0mGET /api/shifts [36m304[0m 3.817 ms - -[0m
[0mGET /api/shift-schedules [36m304[0m 10.835 ms - -[0m
[0mGET /api/zones [36m304[0m 6.175 ms - -[0m
[0mGET /api/parking-slots [36m304[0m 17.603 ms - -[0m
[0mGET /api/subscriptions/plans [36m304[0m 6.601 ms - -[0m
[0mGET /api/subscriptions [36m304[0m 10.463 ms - -[0m
[0mGET /api/auth/me [36m304[0m 11.090 ms - -[0m
[0mGET /api/vehicle-requests?status=all [32m200[0m 49.363 ms - 24496[0m
[0mGET /api/reports/summary?from=2026-09-18&to=2026-09-18 [36m304[0m 193.012 ms - -[0m
[0mGET /api/vehicles [36m304[0m 213.282 ms - -[0m
[0mGET /api/parking-sessions [36m304[0m 314.090 ms - -[0m
[0mGET /api/vehicle-requests?status=all [36m304[0m 128.207 ms - -[0m
[0mGET /api/parking-slots [36m304[0m 322.789 ms - -[0m
[0mGET /api/users?page=1&limit=100 [36m304[0m 11.129 ms - -[0m
[0mGET /uploads/vehicles/vehicle_1789490300274_o9qgbq.jpg [32m200[0m 6.348 ms - 178318[0m
[0mGET /uploads/vehicles/vehicle_1789220733690_60ili1.jpg [32m200[0m 5.103 ms - 150574[0m
[0mGET /uploads/vehicles/vehicle_1787216413243_3ari82.webp [32m200[0m 3.095 ms - 100194[0m
[0mGET /uploads/vehicles/vehicle_1788203732642_fvztqm.webp [32m200[0m 4.675 ms - 173864[0m
[0mGET /uploads/vehicles/vehicle_1789189308468_pmkbvs.png [32m200[0m 5.015 ms - 848186[0m
[0mGET /api/users?page=2&limit=100 [36m304[0m 9.525 ms - -[0m
[0mGET /api/pricing-config [36m304[0m 4.527 ms - -[0m
[0mGET /api/notifications [36m304[0m 8.341 ms - -[0m
[0mGET /api/transactions [32m200[0m 18.118 ms - 36789[0m
[0mGET /api/shifts [36m304[0m 4.668 ms - -[0m
[0mGET /api/shift-schedules [36m304[0m 9.297 ms - -[0m
[0mGET /api/zones [36m304[0m 8.354 ms - -[0m
[0mGET /api/parking-slots [36m304[0m 22.763 ms - -[0m
[0mGET /api/subscriptions/plans [36m304[0m 4.911 ms - -[0m
[0mGET /api/subscriptions [36m304[0m 8.748 ms - -[0m
[0mGET /api/auth/me [36m304[0m 13.124 ms - -[0m
[0mGET /api/reports/summary?from=2026-09-18&to=2026-09-18 [36m304[0m 157.676 ms - -[0m
[0mGET /api/vehicles [36m304[0m 264.592 ms - -[0m
[0mGET /api/parking-sessions [36m304[0m 337.645 ms - -[0m
[0mGET /api/parking-slots [36m304[0m 355.490 ms - -[0m
[0mGET /api/users?page=1&limit=100 [36m304[0m 15.663 ms - -[0m
[0mGET /api/users?page=2&limit=100 [36m304[0m 6.844 ms - -[0m
[0mGET /api/pricing-config [36m304[0m 5.774 ms - -[0m
[0mGET /api/notifications [36m304[0m 12.956 ms - -[0m
[0mGET /api/transactions [32m200[0m 28.027 ms - 36789[0m
[0mGET /api/shifts [36m304[0m 5.458 ms - -[0m
[0mGET /api/shift-schedules [36m304[0m 10.859 ms - -[0m
[0mGET /api/zones [36m304[0m 5.951 ms - -[0m
[0mGET /api/parking-slots [36m304[0m 18.312 ms - -[0m
[0mGET /api/subscriptions/plans [36m304[0m 5.391 ms - -[0m
[0mGET /api/subscriptions [36m304[0m 9.866 ms - -[0m
[0mGET /api/auth/me [36m304[0m 5.703 ms - -[0m
[0mGET /api/reports/summary?from=2026-09-18&to=2026-09-18 [36m304[0m 134.858 ms - -[0m
[0mGET /api/vehicles [36m304[0m 206.099 ms - -[0m
[0mGET /api/parking-sessions [36m304[0m 281.241 ms - -[0m
[0mGET /api/users?page=1&limit=100 [36m304[0m 49.820 ms - -[0m
[0mGET /api/parking-slots [36m304[0m 345.303 ms - -[0m
[0mGET /api/users?page=2&limit=100 [36m304[0m 4.494 ms - -[0m
[0mGET /api/capacity-config [32m200[0m 4.799 ms - 341[0m
[0mGET /api/capacity-config [36m304[0m 4.869 ms - -[0m
[0mGET /api/pricing-config [36m304[0m 4.359 ms - -[0m
[0mGET /api/notifications [36m304[0m 7.570 ms - -[0m
[0mGET /api/transactions [32m200[0m 15.400 ms - 36789[0m
[0mGET /api/shifts [36m304[0m 4.932 ms - -[0m
[0mGET /api/shift-schedules [36m304[0m 9.528 ms - -[0m
[0mGET /api/zones [36m304[0m 5.456 ms - -[0m
[0mGET /api/parking-slots [36m304[0m 16.523 ms - -[0m
[0mGET /api/subscriptions/plans [36m304[0m 3.741 ms - -[0m
[0mGET /api/subscriptions [36m304[0m 6.675 ms - -[0m
[0mGET /api/auth/me [36m304[0m 4.440 ms - -[0m
[0mGET /api/reports/summary?from=2026-09-18&to=2026-09-18 [36m304[0m 48.689 ms - -[0m
[0mGET /api/vehicles [36m304[0m 53.576 ms - -[0m
[0mGET /api/parking-sessions [36m304[0m 355.239 ms - -[0m
[0mGET /api/parking-slots [36m304[0m 379.972 ms - -[0m
[0mGET /api/users?page=1&limit=100 [36m304[0m 15.757 ms - -[0m
[0mGET /api/users?page=2&limit=100 [36m304[0m 7.867 ms - -[0m
[0mGET /api/pricing-config [36m304[0m 7.477 ms - -[0m
[0mGET /api/notifications [36m304[0m 14.176 ms - -[0m
[0mGET /api/transactions [32m200[0m 30.418 ms - 36789[0m
[0mGET /api/shifts [36m304[0m 7.762 ms - -[0m
[0mGET /api/shift-schedules [36m304[0m 16.972 ms - -[0m
[0mGET /api/zones [36m304[0m 9.248 ms - -[0m
[0mGET /api/parking-slots [36m304[0m 32.521 ms - -[0m
[0mGET /api/subscriptions/plans [36m304[0m 9.971 ms - -[0m
[0mGET /api/subscriptions [36m304[0m 19.009 ms - -[0m
[0mGET /api/auth/me [36m304[0m 9.617 ms - -[0m
[0mGET /api/gate-command-logs?limit=20 [32m200[0m 20.466 ms - 4065[0m
[0mGET /api/vehicles [36m304[0m 199.607 ms - -[0m
[0mGET /api/reports/summary?from=2026-09-18&to=2026-09-18 [36m304[0m 197.898 ms - -[0m
[0mGET /api/gate-command-logs?limit=20 [36m304[0m 186.687 ms - -[0m
[0mGET /api/parking-sessions [32m200[0m 226.179 ms - 179328[0m
[0mGET /api/parking-slots [36m304[0m 237.443 ms - -[0m
[0mGET /api/users?page=1&limit=100 [36m304[0m 18.230 ms - -[0m
[0mGET /api/users?page=2&limit=100 [36m304[0m 5.588 ms - -[0m
[0mGET /api/pricing-config [36m304[0m 4.278 ms - -[0m
[0mGET /api/notifications [36m304[0m 10.144 ms - -[0m
[0mGET /api/transactions [32m200[0m 21.619 ms - 36789[0m
[0mGET /api/shifts [36m304[0m 6.433 ms - -[0m
[0mGET /api/shift-schedules [36m304[0m 12.974 ms - -[0m
[0mGET /api/zones [36m304[0m 6.644 ms - -[0m
[0mGET /api/parking-slots [36m304[0m 25.234 ms - -[0m
[0mGET /api/subscriptions/plans [36m304[0m 3.966 ms - -[0m
[0mGET /api/subscriptions [36m304[0m 7.831 ms - -[0m
[0mGET /api/auth/me [33m401[0m 0.195 ms - 34[0m
[0mGET /api/public/pricing [32m200[0m 1.789 ms - 106[0m
[0mGET /api/public/subscription-plans [32m200[0m 2.857 ms - 825[0m
[0mGET /api/public/pricing [36m304[0m 2.986 ms - -[0m
[0mGET /api/public/availability [32m200[0m 4.914 ms - 212[0m
[0mGET /api/public/subscription-plans [36m304[0m 1.399 ms - -[0m
[0mGET /api/auth/me [33m401[0m 0.195 ms - 34[0m
[0mPOST /api/auth/login [32m200[0m 328.043 ms - 332[0m
[0mGET /api/auth/me [32m200[0m 7.694 ms - 332[0m
[0mGET /api/parking-sessions [32m200[0m 17.086 ms - 15[0m
[0mGET /api/vehicles [32m200[0m 14.901 ms - 15[0m
[0mGET /api/pricing-config [32m200[0m 31.577 ms - 261[0m
[0mGET /api/parking-slots [32m200[0m 70.047 ms - 72055[0m
[0mGET /api/notifications [32m200[0m 36.819 ms - 251[0m
[0mGET /api/transactions [32m200[0m 59.555 ms - 125[0m
[0mGET /api/subscriptions/my [32m200[0m 11.274 ms - 20[0m
[0mGET /api/subscriptions/plans [32m200[0m 54.469 ms - 825[0m
[0mGET /api/auth/me [36m304[0m 4.325 ms - -[0m
[0mGET /api/parking-sessions [36m304[0m 7.163 ms - -[0m
[0mGET /api/vehicle-requests?status=all [32m200[0m 7.982 ms - 15[0m
[0mGET /api/vehicles [36m304[0m 8.335 ms - -[0m
[0mGET /api/vehicle-requests?status=all [36m304[0m 4.310 ms - -[0m
[0mGET /api/parking-slots [36m304[0m 22.558 ms - -[0m
[0mGET /api/pricing-config [36m304[0m 5.272 ms - -[0m
[0mGET /api/notifications [36m304[0m 4.616 ms - -[0m
[0mGET /api/transactions [32m200[0m 8.516 ms - 125[0m
[0mGET /api/subscriptions/plans [36m304[0m 3.672 ms - -[0m
[0mGET /api/subscriptions/my [36m304[0m 3.654 ms - -[0m
[0mGET /api/auth/me [33m401[0m 0.216 ms - 34[0m
[0mPOST /api/auth/login [32m200[0m 249.805 ms - 341[0m
[0mGET /api/auth/me [32m200[0m 4.089 ms - 341[0m
[0mGET /api/zones [32m200[0m 60.928 ms - 373[0m
[0mGET /api/dashboard/overview [32m200[0m 67.321 ms - 9255[0m
[0mGET /api/reports/summary?from=2026-09-18&to=2026-09-18 [32m200[0m 100.004 ms - 209[0m
[0mGET /api/parking-sessions [32m200[0m 122.170 ms - 179328[0m
[0mGET /api/vehicles [32m200[0m 116.567 ms - 5715[0m
[0mGET /api/dashboard/overview?range=7d [32m200[0m 41.626 ms - 9275[0m
[0mGET /api/zones [36m304[0m 38.825 ms - -[0m
[0mGET /api/dashboard/overview [36m304[0m 32.401 ms - -[0m
[0mGET /api/parking-slots [36m304[0m 170.533 ms - -[0m
[0mGET /api/parking-sessions [36m304[0m 137.704 ms - -[0m
[0mGET /api/parking-sessions [36m304[0m 101.493 ms - -[0m
[0mGET /api/users?page=1&limit=100 [32m200[0m 86.579 ms - 33103[0m
[0mGET /api/parking-slots [36m304[0m 164.278 ms - -[0m
[0mGET /api/users?page=2&limit=100 [32m200[0m 5.394 ms - 3723[0m
[0mGET /api/parking-slots [36m304[0m 21.868 ms - -[0m
[0mGET /api/pricing-config [36m304[0m 3.267 ms - -[0m
[0mGET /api/notifications [32m200[0m 7.874 ms - 10710[0m
[0mGET /api/transactions [32m200[0m 17.962 ms - 36789[0m
[0mGET /api/shifts [32m200[0m 5.125 ms - 13[0m
[0mGET /api/shift-schedules [32m200[0m 10.857 ms - 23951[0m
[0mGET /api/zones [36m304[0m 5.522 ms - -[0m
[0mGET /api/parking-slots [36m304[0m 18.212 ms - -[0m
[0mGET /api/subscriptions/plans [32m200[0m 6.304 ms - 1261[0m
[0mGET /api/subscriptions [32m200[0m 9.450 ms - 1944[0m
[0mGET /api/auth/me [36m304[0m 4.608 ms - -[0m
[0mGET /api/reports/summary?from=2026-09-18&to=2026-09-18 [36m304[0m 49.257 ms - -[0m
[0mGET /api/vehicles [36m304[0m 74.974 ms - -[0m
[0mGET /api/parking-sessions [36m304[0m 90.939 ms - -[0m
[0mGET /api/parking-slots [36m304[0m 100.626 ms - -[0m
[0mGET /api/users?page=1&limit=100 [36m304[0m 8.041 ms - -[0m
[0mGET /api/users?page=2&limit=100 [36m304[0m 3.695 ms - -[0m
[0mGET /api/pricing-config [36m304[0m 6.246 ms - -[0m
[0mGET /api/notifications [36m304[0m 6.605 ms - -[0m
[0mGET /api/transactions [32m200[0m 14.480 ms - 36789[0m
[0mGET /api/shifts [36m304[0m 3.907 ms - -[0m
[0mGET /api/shift-schedules [36m304[0m 7.604 ms - -[0m
[0mGET /api/zones [36m304[0m 5.503 ms - -[0m
[0mGET /api/parking-slots [36m304[0m 21.345 ms - -[0m
[0mGET /api/subscriptions/plans [36m304[0m 4.334 ms - -[0m
[0mGET /api/subscriptions [36m304[0m 7.379 ms - -[0m
[0mGET /api/auth/me [33m401[0m 0.309 ms - 34[0m
[0mPOST /api/auth/login [32m200[0m 275.318 ms - 332[0m
[0mGET /api/auth/me [32m200[0m 4.551 ms - 332[0m
[0mGET /api/parking-sessions [32m200[0m 6.341 ms - 15[0m
[0mGET /api/vehicles [32m200[0m 6.904 ms - 15[0m
[0mGET /api/pricing-config [32m200[0m 4.659 ms - 261[0m
[0mGET /api/parking-slots [32m200[0m 23.822 ms - 72055[0m
[0mGET /api/notifications [32m200[0m 10.000 ms - 251[0m
[0mGET /api/transactions [32m200[0m 14.446 ms - 125[0m
[0mGET /api/subscriptions/plans [32m200[0m 5.691 ms - 825[0m
[0mGET /api/subscriptions/my [32m200[0m 5.399 ms - 20[0m
[0mGET /api/staff-applications/me [32m200[0m 3.498 ms - 20[0m
[0mGET /api/staff-applications/me [36m304[0m 3.325 ms - -[0m
[0mGET /api/auth/me [36m304[0m 3.066 ms - -[0m
[0mGET /api/vehicle-requests?status=all [32m200[0m 7.083 ms - 15[0m
[0mGET /api/parking-sessions [36m304[0m 7.053 ms - -[0m
[0mGET /api/vehicles [36m304[0m 9.003 ms - -[0m
[0mGET /api/vehicle-requests?status=all [36m304[0m 4.457 ms - -[0m
[0mGET /api/parking-slots [36m304[0m 21.722 ms - -[0m
[0mGET /api/pricing-config [36m304[0m 7.546 ms - -[0m
[0mGET /api/notifications [36m304[0m 4.651 ms - -[0m
[0mGET /api/transactions [32m200[0m 7.310 ms - 125[0m
[0mGET /api/subscriptions/plans [36m304[0m 3.639 ms - -[0m
[0mGET /api/subscriptions/my [36m304[0m 3.679 ms - -[0m
[Mail] Sent email to le492381@gmail.com: [iPARK] Nhắc nhở: Xe 18A12345 vẫn đang trong bãi
[Scheduler] Subscription job error: ValidationError: ParkingSession validation failed: vehicleType: Path `vehicleType` is required.
    at model.validate (E:\AI-Integrated-Car-Parking-Management-System-iPARK-\backend\node_modules\mongoose\lib\document.js:2864:36)
    at process.processTicksAndRejections (node:internal/process/task_queues:105:5)
    at async model.$__save (E:\AI-Integrated-Car-Parking-Management-System-iPARK-\backend\node_modules\mongoose\lib\model.js:398:7)
    at async maybeTracedSave (E:\AI-Integrated-Car-Parking-Management-System-iPARK-\backend\node_modules\mongoose\lib\model.js:674:7)
    at async sendPrepaidReminders (E:\AI-Integrated-Car-Parking-Management-System-iPARK-\backend\src\services\reminder.service.ts:164:5)
    at async R.Cron.protect (E:\AI-Integrated-Car-Parking-Management-System-iPARK-\backend\src\services\scheduler.service.ts:42:28)
    at async R._trigger (file:///E:/AI-Integrated-Car-Parking-Management-System-iPARK-/node_modules/croner/dist/croner.js:1:16204) {
  errors: {
    vehicleType: ValidatorError: Path `vehicleType` is required.
        at SchemaString.doValidate (E:\AI-Integrated-Car-Parking-Management-System-iPARK-\backend\node_modules\mongoose\lib\schemaType.js:1515:13)
        at model.validate (E:\AI-Integrated-Car-Parking-Management-System-iPARK-\backend\node_modules\mongoose\lib\document.js:2842:20)
        at process.processTicksAndRejections (node:internal/process/task_queues:105:5)
        at async model.$__save (E:\AI-Integrated-Car-Parking-Management-System-iPARK-\backend\node_modules\mongoose\lib\model.js:398:7)
        at async maybeTracedSave (E:\AI-Integrated-Car-Parking-Management-System-iPARK-\backend\node_modules\mongoose\lib\model.js:674:7)
        at async sendPrepaidReminders (E:\AI-Integrated-Car-Parking-Management-System-iPARK-\backend\src\services\reminder.service.ts:164:5)
        at async R.Cron.protect (E:\AI-Integrated-Car-Parking-Management-System-iPARK-\backend\src\services\scheduler.service.ts:42:28)
        at async R._trigger (file:///E:/AI-Integrated-Car-Parking-Management-System-iPARK-/node_modules/croner/dist/croner.js:1:16204) {
      properties: [Object],
      kind: 'required',
      path: 'vehicleType',
      value: undefined,
      reason: undefined,
      [Symbol(mongoose#validatorError)]: true
    }
  },
  _message: 'ParkingSession validation failed'
}
[Mail] Sent email to le492381@gmail.com: [iPARK] Nhắc nhở: Xe 18A12345 vẫn đang trong bãi
[Scheduler] Subscription job error: ValidationError: ParkingSession validation failed: vehicleType: Path `vehicleType` is required.
    at model.validate (E:\AI-Integrated-Car-Parking-Management-System-iPARK-\backend\node_modules\mongoose\lib\document.js:2864:36)
    at process.processTicksAndRejections (node:internal/process/task_queues:105:5)
    at async model.$__save (E:\AI-Integrated-Car-Parking-Management-System-iPARK-\backend\node_modules\mongoose\lib\model.js:398:7)
    at async maybeTracedSave (E:\AI-Integrated-Car-Parking-Management-System-iPARK-\backend\node_modules\mongoose\lib\model.js:674:7)
    at async sendPrepaidReminders (E:\AI-Integrated-Car-Parking-Management-System-iPARK-\backend\src\services\reminder.service.ts:164:5)
    at async R.Cron.protect (E:\AI-Integrated-Car-Parking-Management-System-iPARK-\backend\src\services\scheduler.service.ts:42:28)
    at async R._trigger (file:///E:/AI-Integrated-Car-Parking-Management-System-iPARK-/node_modules/croner/dist/croner.js:1:16204) {
  errors: {
    vehicleType: ValidatorError: Path `vehicleType` is required.
        at SchemaString.doValidate (E:\AI-Integrated-Car-Parking-Management-System-iPARK-\backend\node_modules\mongoose\lib\schemaType.js:1515:13)
        at model.validate (E:\AI-Integrated-Car-Parking-Management-System-iPARK-\backend\node_modules\mongoose\lib\document.js:2842:20)
        at process.processTicksAndRejections (node:internal/process/task_queues:105:5)
        at async model.$__save (E:\AI-Integrated-Car-Parking-Management-System-iPARK-\backend\node_modules\mongoose\lib\model.js:398:7)
        at async maybeTracedSave (E:\AI-Integrated-Car-Parking-Management-System-iPARK-\backend\node_modules\mongoose\lib\model.js:674:7)
        at async sendPrepaidReminders (E:\AI-Integrated-Car-Parking-Management-System-iPARK-\backend\src\services\reminder.service.ts:164:5)
        at async R.Cron.protect (E:\AI-Integrated-Car-Parking-Management-System-iPARK-\backend\src\services\scheduler.service.ts:42:28)
        at async R._trigger (file:///E:/AI-Integrated-Car-Parking-Management-System-iPARK-/node_modules/croner/dist/croner.js:1:16204) {
      properties: [Object],
      kind: 'required',
      path: 'vehicleType',
      value: undefined,
      reason: undefined,
      [Symbol(mongoose#validatorError)]: true
    }
  },
  _message: 'ParkingSession validation failed'
}
[0mGET /api/auth/me [33m401[0m 0.221 ms - 34[0m
[0mPOST /api/auth/login [32m200[0m 261.118 ms - 341[0m
[0mGET /api/auth/me [32m200[0m 6.058 ms - 341[0m
[0mGET /api/zones [32m200[0m 132.200 ms - 373[0m
[0mGET /api/dashboard/overview [32m200[0m 122.072 ms - 9255[0m
[0mGET /api/parking-sessions [32m200[0m 175.456 ms - 179328[0m
[0mGET /api/reports/summary?from=2026-09-18&to=2026-09-18 [32m200[0m 152.887 ms - 209[0m
[0mGET /api/vehicles [32m200[0m 156.778 ms - 5715[0m
[0mGET /api/dashboard/overview?range=7d [32m200[0m 47.765 ms - 9275[0m
[0mGET /api/dashboard/overview [36m304[0m 58.364 ms - -[0m
[0mGET /api/zones [36m304[0m 60.833 ms - -[0m
[0mGET /api/parking-slots [32m200[0m 257.024 ms - 72055[0m
[0mGET /api/parking-sessions [36m304[0m 191.367 ms - -[0m
[0mGET /api/users?page=1&limit=100 [32m200[0m 136.632 ms - 33103[0m
[0mGET /api/parking-sessions [36m304[0m 171.350 ms - -[0m
[0mGET /api/parking-slots [36m304[0m 242.570 ms - -[0m
[0mGET /api/users?page=2&limit=100 [32m200[0m 8.066 ms - 3723[0m
[0mGET /api/parking-slots [36m304[0m 22.531 ms - -[0m
[0mGET /api/pricing-config [32m200[0m 3.777 ms - 261[0m
[0mGET /api/notifications [32m200[0m 11.505 ms - 10710[0m
[0mGET /api/transactions [32m200[0m 20.281 ms - 36789[0m
[0mGET /api/shifts [32m200[0m 2.973 ms - 13[0m
[0mGET /api/shift-schedules [32m200[0m 9.060 ms - 23951[0m
[0mGET /api/zones [36m304[0m 7.344 ms - -[0m
[0mGET /api/parking-slots [36m304[0m 25.598 ms - -[0m
[0mGET /api/subscriptions/plans [32m200[0m 5.875 ms - 1261[0m
[0mGET /api/subscriptions [32m200[0m 13.248 ms - 1944[0m
[0mGET /api/auth/me [36m304[0m 9.710 ms - -[0m
[0mGET /api/reports/summary?from=2026-09-18&to=2026-09-18 [36m304[0m 73.673 ms - -[0m
[0mGET /api/vehicles [36m304[0m 116.690 ms - -[0m
[0mGET /api/parking-sessions [36m304[0m 143.601 ms - -[0m
[0mGET /api/parking-slots [36m304[0m 174.742 ms - -[0m
[0mGET /api/users?page=1&limit=100 [36m304[0m 26.833 ms - -[0m
[0mGET /api/users?page=2&limit=100 [36m304[0m 10.119 ms - -[0m
[0mGET /api/pricing-config [36m304[0m 5.439 ms - -[0m
[0mGET /api/notifications [36m304[0m 13.428 ms - -[0m
[0mGET /api/transactions [32m200[0m 22.963 ms - 36789[0m
[0mGET /api/shifts [36m304[0m 9.100 ms - -[0m
[0mGET /api/shift-schedules [36m304[0m 15.205 ms - -[0m
[0mGET /api/zones [36m304[0m 7.592 ms - -[0m
[0mGET /api/parking-slots [36m304[0m 24.839 ms - -[0m
[0mGET /api/subscriptions/plans [36m304[0m 6.780 ms - -[0m
[0mGET /api/subscriptions [36m304[0m 10.372 ms - -[0m
[Mail] Sent email to le492381@gmail.com: [iPARK] Nhắc nhở: Xe 18A12345 vẫn đang trong bãi
[Scheduler] Subscription job error: ValidationError: ParkingSession validation failed: vehicleType: Path `vehicleType` is required.
    at model.validate (E:\AI-Integrated-Car-Parking-Management-System-iPARK-\backend\node_modules\mongoose\lib\document.js:2864:36)
    at process.processTicksAndRejections (node:internal/process/task_queues:105:5)
    at async model.$__save (E:\AI-Integrated-Car-Parking-Management-System-iPARK-\backend\node_modules\mongoose\lib\model.js:398:7)
    at async maybeTracedSave (E:\AI-Integrated-Car-Parking-Management-System-iPARK-\backend\node_modules\mongoose\lib\model.js:674:7)
    at async sendPrepaidReminders (E:\AI-Integrated-Car-Parking-Management-System-iPARK-\backend\src\services\reminder.service.ts:164:5)
    at async R.Cron.protect (E:\AI-Integrated-Car-Parking-Management-System-iPARK-\backend\src\services\scheduler.service.ts:42:28)
    at async R._trigger (file:///E:/AI-Integrated-Car-Parking-Management-System-iPARK-/node_modules/croner/dist/croner.js:1:16204) {
  errors: {
    vehicleType: ValidatorError: Path `vehicleType` is required.
        at SchemaString.doValidate (E:\AI-Integrated-Car-Parking-Management-System-iPARK-\backend\node_modules\mongoose\lib\schemaType.js:1515:13)
        at model.validate (E:\AI-Integrated-Car-Parking-Management-System-iPARK-\backend\node_modules\mongoose\lib\document.js:2842:20)
        at process.processTicksAndRejections (node:internal/process/task_queues:105:5)
        at async model.$__save (E:\AI-Integrated-Car-Parking-Management-System-iPARK-\backend\node_modules\mongoose\lib\model.js:398:7)
        at async maybeTracedSave (E:\AI-Integrated-Car-Parking-Management-System-iPARK-\backend\node_modules\mongoose\lib\model.js:674:7)
        at async sendPrepaidReminders (E:\AI-Integrated-Car-Parking-Management-System-iPARK-\backend\src\services\reminder.service.ts:164:5)
        at async R.Cron.protect (E:\AI-Integrated-Car-Parking-Management-System-iPARK-\backend\src\services\scheduler.service.ts:42:28)
        at async R._trigger (file:///E:/AI-Integrated-Car-Parking-Management-System-iPARK-/node_modules/croner/dist/croner.js:1:16204) {
      properties: [Object],
      kind: 'required',
      path: 'vehicleType',
      value: undefined,
      reason: undefined,
      [Symbol(mongoose#validatorError)]: true
    }
  },
  _message: 'ParkingSession validation failed'
}
[Mail] Sent email to le492381@gmail.com: [iPARK] Nhắc nhở: Xe 18A12345 vẫn đang trong bãi
[Scheduler] Subscription job error: ValidationError: ParkingSession validation failed: vehicleType: Path `vehicleType` is required.
    at model.validate (E:\AI-Integrated-Car-Parking-Management-System-iPARK-\backend\node_modules\mongoose\lib\document.js:2864:36)
    at process.processTicksAndRejections (node:internal/process/task_queues:105:5)
    at async model.$__save (E:\AI-Integrated-Car-Parking-Management-System-iPARK-\backend\node_modules\mongoose\lib\model.js:398:7)
    at async maybeTracedSave (E:\AI-Integrated-Car-Parking-Management-System-iPARK-\backend\node_modules\mongoose\lib\model.js:674:7)
    at async sendPrepaidReminders (E:\AI-Integrated-Car-Parking-Management-System-iPARK-\backend\src\services\reminder.service.ts:164:5)
    at async R.Cron.protect (E:\AI-Integrated-Car-Parking-Management-System-iPARK-\backend\src\services\scheduler.service.ts:42:28)
    at async R._trigger (file:///E:/AI-Integrated-Car-Parking-Management-System-iPARK-/node_modules/croner/dist/croner.js:1:16204) {
  errors: {
    vehicleType: ValidatorError: Path `vehicleType` is required.
        at SchemaString.doValidate (E:\AI-Integrated-Car-Parking-Management-System-iPARK-\backend\node_modules\mongoose\lib\schemaType.js:1515:13)
        at model.validate (E:\AI-Integrated-Car-Parking-Management-System-iPARK-\backend\node_modules\mongoose\lib\document.js:2842:20)
        at process.processTicksAndRejections (node:internal/process/task_queues:105:5)
        at async model.$__save (E:\AI-Integrated-Car-Parking-Management-System-iPARK-\backend\node_modules\mongoose\lib\model.js:398:7)
        at async maybeTracedSave (E:\AI-Integrated-Car-Parking-Management-System-iPARK-\backend\node_modules\mongoose\lib\model.js:674:7)
        at async sendPrepaidReminders (E:\AI-Integrated-Car-Parking-Management-System-iPARK-\backend\src\services\reminder.service.ts:164:5)
        at async R.Cron.protect (E:\AI-Integrated-Car-Parking-Management-System-iPARK-\backend\src\services\scheduler.service.ts:42:28)
        at async R._trigger (file:///E:/AI-Integrated-Car-Parking-Management-System-iPARK-/node_modules/croner/dist/croner.js:1:16204) {
      properties: [Object],
      kind: 'required',
      path: 'vehicleType',
      value: undefined,
      reason: undefined,
      [Symbol(mongoose#validatorError)]: true
    }
  },
  _message: 'ParkingSession validation failed'
}
[Mail] Sent email to le492381@gmail.com: [iPARK] Nhắc nhở: Xe 18A12345 vẫn đang trong bãi
[Scheduler] Subscription job error: ValidationError: ParkingSession validation failed: vehicleType: Path `vehicleType` is required.
    at model.validate (E:\AI-Integrated-Car-Parking-Management-System-iPARK-\backend\node_modules\mongoose\lib\document.js:2864:36)
    at process.processTicksAndRejections (node:internal/process/task_queues:105:5)
    at async model.$__save (E:\AI-Integrated-Car-Parking-Management-System-iPARK-\backend\node_modules\mongoose\lib\model.js:398:7)
    at async maybeTracedSave (E:\AI-Integrated-Car-Parking-Management-System-iPARK-\backend\node_modules\mongoose\lib\model.js:674:7)
    at async sendPrepaidReminders (E:\AI-Integrated-Car-Parking-Management-System-iPARK-\backend\src\services\reminder.service.ts:164:5)
    at async R.Cron.protect (E:\AI-Integrated-Car-Parking-Management-System-iPARK-\backend\src\services\scheduler.service.ts:42:28)
    at async R._trigger (file:///E:/AI-Integrated-Car-Parking-Management-System-iPARK-/node_modules/croner/dist/croner.js:1:16204) {
  errors: {
    vehicleType: ValidatorError: Path `vehicleType` is required.
        at SchemaString.doValidate (E:\AI-Integrated-Car-Parking-Management-System-iPARK-\backend\node_modules\mongoose\lib\schemaType.js:1515:13)
        at model.validate (E:\AI-Integrated-Car-Parking-Management-System-iPARK-\backend\node_modules\mongoose\lib\document.js:2842:20)
        at process.processTicksAndRejections (node:internal/process/task_queues:105:5)
        at async model.$__save (E:\AI-Integrated-Car-Parking-Management-System-iPARK-\backend\node_modules\mongoose\lib\model.js:398:7)
        at async maybeTracedSave (E:\AI-Integrated-Car-Parking-Management-System-iPARK-\backend\node_modules\mongoose\lib\model.js:674:7)
        at async sendPrepaidReminders (E:\AI-Integrated-Car-Parking-Management-System-iPARK-\backend\src\services\reminder.service.ts:164:5)
        at async R.Cron.protect (E:\AI-Integrated-Car-Parking-Management-System-iPARK-\backend\src\services\scheduler.service.ts:42:28)
        at async R._trigger (file:///E:/AI-Integrated-Car-Parking-Management-System-iPARK-/node_modules/croner/dist/croner.js:1:16204) {
      properties: [Object],
      kind: 'required',
      path: 'vehicleType',
      value: undefined,
      reason: undefined,
      [Symbol(mongoose#validatorError)]: true
    }
  },
  _message: 'ParkingSession validation failed'
}
[Mail] Sent email to le492381@gmail.com: [iPARK] Nhắc nhở: Xe 18A12345 vẫn đang trong bãi
[Scheduler] Subscription job error: ValidationError: ParkingSession validation failed: vehicleType: Path `vehicleType` is required.
    at model.validate (E:\AI-Integrated-Car-Parking-Management-System-iPARK-\backend\node_modules\mongoose\lib\document.js:2864:36)
    at process.processTicksAndRejections (node:internal/process/task_queues:105:5)
    at async model.$__save (E:\AI-Integrated-Car-Parking-Management-System-iPARK-\backend\node_modules\mongoose\lib\model.js:398:7)
    at async maybeTracedSave (E:\AI-Integrated-Car-Parking-Management-System-iPARK-\backend\node_modules\mongoose\lib\model.js:674:7)
    at async sendPrepaidReminders (E:\AI-Integrated-Car-Parking-Management-System-iPARK-\backend\src\services\reminder.service.ts:164:5)
    at async R.Cron.protect (E:\AI-Integrated-Car-Parking-Management-System-iPARK-\backend\src\services\scheduler.service.ts:42:28)
    at async R._trigger (file:///E:/AI-Integrated-Car-Parking-Management-System-iPARK-/node_modules/croner/dist/croner.js:1:16204) {
  errors: {
    vehicleType: ValidatorError: Path `vehicleType` is required.
        at SchemaString.doValidate (E:\AI-Integrated-Car-Parking-Management-System-iPARK-\backend\node_modules\mongoose\lib\schemaType.js:1515:13)
        at model.validate (E:\AI-Integrated-Car-Parking-Management-System-iPARK-\backend\node_modules\mongoose\lib\document.js:2842:20)
        at process.processTicksAndRejections (node:internal/process/task_queues:105:5)
        at async model.$__save (E:\AI-Integrated-Car-Parking-Management-System-iPARK-\backend\node_modules\mongoose\lib\model.js:398:7)
        at async maybeTracedSave (E:\AI-Integrated-Car-Parking-Management-System-iPARK-\backend\node_modules\mongoose\lib\model.js:674:7)
        at async sendPrepaidReminders (E:\AI-Integrated-Car-Parking-Management-System-iPARK-\backend\src\services\reminder.service.ts:164:5)
        at async R.Cron.protect (E:\AI-Integrated-Car-Parking-Management-System-iPARK-\backend\src\services\scheduler.service.ts:42:28)
        at async R._trigger (file:///E:/AI-Integrated-Car-Parking-Management-System-iPARK-/node_modules/croner/dist/croner.js:1:16204) {
      properties: [Object],
      kind: 'required',
      path: 'vehicleType',
      value: undefined,
      reason: undefined,
      [Symbol(mongoose#validatorError)]: true
    }
  },
  _message: 'ParkingSession validation failed'
}
[Mail] Sent email to le492381@gmail.com: [iPARK] Nhắc nhở: Xe 18A12345 vẫn đang trong bãi
[Scheduler] Subscription job error: ValidationError: ParkingSession validation failed: vehicleType: Path `vehicleType` is required.
    at model.validate (E:\AI-Integrated-Car-Parking-Management-System-iPARK-\backend\node_modules\mongoose\lib\document.js:2864:36)
    at process.processTicksAndRejections (node:internal/process/task_queues:105:5)
    at async model.$__save (E:\AI-Integrated-Car-Parking-Management-System-iPARK-\backend\node_modules\mongoose\lib\model.js:398:7)
    at async maybeTracedSave (E:\AI-Integrated-Car-Parking-Management-System-iPARK-\backend\node_modules\mongoose\lib\model.js:674:7)
    at async sendPrepaidReminders (E:\AI-Integrated-Car-Parking-Management-System-iPARK-\backend\src\services\reminder.service.ts:164:5)
    at async R.Cron.protect (E:\AI-Integrated-Car-Parking-Management-System-iPARK-\backend\src\services\scheduler.service.ts:42:28)
    at async R._trigger (file:///E:/AI-Integrated-Car-Parking-Management-System-iPARK-/node_modules/croner/dist/croner.js:1:16204) {
  errors: {
    vehicleType: ValidatorError: Path `vehicleType` is required.
        at SchemaString.doValidate (E:\AI-Integrated-Car-Parking-Management-System-iPARK-\backend\node_modules\mongoose\lib\schemaType.js:1515:13)
        at model.validate (E:\AI-Integrated-Car-Parking-Management-System-iPARK-\backend\node_modules\mongoose\lib\document.js:2842:20)
        at process.processTicksAndRejections (node:internal/process/task_queues:105:5)
        at async model.$__save (E:\AI-Integrated-Car-Parking-Management-System-iPARK-\backend\node_modules\mongoose\lib\model.js:398:7)
        at async maybeTracedSave (E:\AI-Integrated-Car-Parking-Management-System-iPARK-\backend\node_modules\mongoose\lib\model.js:674:7)
        at async sendPrepaidReminders (E:\AI-Integrated-Car-Parking-Management-System-iPARK-\backend\src\services\reminder.service.ts:164:5)
        at async R.Cron.protect (E:\AI-Integrated-Car-Parking-Management-System-iPARK-\backend\src\services\scheduler.service.ts:42:28)
        at async R._trigger (file:///E:/AI-Integrated-Car-Parking-Management-System-iPARK-/node_modules/croner/dist/croner.js:1:16204) {
      properties: [Object],
      kind: 'required',
      path: 'vehicleType',
      value: undefined,
      reason: undefined,
      [Symbol(mongoose#validatorError)]: true
    }
  },
  _message: 'ParkingSession validation failed'
}
[Mail] Sent email to le492381@gmail.com: [iPARK] Nhắc nhở: Xe 18A12345 vẫn đang trong bãi
[Scheduler] Subscription job error: ValidationError: ParkingSession validation failed: vehicleType: Path `vehicleType` is required.
    at model.validate (E:\AI-Integrated-Car-Parking-Management-System-iPARK-\backend\node_modules\mongoose\lib\document.js:2864:36)
    at process.processTicksAndRejections (node:internal/process/task_queues:105:5)
    at async model.$__save (E:\AI-Integrated-Car-Parking-Management-System-iPARK-\backend\node_modules\mongoose\lib\model.js:398:7)
    at async maybeTracedSave (E:\AI-Integrated-Car-Parking-Management-System-iPARK-\backend\node_modules\mongoose\lib\model.js:674:7)
    at async sendPrepaidReminders (E:\AI-Integrated-Car-Parking-Management-System-iPARK-\backend\src\services\reminder.service.ts:164:5)
    at async R.Cron.protect (E:\AI-Integrated-Car-Parking-Management-System-iPARK-\backend\src\services\scheduler.service.ts:42:28)
    at async R._trigger (file:///E:/AI-Integrated-Car-Parking-Management-System-iPARK-/node_modules/croner/dist/croner.js:1:16204) {
  errors: {
    vehicleType: ValidatorError: Path `vehicleType` is required.
        at SchemaString.doValidate (E:\AI-Integrated-Car-Parking-Management-System-iPARK-\backend\node_modules\mongoose\lib\schemaType.js:1515:13)
        at model.validate (E:\AI-Integrated-Car-Parking-Management-System-iPARK-\backend\node_modules\mongoose\lib\document.js:2842:20)
        at process.processTicksAndRejections (node:internal/process/task_queues:105:5)
        at async model.$__save (E:\AI-Integrated-Car-Parking-Management-System-iPARK-\backend\node_modules\mongoose\lib\model.js:398:7)
        at async maybeTracedSave (E:\AI-Integrated-Car-Parking-Management-System-iPARK-\backend\node_modules\mongoose\lib\model.js:674:7)
        at async sendPrepaidReminders (E:\AI-Integrated-Car-Parking-Management-System-iPARK-\backend\src\services\reminder.service.ts:164:5)
        at async R.Cron.protect (E:\AI-Integrated-Car-Parking-Management-System-iPARK-\backend\src\services\scheduler.service.ts:42:28)
        at async R._trigger (file:///E:/AI-Integrated-Car-Parking-Management-System-iPARK-/node_modules/croner/dist/croner.js:1:16204) {
      properties: [Object],
      kind: 'required',
      path: 'vehicleType',
      value: undefined,
      reason: undefined,
      [Symbol(mongoose#validatorError)]: true
    }
  },
  _message: 'ParkingSession validation failed'
}
[Mail] Sent email to le492381@gmail.com: [iPARK] Nhắc nhở: Xe 18A12345 vẫn đang trong bãi
[Scheduler] Subscription job error: ValidationError: ParkingSession validation failed: vehicleType: Path `vehicleType` is required.
    at model.validate (E:\AI-Integrated-Car-Parking-Management-System-iPARK-\backend\node_modules\mongoose\lib\document.js:2864:36)
    at process.processTicksAndRejections (node:internal/process/task_queues:105:5)
    at async model.$__save (E:\AI-Integrated-Car-Parking-Management-System-iPARK-\backend\node_modules\mongoose\lib\model.js:398:7)
    at async maybeTracedSave (E:\AI-Integrated-Car-Parking-Management-System-iPARK-\backend\node_modules\mongoose\lib\model.js:674:7)
    at async sendPrepaidReminders (E:\AI-Integrated-Car-Parking-Management-System-iPARK-\backend\src\services\reminder.service.ts:164:5)
    at async R.Cron.protect (E:\AI-Integrated-Car-Parking-Management-System-iPARK-\backend\src\services\scheduler.service.ts:42:28)
    at async R._trigger (file:///E:/AI-Integrated-Car-Parking-Management-System-iPARK-/node_modules/croner/dist/croner.js:1:16204) {
  errors: {
    vehicleType: ValidatorError: Path `vehicleType` is required.
        at SchemaString.doValidate (E:\AI-Integrated-Car-Parking-Management-System-iPARK-\backend\node_modules\mongoose\lib\schemaType.js:1515:13)
        at model.validate (E:\AI-Integrated-Car-Parking-Management-System-iPARK-\backend\node_modules\mongoose\lib\document.js:2842:20)
        at process.processTicksAndRejections (node:internal/process/task_queues:105:5)
        at async model.$__save (E:\AI-Integrated-Car-Parking-Management-System-iPARK-\backend\node_modules\mongoose\lib\model.js:398:7)
        at async maybeTracedSave (E:\AI-Integrated-Car-Parking-Management-System-iPARK-\backend\node_modules\mongoose\lib\model.js:674:7)
        at async sendPrepaidReminders (E:\AI-Integrated-Car-Parking-Management-System-iPARK-\backend\src\services\reminder.service.ts:164:5)
        at async R.Cron.protect (E:\AI-Integrated-Car-Parking-Management-System-iPARK-\backend\src\services\scheduler.service.ts:42:28)
        at async R._trigger (file:///E:/AI-Integrated-Car-Parking-Management-System-iPARK-/node_modules/croner/dist/croner.js:1:16204) {
      properties: [Object],
      kind: 'required',
      path: 'vehicleType',
      value: undefined,
      reason: undefined,
      [Symbol(mongoose#validatorError)]: true
    }
  },
  _message: 'ParkingSession validation failed'
}
[Mail] Sent email to le492381@gmail.com: [iPARK] Nhắc nhở: Xe 18A12345 vẫn đang trong bãi
[Scheduler] Subscription job error: ValidationError: ParkingSession validation failed: vehicleType: Path `vehicleType` is required.
    at model.validate (E:\AI-Integrated-Car-Parking-Management-System-iPARK-\backend\node_modules\mongoose\lib\document.js:2864:36)
    at process.processTicksAndRejections (node:internal/process/task_queues:105:5)
    at async model.$__save (E:\AI-Integrated-Car-Parking-Management-System-iPARK-\backend\node_modules\mongoose\lib\model.js:398:7)
    at async maybeTracedSave (E:\AI-Integrated-Car-Parking-Management-System-iPARK-\backend\node_modules\mongoose\lib\model.js:674:7)
    at async sendPrepaidReminders (E:\AI-Integrated-Car-Parking-Management-System-iPARK-\backend\src\services\reminder.service.ts:164:5)
    at async R.Cron.protect (E:\AI-Integrated-Car-Parking-Management-System-iPARK-\backend\src\services\scheduler.service.ts:42:28)
    at async R._trigger (file:///E:/AI-Integrated-Car-Parking-Management-System-iPARK-/node_modules/croner/dist/croner.js:1:16204) {
  errors: {
    vehicleType: ValidatorError: Path `vehicleType` is required.
        at SchemaString.doValidate (E:\AI-Integrated-Car-Parking-Management-System-iPARK-\backend\node_modules\mongoose\lib\schemaType.js:1515:13)
        at model.validate (E:\AI-Integrated-Car-Parking-Management-System-iPARK-\backend\node_modules\mongoose\lib\document.js:2842:20)
        at process.processTicksAndRejections (node:internal/process/task_queues:105:5)
        at async model.$__save (E:\AI-Integrated-Car-Parking-Management-System-iPARK-\backend\node_modules\mongoose\lib\model.js:398:7)
        at async maybeTracedSave (E:\AI-Integrated-Car-Parking-Management-System-iPARK-\backend\node_modules\mongoose\lib\model.js:674:7)
        at async sendPrepaidReminders (E:\AI-Integrated-Car-Parking-Management-System-iPARK-\backend\src\services\reminder.service.ts:164:5)
        at async R.Cron.protect (E:\AI-Integrated-Car-Parking-Management-System-iPARK-\backend\src\services\scheduler.service.ts:42:28)
        at async R._trigger (file:///E:/AI-Integrated-Car-Parking-Management-System-iPARK-/node_modules/croner/dist/croner.js:1:16204) {
      properties: [Object],
      kind: 'required',
      path: 'vehicleType',
      value: undefined,
      reason: undefined,
      [Symbol(mongoose#validatorError)]: true
    }
  },
  _message: 'ParkingSession validation failed'
}
[Mail] Sent email to le492381@gmail.com: [iPARK] Nhắc nhở: Xe 18A12345 vẫn đang trong bãi
[Scheduler] Subscription job error: ValidationError: ParkingSession validation failed: vehicleType: Path `vehicleType` is required.
    at model.validate (E:\AI-Integrated-Car-Parking-Management-System-iPARK-\backend\node_modules\mongoose\lib\document.js:2864:36)
    at process.processTicksAndRejections (node:internal/process/task_queues:105:5)
    at async model.$__save (E:\AI-Integrated-Car-Parking-Management-System-iPARK-\backend\node_modules\mongoose\lib\model.js:398:7)
    at async maybeTracedSave (E:\AI-Integrated-Car-Parking-Management-System-iPARK-\backend\node_modules\mongoose\lib\model.js:674:7)
    at async sendPrepaidReminders (E:\AI-Integrated-Car-Parking-Management-System-iPARK-\backend\src\services\reminder.service.ts:164:5)
    at async R.Cron.protect (E:\AI-Integrated-Car-Parking-Management-System-iPARK-\backend\src\services\scheduler.service.ts:42:28)
    at async R._trigger (file:///E:/AI-Integrated-Car-Parking-Management-System-iPARK-/node_modules/croner/dist/croner.js:1:16204) {
  errors: {
    vehicleType: ValidatorError: Path `vehicleType` is required.
        at SchemaString.doValidate (E:\AI-Integrated-Car-Parking-Management-System-iPARK-\backend\node_modules\mongoose\lib\schemaType.js:1515:13)
        at model.validate (E:\AI-Integrated-Car-Parking-Management-System-iPARK-\backend\node_modules\mongoose\lib\document.js:2842:20)
        at process.processTicksAndRejections (node:internal/process/task_queues:105:5)
        at async model.$__save (E:\AI-Integrated-Car-Parking-Management-System-iPARK-\backend\node_modules\mongoose\lib\model.js:398:7)
        at async maybeTracedSave (E:\AI-Integrated-Car-Parking-Management-System-iPARK-\backend\node_modules\mongoose\lib\model.js:674:7)
        at async sendPrepaidReminders (E:\AI-Integrated-Car-Parking-Management-System-iPARK-\backend\src\services\reminder.service.ts:164:5)
        at async R.Cron.protect (E:\AI-Integrated-Car-Parking-Management-System-iPARK-\backend\src\services\scheduler.service.ts:42:28)
        at async R._trigger (file:///E:/AI-Integrated-Car-Parking-Management-System-iPARK-/node_modules/croner/dist/croner.js:1:16204) {
      properties: [Object],
      kind: 'required',
      path: 'vehicleType',
      value: undefined,
      reason: undefined,
      [Symbol(mongoose#validatorError)]: true
    }
  },
  _message: 'ParkingSession validation failed'
}
[Mail] Sent email to le492381@gmail.com: [iPARK] Nhắc nhở: Xe 18A12345 vẫn đang trong bãi
[Scheduler] Subscription job error: ValidationError: ParkingSession validation failed: vehicleType: Path `vehicleType` is required.
    at model.validate (E:\AI-Integrated-Car-Parking-Management-System-iPARK-\backend\node_modules\mongoose\lib\document.js:2864:36)
    at process.processTicksAndRejections (node:internal/process/task_queues:105:5)
    at async model.$__save (E:\AI-Integrated-Car-Parking-Management-System-iPARK-\backend\node_modules\mongoose\lib\model.js:398:7)
    at async maybeTracedSave (E:\AI-Integrated-Car-Parking-Management-System-iPARK-\backend\node_modules\mongoose\lib\model.js:674:7)
    at async sendPrepaidReminders (E:\AI-Integrated-Car-Parking-Management-System-iPARK-\backend\src\services\reminder.service.ts:164:5)
    at async R.Cron.protect (E:\AI-Integrated-Car-Parking-Management-System-iPARK-\backend\src\services\scheduler.service.ts:42:28)
    at async R._trigger (file:///E:/AI-Integrated-Car-Parking-Management-System-iPARK-/node_modules/croner/dist/croner.js:1:16204) {
  errors: {
    vehicleType: ValidatorError: Path `vehicleType` is required.
        at SchemaString.doValidate (E:\AI-Integrated-Car-Parking-Management-System-iPARK-\backend\node_modules\mongoose\lib\schemaType.js:1515:13)
        at model.validate (E:\AI-Integrated-Car-Parking-Management-System-iPARK-\backend\node_modules\mongoose\lib\document.js:2842:20)
        at process.processTicksAndRejections (node:internal/process/task_queues:105:5)
        at async model.$__save (E:\AI-Integrated-Car-Parking-Management-System-iPARK-\backend\node_modules\mongoose\lib\model.js:398:7)
        at async maybeTracedSave (E:\AI-Integrated-Car-Parking-Management-System-iPARK-\backend\node_modules\mongoose\lib\model.js:674:7)
        at async sendPrepaidReminders (E:\AI-Integrated-Car-Parking-Management-System-iPARK-\backend\src\services\reminder.service.ts:164:5)
        at async R.Cron.protect (E:\AI-Integrated-Car-Parking-Management-System-iPARK-\backend\src\services\scheduler.service.ts:42:28)
        at async R._trigger (file:///E:/AI-Integrated-Car-Parking-Management-System-iPARK-/node_modules/croner/dist/croner.js:1:16204) {
      properties: [Object],
      kind: 'required',
      path: 'vehicleType',
      value: undefined,
      reason: undefined,
      [Symbol(mongoose#validatorError)]: true
    }
  },
  _message: 'ParkingSession validation failed'
}
[Mail] Sent email to le492381@gmail.com: [iPARK] Nhắc nhở: Xe 18A12345 vẫn đang trong bãi
[Scheduler] Subscription job error: ValidationError: ParkingSession validation failed: vehicleType: Path `vehicleType` is required.
    at model.validate (E:\AI-Integrated-Car-Parking-Management-System-iPARK-\backend\node_modules\mongoose\lib\document.js:2864:36)
    at process.processTicksAndRejections (node:internal/process/task_queues:105:5)
    at async model.$__save (E:\AI-Integrated-Car-Parking-Management-System-iPARK-\backend\node_modules\mongoose\lib\model.js:398:7)
    at async maybeTracedSave (E:\AI-Integrated-Car-Parking-Management-System-iPARK-\backend\node_modules\mongoose\lib\model.js:674:7)
    at async sendPrepaidReminders (E:\AI-Integrated-Car-Parking-Management-System-iPARK-\backend\src\services\reminder.service.ts:164:5)
    at async R.Cron.protect (E:\AI-Integrated-Car-Parking-Management-System-iPARK-\backend\src\services\scheduler.service.ts:42:28)
    at async R._trigger (file:///E:/AI-Integrated-Car-Parking-Management-System-iPARK-/node_modules/croner/dist/croner.js:1:16204) {
  errors: {
    vehicleType: ValidatorError: Path `vehicleType` is required.
        at SchemaString.doValidate (E:\AI-Integrated-Car-Parking-Management-System-iPARK-\backend\node_modules\mongoose\lib\schemaType.js:1515:13)
        at model.validate (E:\AI-Integrated-Car-Parking-Management-System-iPARK-\backend\node_modules\mongoose\lib\document.js:2842:20)
        at process.processTicksAndRejections (node:internal/process/task_queues:105:5)
        at async model.$__save (E:\AI-Integrated-Car-Parking-Management-System-iPARK-\backend\node_modules\mongoose\lib\model.js:398:7)
        at async maybeTracedSave (E:\AI-Integrated-Car-Parking-Management-System-iPARK-\backend\node_modules\mongoose\lib\model.js:674:7)
        at async sendPrepaidReminders (E:\AI-Integrated-Car-Parking-Management-System-iPARK-\backend\src\services\reminder.service.ts:164:5)
        at async R.Cron.protect (E:\AI-Integrated-Car-Parking-Management-System-iPARK-\backend\src\services\scheduler.service.ts:42:28)
        at async R._trigger (file:///E:/AI-Integrated-Car-Parking-Management-System-iPARK-/node_modules/croner/dist/croner.js:1:16204) {
      properties: [Object],
      kind: 'required',
      path: 'vehicleType',
      value: undefined,
      reason: undefined,
      [Symbol(mongoose#validatorError)]: true
    }
  },
  _message: 'ParkingSession validation failed'
}
[Mail] Sent email to le492381@gmail.com: [iPARK] Nhắc nhở: Xe 18A12345 vẫn đang trong bãi
[Scheduler] Subscription job error: ValidationError: ParkingSession validation failed: vehicleType: Path `vehicleType` is required.
    at model.validate (E:\AI-Integrated-Car-Parking-Management-System-iPARK-\backend\node_modules\mongoose\lib\document.js:2864:36)
    at process.processTicksAndRejections (node:internal/process/task_queues:105:5)
    at async model.$__save (E:\AI-Integrated-Car-Parking-Management-System-iPARK-\backend\node_modules\mongoose\lib\model.js:398:7)
    at async maybeTracedSave (E:\AI-Integrated-Car-Parking-Management-System-iPARK-\backend\node_modules\mongoose\lib\model.js:674:7)
    at async sendPrepaidReminders (E:\AI-Integrated-Car-Parking-Management-System-iPARK-\backend\src\services\reminder.service.ts:164:5)
    at async R.Cron.protect (E:\AI-Integrated-Car-Parking-Management-System-iPARK-\backend\src\services\scheduler.service.ts:42:28)
    at async R._trigger (file:///E:/AI-Integrated-Car-Parking-Management-System-iPARK-/node_modules/croner/dist/croner.js:1:16204) {
  errors: {
    vehicleType: ValidatorError: Path `vehicleType` is required.
        at SchemaString.doValidate (E:\AI-Integrated-Car-Parking-Management-System-iPARK-\backend\node_modules\mongoose\lib\schemaType.js:1515:13)
        at model.validate (E:\AI-Integrated-Car-Parking-Management-System-iPARK-\backend\node_modules\mongoose\lib\document.js:2842:20)
        at process.processTicksAndRejections (node:internal/process/task_queues:105:5)
        at async model.$__save (E:\AI-Integrated-Car-Parking-Management-System-iPARK-\backend\node_modules\mongoose\lib\model.js:398:7)
        at async maybeTracedSave (E:\AI-Integrated-Car-Parking-Management-System-iPARK-\backend\node_modules\mongoose\lib\model.js:674:7)
        at async sendPrepaidReminders (E:\AI-Integrated-Car-Parking-Management-System-iPARK-\backend\src\services\reminder.service.ts:164:5)
        at async R.Cron.protect (E:\AI-Integrated-Car-Parking-Management-System-iPARK-\backend\src\services\scheduler.service.ts:42:28)
        at async R._trigger (file:///E:/AI-Integrated-Car-Parking-Management-System-iPARK-/node_modules/croner/dist/croner.js:1:16204) {
      properties: [Object],
      kind: 'required',
      path: 'vehicleType',
      value: undefined,
      reason: undefined,
      [Symbol(mongoose#validatorError)]: true
    }
  },
  _message: 'ParkingSession validation failed'
}
[Mail] Sent email to le492381@gmail.com: [iPARK] Nhắc nhở: Xe 18A12345 vẫn đang trong bãi
[Scheduler] Subscription job error: ValidationError: ParkingSession validation failed: vehicleType: Path `vehicleType` is required.
    at model.validate (E:\AI-Integrated-Car-Parking-Management-System-iPARK-\backend\node_modules\mongoose\lib\document.js:2864:36)
    at process.processTicksAndRejections (node:internal/process/task_queues:105:5)
    at async model.$__save (E:\AI-Integrated-Car-Parking-Management-System-iPARK-\backend\node_modules\mongoose\lib\model.js:398:7)
    at async maybeTracedSave (E:\AI-Integrated-Car-Parking-Management-System-iPARK-\backend\node_modules\mongoose\lib\model.js:674:7)
    at async sendPrepaidReminders (E:\AI-Integrated-Car-Parking-Management-System-iPARK-\backend\src\services\reminder.service.ts:164:5)
    at async R.Cron.protect (E:\AI-Integrated-Car-Parking-Management-System-iPARK-\backend\src\services\scheduler.service.ts:42:28)
    at async R._trigger (file:///E:/AI-Integrated-Car-Parking-Management-System-iPARK-/node_modules/croner/dist/croner.js:1:16204) {
  errors: {
    vehicleType: ValidatorError: Path `vehicleType` is required.
        at SchemaString.doValidate (E:\AI-Integrated-Car-Parking-Management-System-iPARK-\backend\node_modules\mongoose\lib\schemaType.js:1515:13)
        at model.validate (E:\AI-Integrated-Car-Parking-Management-System-iPARK-\backend\node_modules\mongoose\lib\document.js:2842:20)
        at process.processTicksAndRejections (node:internal/process/task_queues:105:5)
        at async model.$__save (E:\AI-Integrated-Car-Parking-Management-System-iPARK-\backend\node_modules\mongoose\lib\model.js:398:7)
        at async maybeTracedSave (E:\AI-Integrated-Car-Parking-Management-System-iPARK-\backend\node_modules\mongoose\lib\model.js:674:7)
        at async sendPrepaidReminders (E:\AI-Integrated-Car-Parking-Management-System-iPARK-\backend\src\services\reminder.service.ts:164:5)
        at async R.Cron.protect (E:\AI-Integrated-Car-Parking-Management-System-iPARK-\backend\src\services\scheduler.service.ts:42:28)
        at async R._trigger (file:///E:/AI-Integrated-Car-Parking-Management-System-iPARK-/node_modules/croner/dist/croner.js:1:16204) {
      properties: [Object],
      kind: 'required',
      path: 'vehicleType',
      value: undefined,
      reason: undefined,
      [Symbol(mongoose#validatorError)]: true
    }
  },
  _message: 'ParkingSession validation failed'
}
[Mail] Sent email to le492381@gmail.com: [iPARK] Nhắc nhở: Xe 18A12345 vẫn đang trong bãi
[Scheduler] Subscription job error: ValidationError: ParkingSession validation failed: vehicleType: Path `vehicleType` is required.
    at model.validate (E:\AI-Integrated-Car-Parking-Management-System-iPARK-\backend\node_modules\mongoose\lib\document.js:2864:36)
    at process.processTicksAndRejections (node:internal/process/task_queues:105:5)
    at async model.$__save (E:\AI-Integrated-Car-Parking-Management-System-iPARK-\backend\node_modules\mongoose\lib\model.js:398:7)
    at async maybeTracedSave (E:\AI-Integrated-Car-Parking-Management-System-iPARK-\backend\node_modules\mongoose\lib\model.js:674:7)
    at async sendPrepaidReminders (E:\AI-Integrated-Car-Parking-Management-System-iPARK-\backend\src\services\reminder.service.ts:164:5)
    at async R.Cron.protect (E:\AI-Integrated-Car-Parking-Management-System-iPARK-\backend\src\services\scheduler.service.ts:42:28)
    at async R._trigger (file:///E:/AI-Integrated-Car-Parking-Management-System-iPARK-/node_modules/croner/dist/croner.js:1:16204) {
  errors: {
    vehicleType: ValidatorError: Path `vehicleType` is required.
        at SchemaString.doValidate (E:\AI-Integrated-Car-Parking-Management-System-iPARK-\backend\node_modules\mongoose\lib\schemaType.js:1515:13)
        at model.validate (E:\AI-Integrated-Car-Parking-Management-System-iPARK-\backend\node_modules\mongoose\lib\document.js:2842:20)
        at process.processTicksAndRejections (node:internal/process/task_queues:105:5)
        at async model.$__save (E:\AI-Integrated-Car-Parking-Management-System-iPARK-\backend\node_modules\mongoose\lib\model.js:398:7)
        at async maybeTracedSave (E:\AI-Integrated-Car-Parking-Management-System-iPARK-\backend\node_modules\mongoose\lib\model.js:674:7)
        at async sendPrepaidReminders (E:\AI-Integrated-Car-Parking-Management-System-iPARK-\backend\src\services\reminder.service.ts:164:5)
        at async R.Cron.protect (E:\AI-Integrated-Car-Parking-Management-System-iPARK-\backend\src\services\scheduler.service.ts:42:28)
        at async R._trigger (file:///E:/AI-Integrated-Car-Parking-Management-System-iPARK-/node_modules/croner/dist/croner.js:1:16204) {
      properties: [Object],
      kind: 'required',
      path: 'vehicleType',
      value: undefined,
      reason: undefined,
      [Symbol(mongoose#validatorError)]: true
    }
  },
  _message: 'ParkingSession validation failed'
}
[Mail] Sent email to le492381@gmail.com: [iPARK] Nhắc nhở: Xe 18A12345 vẫn đang trong bãi
[Scheduler] Subscription job error: ValidationError: ParkingSession validation failed: vehicleType: Path `vehicleType` is required.
    at model.validate (E:\AI-Integrated-Car-Parking-Management-System-iPARK-\backend\node_modules\mongoose\lib\document.js:2864:36)
    at process.processTicksAndRejections (node:internal/process/task_queues:105:5)
    at async model.$__save (E:\AI-Integrated-Car-Parking-Management-System-iPARK-\backend\node_modules\mongoose\lib\model.js:398:7)
    at async maybeTracedSave (E:\AI-Integrated-Car-Parking-Management-System-iPARK-\backend\node_modules\mongoose\lib\model.js:674:7)
    at async sendPrepaidReminders (E:\AI-Integrated-Car-Parking-Management-System-iPARK-\backend\src\services\reminder.service.ts:164:5)
    at async R.Cron.protect (E:\AI-Integrated-Car-Parking-Management-System-iPARK-\backend\src\services\scheduler.service.ts:42:28)
    at async R._trigger (file:///E:/AI-Integrated-Car-Parking-Management-System-iPARK-/node_modules/croner/dist/croner.js:1:16204) {
  errors: {
    vehicleType: ValidatorError: Path `vehicleType` is required.
        at SchemaString.doValidate (E:\AI-Integrated-Car-Parking-Management-System-iPARK-\backend\node_modules\mongoose\lib\schemaType.js:1515:13)
        at model.validate (E:\AI-Integrated-Car-Parking-Management-System-iPARK-\backend\node_modules\mongoose\lib\document.js:2842:20)
        at process.processTicksAndRejections (node:internal/process/task_queues:105:5)
        at async model.$__save (E:\AI-Integrated-Car-Parking-Management-System-iPARK-\backend\node_modules\mongoose\lib\model.js:398:7)
        at async maybeTracedSave (E:\AI-Integrated-Car-Parking-Management-System-iPARK-\backend\node_modules\mongoose\lib\model.js:674:7)
        at async sendPrepaidReminders (E:\AI-Integrated-Car-Parking-Management-System-iPARK-\backend\src\services\reminder.service.ts:164:5)
        at async R.Cron.protect (E:\AI-Integrated-Car-Parking-Management-System-iPARK-\backend\src\services\scheduler.service.ts:42:28)
        at async R._trigger (file:///E:/AI-Integrated-Car-Parking-Management-System-iPARK-/node_modules/croner/dist/croner.js:1:16204) {
      properties: [Object],
      kind: 'required',
      path: 'vehicleType',
      value: undefined,
      reason: undefined,
      [Symbol(mongoose#validatorError)]: true
    }
  },
  _message: 'ParkingSession validation failed'
}
[Mail] Sent email to le492381@gmail.com: [iPARK] Nhắc nhở: Xe 18A12345 vẫn đang trong bãi
[Scheduler] Subscription job error: ValidationError: ParkingSession validation failed: vehicleType: Path `vehicleType` is required.
    at model.validate (E:\AI-Integrated-Car-Parking-Management-System-iPARK-\backend\node_modules\mongoose\lib\document.js:2864:36)
    at process.processTicksAndRejections (node:internal/process/task_queues:105:5)
    at async model.$__save (E:\AI-Integrated-Car-Parking-Management-System-iPARK-\backend\node_modules\mongoose\lib\model.js:398:7)
    at async maybeTracedSave (E:\AI-Integrated-Car-Parking-Management-System-iPARK-\backend\node_modules\mongoose\lib\model.js:674:7)
    at async sendPrepaidReminders (E:\AI-Integrated-Car-Parking-Management-System-iPARK-\backend\src\services\reminder.service.ts:164:5)
    at async R.Cron.protect (E:\AI-Integrated-Car-Parking-Management-System-iPARK-\backend\src\services\scheduler.service.ts:42:28)
    at async R._trigger (file:///E:/AI-Integrated-Car-Parking-Management-System-iPARK-/node_modules/croner/dist/croner.js:1:16204) {
  errors: {
    vehicleType: ValidatorError: Path `vehicleType` is required.
        at SchemaString.doValidate (E:\AI-Integrated-Car-Parking-Management-System-iPARK-\backend\node_modules\mongoose\lib\schemaType.js:1515:13)
        at model.validate (E:\AI-Integrated-Car-Parking-Management-System-iPARK-\backend\node_modules\mongoose\lib\document.js:2842:20)
        at process.processTicksAndRejections (node:internal/process/task_queues:105:5)
        at async model.$__save (E:\AI-Integrated-Car-Parking-Management-System-iPARK-\backend\node_modules\mongoose\lib\model.js:398:7)
        at async maybeTracedSave (E:\AI-Integrated-Car-Parking-Management-System-iPARK-\backend\node_modules\mongoose\lib\model.js:674:7)
        at async sendPrepaidReminders (E:\AI-Integrated-Car-Parking-Management-System-iPARK-\backend\src\services\reminder.service.ts:164:5)
        at async R.Cron.protect (E:\AI-Integrated-Car-Parking-Management-System-iPARK-\backend\src\services\scheduler.service.ts:42:28)
        at async R._trigger (file:///E:/AI-Integrated-Car-Parking-Management-System-iPARK-/node_modules/croner/dist/croner.js:1:16204) {
      properties: [Object],
      kind: 'required',
      path: 'vehicleType',
      value: undefined,
      reason: undefined,
      [Symbol(mongoose#validatorError)]: true
    }
  },
  _message: 'ParkingSession validation failed'
}
[Mail] Sent email to le492381@gmail.com: [iPARK] Nhắc nhở: Xe 18A12345 vẫn đang trong bãi
[Scheduler] Subscription job error: ValidationError: ParkingSession validation failed: vehicleType: Path `vehicleType` is required.
    at model.validate (E:\AI-Integrated-Car-Parking-Management-System-iPARK-\backend\node_modules\mongoose\lib\document.js:2864:36)
    at process.processTicksAndRejections (node:internal/process/task_queues:105:5)
    at async model.$__save (E:\AI-Integrated-Car-Parking-Management-System-iPARK-\backend\node_modules\mongoose\lib\model.js:398:7)
    at async maybeTracedSave (E:\AI-Integrated-Car-Parking-Management-System-iPARK-\backend\node_modules\mongoose\lib\model.js:674:7)
    at async sendPrepaidReminders (E:\AI-Integrated-Car-Parking-Management-System-iPARK-\backend\src\services\reminder.service.ts:164:5)
    at async R.Cron.protect (E:\AI-Integrated-Car-Parking-Management-System-iPARK-\backend\src\services\scheduler.service.ts:42:28)
    at async R._trigger (file:///E:/AI-Integrated-Car-Parking-Management-System-iPARK-/node_modules/croner/dist/croner.js:1:16204) {
  errors: {
    vehicleType: ValidatorError: Path `vehicleType` is required.
        at SchemaString.doValidate (E:\AI-Integrated-Car-Parking-Management-System-iPARK-\backend\node_modules\mongoose\lib\schemaType.js:1515:13)
        at model.validate (E:\AI-Integrated-Car-Parking-Management-System-iPARK-\backend\node_modules\mongoose\lib\document.js:2842:20)
        at process.processTicksAndRejections (node:internal/process/task_queues:105:5)
        at async model.$__save (E:\AI-Integrated-Car-Parking-Management-System-iPARK-\backend\node_modules\mongoose\lib\model.js:398:7)
        at async maybeTracedSave (E:\AI-Integrated-Car-Parking-Management-System-iPARK-\backend\node_modules\mongoose\lib\model.js:674:7)
        at async sendPrepaidReminders (E:\AI-Integrated-Car-Parking-Management-System-iPARK-\backend\src\services\reminder.service.ts:164:5)
        at async R.Cron.protect (E:\AI-Integrated-Car-Parking-Management-System-iPARK-\backend\src\services\scheduler.service.ts:42:28)
        at async R._trigger (file:///E:/AI-Integrated-Car-Parking-Management-System-iPARK-/node_modules/croner/dist/croner.js:1:16204) {
      properties: [Object],
      kind: 'required',
      path: 'vehicleType',
      value: undefined,
      reason: undefined,
      [Symbol(mongoose#validatorError)]: true
    }
  },
  _message: 'ParkingSession validation failed'
}
[Mail] Sent email to le492381@gmail.com: [iPARK] Nhắc nhở: Xe 18A12345 vẫn đang trong bãi
[Scheduler] Subscription job error: ValidationError: ParkingSession validation failed: vehicleType: Path `vehicleType` is required.
    at model.validate (E:\AI-Integrated-Car-Parking-Management-System-iPARK-\backend\node_modules\mongoose\lib\document.js:2864:36)
    at process.processTicksAndRejections (node:internal/process/task_queues:105:5)
    at async model.$__save (E:\AI-Integrated-Car-Parking-Management-System-iPARK-\backend\node_modules\mongoose\lib\model.js:398:7)
    at async maybeTracedSave (E:\AI-Integrated-Car-Parking-Management-System-iPARK-\backend\node_modules\mongoose\lib\model.js:674:7)
    at async sendPrepaidReminders (E:\AI-Integrated-Car-Parking-Management-System-iPARK-\backend\src\services\reminder.service.ts:164:5)
    at async R.Cron.protect (E:\AI-Integrated-Car-Parking-Management-System-iPARK-\backend\src\services\scheduler.service.ts:42:28)
    at async R._trigger (file:///E:/AI-Integrated-Car-Parking-Management-System-iPARK-/node_modules/croner/dist/croner.js:1:16204) {
  errors: {
    vehicleType: ValidatorError: Path `vehicleType` is required.
        at SchemaString.doValidate (E:\AI-Integrated-Car-Parking-Management-System-iPARK-\backend\node_modules\mongoose\lib\schemaType.js:1515:13)
        at model.validate (E:\AI-Integrated-Car-Parking-Management-System-iPARK-\backend\node_modules\mongoose\lib\document.js:2842:20)
        at process.processTicksAndRejections (node:internal/process/task_queues:105:5)
        at async model.$__save (E:\AI-Integrated-Car-Parking-Management-System-iPARK-\backend\node_modules\mongoose\lib\model.js:398:7)
        at async maybeTracedSave (E:\AI-Integrated-Car-Parking-Management-System-iPARK-\backend\node_modules\mongoose\lib\model.js:674:7)
        at async sendPrepaidReminders (E:\AI-Integrated-Car-Parking-Management-System-iPARK-\backend\src\services\reminder.service.ts:164:5)
        at async R.Cron.protect (E:\AI-Integrated-Car-Parking-Management-System-iPARK-\backend\src\services\scheduler.service.ts:42:28)
        at async R._trigger (file:///E:/AI-Integrated-Car-Parking-Management-System-iPARK-/node_modules/croner/dist/croner.js:1:16204) {
      properties: [Object],
      kind: 'required',
      path: 'vehicleType',
      value: undefined,
      reason: undefined,
      [Symbol(mongoose#validatorError)]: true
    }
  },
  _message: 'ParkingSession validation failed'
}
[Mail] Sent email to le492381@gmail.com: [iPARK] Nhắc nhở: Xe 18A12345 vẫn đang trong bãi
[Scheduler] Subscription job error: ValidationError: ParkingSession validation failed: vehicleType: Path `vehicleType` is required.
    at model.validate (E:\AI-Integrated-Car-Parking-Management-System-iPARK-\backend\node_modules\mongoose\lib\document.js:2864:36)
    at process.processTicksAndRejections (node:internal/process/task_queues:105:5)
    at async model.$__save (E:\AI-Integrated-Car-Parking-Management-System-iPARK-\backend\node_modules\mongoose\lib\model.js:398:7)
    at async maybeTracedSave (E:\AI-Integrated-Car-Parking-Management-System-iPARK-\backend\node_modules\mongoose\lib\model.js:674:7)
    at async sendPrepaidReminders (E:\AI-Integrated-Car-Parking-Management-System-iPARK-\backend\src\services\reminder.service.ts:164:5)
    at async R.Cron.protect (E:\AI-Integrated-Car-Parking-Management-System-iPARK-\backend\src\services\scheduler.service.ts:42:28)
    at async R._trigger (file:///E:/AI-Integrated-Car-Parking-Management-System-iPARK-/node_modules/croner/dist/croner.js:1:16204) {
  errors: {
    vehicleType: ValidatorError: Path `vehicleType` is required.
        at SchemaString.doValidate (E:\AI-Integrated-Car-Parking-Management-System-iPARK-\backend\node_modules\mongoose\lib\schemaType.js:1515:13)
        at model.validate (E:\AI-Integrated-Car-Parking-Management-System-iPARK-\backend\node_modules\mongoose\lib\document.js:2842:20)
        at process.processTicksAndRejections (node:internal/process/task_queues:105:5)
        at async model.$__save (E:\AI-Integrated-Car-Parking-Management-System-iPARK-\backend\node_modules\mongoose\lib\model.js:398:7)
        at async maybeTracedSave (E:\AI-Integrated-Car-Parking-Management-System-iPARK-\backend\node_modules\mongoose\lib\model.js:674:7)
        at async sendPrepaidReminders (E:\AI-Integrated-Car-Parking-Management-System-iPARK-\backend\src\services\reminder.service.ts:164:5)
        at async R.Cron.protect (E:\AI-Integrated-Car-Parking-Management-System-iPARK-\backend\src\services\scheduler.service.ts:42:28)
        at async R._trigger (file:///E:/AI-Integrated-Car-Parking-Management-System-iPARK-/node_modules/croner/dist/croner.js:1:16204) {
      properties: [Object],
      kind: 'required',
      path: 'vehicleType',
      value: undefined,
      reason: undefined,
      [Symbol(mongoose#validatorError)]: true
    }
  },
  _message: 'ParkingSession validation failed'
}
[Mail] Sent email to le492381@gmail.com: [iPARK] Nhắc nhở: Xe 18A12345 vẫn đang trong bãi
[Scheduler] Subscription job error: ValidationError: ParkingSession validation failed: vehicleType: Path `vehicleType` is required.
    at model.validate (E:\AI-Integrated-Car-Parking-Management-System-iPARK-\backend\node_modules\mongoose\lib\document.js:2864:36)
    at process.processTicksAndRejections (node:internal/process/task_queues:105:5)
    at async model.$__save (E:\AI-Integrated-Car-Parking-Management-System-iPARK-\backend\node_modules\mongoose\lib\model.js:398:7)
    at async maybeTracedSave (E:\AI-Integrated-Car-Parking-Management-System-iPARK-\backend\node_modules\mongoose\lib\model.js:674:7)
    at async sendPrepaidReminders (E:\AI-Integrated-Car-Parking-Management-System-iPARK-\backend\src\services\reminder.service.ts:164:5)
    at async R.Cron.protect (E:\AI-Integrated-Car-Parking-Management-System-iPARK-\backend\src\services\scheduler.service.ts:42:28)
    at async R._trigger (file:///E:/AI-Integrated-Car-Parking-Management-System-iPARK-/node_modules/croner/dist/croner.js:1:16204) {
  errors: {
    vehicleType: ValidatorError: Path `vehicleType` is required.
        at SchemaString.doValidate (E:\AI-Integrated-Car-Parking-Management-System-iPARK-\backend\node_modules\mongoose\lib\schemaType.js:1515:13)
        at model.validate (E:\AI-Integrated-Car-Parking-Management-System-iPARK-\backend\node_modules\mongoose\lib\document.js:2842:20)
        at process.processTicksAndRejections (node:internal/process/task_queues:105:5)
        at async model.$__save (E:\AI-Integrated-Car-Parking-Management-System-iPARK-\backend\node_modules\mongoose\lib\model.js:398:7)
        at async maybeTracedSave (E:\AI-Integrated-Car-Parking-Management-System-iPARK-\backend\node_modules\mongoose\lib\model.js:674:7)
        at async sendPrepaidReminders (E:\AI-Integrated-Car-Parking-Management-System-iPARK-\backend\src\services\reminder.service.ts:164:5)
        at async R.Cron.protect (E:\AI-Integrated-Car-Parking-Management-System-iPARK-\backend\src\services\scheduler.service.ts:42:28)
        at async R._trigger (file:///E:/AI-Integrated-Car-Parking-Management-System-iPARK-/node_modules/croner/dist/croner.js:1:16204) {
      properties: [Object],
      kind: 'required',
      path: 'vehicleType',
      value: undefined,
      reason: undefined,
      [Symbol(mongoose#validatorError)]: true
    }
  },
  _message: 'ParkingSession validation failed'
}
[Mail] Sent email to le492381@gmail.com: [iPARK] Nhắc nhở: Xe 18A12345 vẫn đang trong bãi
[Scheduler] Subscription job error: ValidationError: ParkingSession validation failed: vehicleType: Path `vehicleType` is required.
    at model.validate (E:\AI-Integrated-Car-Parking-Management-System-iPARK-\backend\node_modules\mongoose\lib\document.js:2864:36)
    at process.processTicksAndRejections (node:internal/process/task_queues:105:5)
    at async model.$__save (E:\AI-Integrated-Car-Parking-Management-System-iPARK-\backend\node_modules\mongoose\lib\model.js:398:7)
    at async maybeTracedSave (E:\AI-Integrated-Car-Parking-Management-System-iPARK-\backend\node_modules\mongoose\lib\model.js:674:7)
    at async sendPrepaidReminders (E:\AI-Integrated-Car-Parking-Management-System-iPARK-\backend\src\services\reminder.service.ts:164:5)
    at async R.Cron.protect (E:\AI-Integrated-Car-Parking-Management-System-iPARK-\backend\src\services\scheduler.service.ts:42:28)
    at async R._trigger (file:///E:/AI-Integrated-Car-Parking-Management-System-iPARK-/node_modules/croner/dist/croner.js:1:16204) {
  errors: {
    vehicleType: ValidatorError: Path `vehicleType` is required.
        at SchemaString.doValidate (E:\AI-Integrated-Car-Parking-Management-System-iPARK-\backend\node_modules\mongoose\lib\schemaType.js:1515:13)
        at model.validate (E:\AI-Integrated-Car-Parking-Management-System-iPARK-\backend\node_modules\mongoose\lib\document.js:2842:20)
        at process.processTicksAndRejections (node:internal/process/task_queues:105:5)
        at async model.$__save (E:\AI-Integrated-Car-Parking-Management-System-iPARK-\backend\node_modules\mongoose\lib\model.js:398:7)
        at async maybeTracedSave (E:\AI-Integrated-Car-Parking-Management-System-iPARK-\backend\node_modules\mongoose\lib\model.js:674:7)
        at async sendPrepaidReminders (E:\AI-Integrated-Car-Parking-Management-System-iPARK-\backend\src\services\reminder.service.ts:164:5)
        at async R.Cron.protect (E:\AI-Integrated-Car-Parking-Management-System-iPARK-\backend\src\services\scheduler.service.ts:42:28)
        at async R._trigger (file:///E:/AI-Integrated-Car-Parking-Management-System-iPARK-/node_modules/croner/dist/croner.js:1:16204) {
      properties: [Object],
      kind: 'required',
      path: 'vehicleType',
      value: undefined,
      reason: undefined,
      [Symbol(mongoose#validatorError)]: true
    }
  },
  _message: 'ParkingSession validation failed'
}
[Mail] Sent email to le492381@gmail.com: [iPARK] Nhắc nhở: Xe 18A12345 vẫn đang trong bãi
[Scheduler] Subscription job error: ValidationError: ParkingSession validation failed: vehicleType: Path `vehicleType` is required.
    at model.validate (E:\AI-Integrated-Car-Parking-Management-System-iPARK-\backend\node_modules\mongoose\lib\document.js:2864:36)
    at process.processTicksAndRejections (node:internal/process/task_queues:105:5)
    at async model.$__save (E:\AI-Integrated-Car-Parking-Management-System-iPARK-\backend\node_modules\mongoose\lib\model.js:398:7)
    at async maybeTracedSave (E:\AI-Integrated-Car-Parking-Management-System-iPARK-\backend\node_modules\mongoose\lib\model.js:674:7)
    at async sendPrepaidReminders (E:\AI-Integrated-Car-Parking-Management-System-iPARK-\backend\src\services\reminder.service.ts:164:5)
    at async R.Cron.protect (E:\AI-Integrated-Car-Parking-Management-System-iPARK-\backend\src\services\scheduler.service.ts:42:28)
    at async R._trigger (file:///E:/AI-Integrated-Car-Parking-Management-System-iPARK-/node_modules/croner/dist/croner.js:1:16204) {
  errors: {
    vehicleType: ValidatorError: Path `vehicleType` is required.
        at SchemaString.doValidate (E:\AI-Integrated-Car-Parking-Management-System-iPARK-\backend\node_modules\mongoose\lib\schemaType.js:1515:13)
        at model.validate (E:\AI-Integrated-Car-Parking-Management-System-iPARK-\backend\node_modules\mongoose\lib\document.js:2842:20)
        at process.processTicksAndRejections (node:internal/process/task_queues:105:5)
        at async model.$__save (E:\AI-Integrated-Car-Parking-Management-System-iPARK-\backend\node_modules\mongoose\lib\model.js:398:7)
        at async maybeTracedSave (E:\AI-Integrated-Car-Parking-Management-System-iPARK-\backend\node_modules\mongoose\lib\model.js:674:7)
        at async sendPrepaidReminders (E:\AI-Integrated-Car-Parking-Management-System-iPARK-\backend\src\services\reminder.service.ts:164:5)
        at async R.Cron.protect (E:\AI-Integrated-Car-Parking-Management-System-iPARK-\backend\src\services\scheduler.service.ts:42:28)
        at async R._trigger (file:///E:/AI-Integrated-Car-Parking-Management-System-iPARK-/node_modules/croner/dist/croner.js:1:16204) {
      properties: [Object],
      kind: 'required',
      path: 'vehicleType',
      value: undefined,
      reason: undefined,
      [Symbol(mongoose#validatorError)]: true
    }
  },
  _message: 'ParkingSession validation failed'
}
[Mail] Sent email to le492381@gmail.com: [iPARK] Nhắc nhở: Xe 18A12345 vẫn đang trong bãi
[Scheduler] Subscription job error: ValidationError: ParkingSession validation failed: vehicleType: Path `vehicleType` is required.
    at model.validate (E:\AI-Integrated-Car-Parking-Management-System-iPARK-\backend\node_modules\mongoose\lib\document.js:2864:36)
    at process.processTicksAndRejections (node:internal/process/task_queues:105:5)
    at async model.$__save (E:\AI-Integrated-Car-Parking-Management-System-iPARK-\backend\node_modules\mongoose\lib\model.js:398:7)
    at async maybeTracedSave (E:\AI-Integrated-Car-Parking-Management-System-iPARK-\backend\node_modules\mongoose\lib\model.js:674:7)
    at async sendPrepaidReminders (E:\AI-Integrated-Car-Parking-Management-System-iPARK-\backend\src\services\reminder.service.ts:164:5)
    at async R.Cron.protect (E:\AI-Integrated-Car-Parking-Management-System-iPARK-\backend\src\services\scheduler.service.ts:42:28)
    at async R._trigger (file:///E:/AI-Integrated-Car-Parking-Management-System-iPARK-/node_modules/croner/dist/croner.js:1:16204) {
  errors: {
    vehicleType: ValidatorError: Path `vehicleType` is required.
        at SchemaString.doValidate (E:\AI-Integrated-Car-Parking-Management-System-iPARK-\backend\node_modules\mongoose\lib\schemaType.js:1515:13)
        at model.validate (E:\AI-Integrated-Car-Parking-Management-System-iPARK-\backend\node_modules\mongoose\lib\document.js:2842:20)
        at process.processTicksAndRejections (node:internal/process/task_queues:105:5)
        at async model.$__save (E:\AI-Integrated-Car-Parking-Management-System-iPARK-\backend\node_modules\mongoose\lib\model.js:398:7)
        at async maybeTracedSave (E:\AI-Integrated-Car-Parking-Management-System-iPARK-\backend\node_modules\mongoose\lib\model.js:674:7)
        at async sendPrepaidReminders (E:\AI-Integrated-Car-Parking-Management-System-iPARK-\backend\src\services\reminder.service.ts:164:5)
        at async R.Cron.protect (E:\AI-Integrated-Car-Parking-Management-System-iPARK-\backend\src\services\scheduler.service.ts:42:28)
        at async R._trigger (file:///E:/AI-Integrated-Car-Parking-Management-System-iPARK-/node_modules/croner/dist/croner.js:1:16204) {
      properties: [Object],
      kind: 'required',
      path: 'vehicleType',
      value: undefined,
      reason: undefined,
      [Symbol(mongoose#validatorError)]: true
    }
  },
  _message: 'ParkingSession validation failed'
}
[Mail] Sent email to le492381@gmail.com: [iPARK] Nhắc nhở: Xe 18A12345 vẫn đang trong bãi
[Scheduler] Subscription job error: ValidationError: ParkingSession validation failed: vehicleType: Path `vehicleType` is required.
    at model.validate (E:\AI-Integrated-Car-Parking-Management-System-iPARK-\backend\node_modules\mongoose\lib\document.js:2864:36)
    at process.processTicksAndRejections (node:internal/process/task_queues:105:5)
    at async model.$__save (E:\AI-Integrated-Car-Parking-Management-System-iPARK-\backend\node_modules\mongoose\lib\model.js:398:7)
    at async maybeTracedSave (E:\AI-Integrated-Car-Parking-Management-System-iPARK-\backend\node_modules\mongoose\lib\model.js:674:7)
    at async sendPrepaidReminders (E:\AI-Integrated-Car-Parking-Management-System-iPARK-\backend\src\services\reminder.service.ts:164:5)
    at async R.Cron.protect (E:\AI-Integrated-Car-Parking-Management-System-iPARK-\backend\src\services\scheduler.service.ts:42:28)
    at async R._trigger (file:///E:/AI-Integrated-Car-Parking-Management-System-iPARK-/node_modules/croner/dist/croner.js:1:16204) {
  errors: {
    vehicleType: ValidatorError: Path `vehicleType` is required.
        at SchemaString.doValidate (E:\AI-Integrated-Car-Parking-Management-System-iPARK-\backend\node_modules\mongoose\lib\schemaType.js:1515:13)
        at model.validate (E:\AI-Integrated-Car-Parking-Management-System-iPARK-\backend\node_modules\mongoose\lib\document.js:2842:20)
        at process.processTicksAndRejections (node:internal/process/task_queues:105:5)
        at async model.$__save (E:\AI-Integrated-Car-Parking-Management-System-iPARK-\backend\node_modules\mongoose\lib\model.js:398:7)
        at async maybeTracedSave (E:\AI-Integrated-Car-Parking-Management-System-iPARK-\backend\node_modules\mongoose\lib\model.js:674:7)
        at async sendPrepaidReminders (E:\AI-Integrated-Car-Parking-Management-System-iPARK-\backend\src\services\reminder.service.ts:164:5)
        at async R.Cron.protect (E:\AI-Integrated-Car-Parking-Management-System-iPARK-\backend\src\services\scheduler.service.ts:42:28)
        at async R._trigger (file:///E:/AI-Integrated-Car-Parking-Management-System-iPARK-/node_modules/croner/dist/croner.js:1:16204) {
      properties: [Object],
      kind: 'required',
      path: 'vehicleType',
      value: undefined,
      reason: undefined,
      [Symbol(mongoose#validatorError)]: true
    }
  },
  _message: 'ParkingSession validation failed'
}
[Mail] Sent email to le492381@gmail.com: [iPARK] Nhắc nhở: Xe 18A12345 vẫn đang trong bãi
[Scheduler] Subscription job error: ValidationError: ParkingSession validation failed: vehicleType: Path `vehicleType` is required.
    at model.validate (E:\AI-Integrated-Car-Parking-Management-System-iPARK-\backend\node_modules\mongoose\lib\document.js:2864:36)
    at process.processTicksAndRejections (node:internal/process/task_queues:105:5)
    at async model.$__save (E:\AI-Integrated-Car-Parking-Management-System-iPARK-\backend\node_modules\mongoose\lib\model.js:398:7)
    at async maybeTracedSave (E:\AI-Integrated-Car-Parking-Management-System-iPARK-\backend\node_modules\mongoose\lib\model.js:674:7)
    at async sendPrepaidReminders (E:\AI-Integrated-Car-Parking-Management-System-iPARK-\backend\src\services\reminder.service.ts:164:5)
    at async R.Cron.protect (E:\AI-Integrated-Car-Parking-Management-System-iPARK-\backend\src\services\scheduler.service.ts:42:28)
    at async R._trigger (file:///E:/AI-Integrated-Car-Parking-Management-System-iPARK-/node_modules/croner/dist/croner.js:1:16204) {
  errors: {
    vehicleType: ValidatorError: Path `vehicleType` is required.
        at SchemaString.doValidate (E:\AI-Integrated-Car-Parking-Management-System-iPARK-\backend\node_modules\mongoose\lib\schemaType.js:1515:13)
        at model.validate (E:\AI-Integrated-Car-Parking-Management-System-iPARK-\backend\node_modules\mongoose\lib\document.js:2842:20)
        at process.processTicksAndRejections (node:internal/process/task_queues:105:5)
        at async model.$__save (E:\AI-Integrated-Car-Parking-Management-System-iPARK-\backend\node_modules\mongoose\lib\model.js:398:7)
        at async maybeTracedSave (E:\AI-Integrated-Car-Parking-Management-System-iPARK-\backend\node_modules\mongoose\lib\model.js:674:7)
        at async sendPrepaidReminders (E:\AI-Integrated-Car-Parking-Management-System-iPARK-\backend\src\services\reminder.service.ts:164:5)
        at async R.Cron.protect (E:\AI-Integrated-Car-Parking-Management-System-iPARK-\backend\src\services\scheduler.service.ts:42:28)
        at async R._trigger (file:///E:/AI-Integrated-Car-Parking-Management-System-iPARK-/node_modules/croner/dist/croner.js:1:16204) {
      properties: [Object],
      kind: 'required',
      path: 'vehicleType',
      value: undefined,
      reason: undefined,
      [Symbol(mongoose#validatorError)]: true
    }
  },
  _message: 'ParkingSession validation failed'
}
[Mail] Sent email to le492381@gmail.com: [iPARK] Nhắc nhở: Xe 18A12345 vẫn đang trong bãi
[Scheduler] Subscription job error: ValidationError: ParkingSession validation failed: vehicleType: Path `vehicleType` is required.
    at model.validate (E:\AI-Integrated-Car-Parking-Management-System-iPARK-\backend\node_modules\mongoose\lib\document.js:2864:36)
    at process.processTicksAndRejections (node:internal/process/task_queues:105:5)
    at async model.$__save (E:\AI-Integrated-Car-Parking-Management-System-iPARK-\backend\node_modules\mongoose\lib\model.js:398:7)
    at async maybeTracedSave (E:\AI-Integrated-Car-Parking-Management-System-iPARK-\backend\node_modules\mongoose\lib\model.js:674:7)
    at async sendPrepaidReminders (E:\AI-Integrated-Car-Parking-Management-System-iPARK-\backend\src\services\reminder.service.ts:164:5)
    at async R.Cron.protect (E:\AI-Integrated-Car-Parking-Management-System-iPARK-\backend\src\services\scheduler.service.ts:42:28)
    at async R._trigger (file:///E:/AI-Integrated-Car-Parking-Management-System-iPARK-/node_modules/croner/dist/croner.js:1:16204) {
  errors: {
    vehicleType: ValidatorError: Path `vehicleType` is required.
        at SchemaString.doValidate (E:\AI-Integrated-Car-Parking-Management-System-iPARK-\backend\node_modules\mongoose\lib\schemaType.js:1515:13)
        at model.validate (E:\AI-Integrated-Car-Parking-Management-System-iPARK-\backend\node_modules\mongoose\lib\document.js:2842:20)
        at process.processTicksAndRejections (node:internal/process/task_queues:105:5)
        at async model.$__save (E:\AI-Integrated-Car-Parking-Management-System-iPARK-\backend\node_modules\mongoose\lib\model.js:398:7)
        at async maybeTracedSave (E:\AI-Integrated-Car-Parking-Management-System-iPARK-\backend\node_modules\mongoose\lib\model.js:674:7)
        at async sendPrepaidReminders (E:\AI-Integrated-Car-Parking-Management-System-iPARK-\backend\src\services\reminder.service.ts:164:5)
        at async R.Cron.protect (E:\AI-Integrated-Car-Parking-Management-System-iPARK-\backend\src\services\scheduler.service.ts:42:28)
        at async R._trigger (file:///E:/AI-Integrated-Car-Parking-Management-System-iPARK-/node_modules/croner/dist/croner.js:1:16204) {
      properties: [Object],
      kind: 'required',
      path: 'vehicleType',
      value: undefined,
      reason: undefined,
      [Symbol(mongoose#validatorError)]: true
    }
  },
  _message: 'ParkingSession validation failed'
}
[Mail] Sent email to le492381@gmail.com: [iPARK] Nhắc nhở: Xe 18A12345 vẫn đang trong bãi
[Scheduler] Subscription job error: ValidationError: ParkingSession validation failed: vehicleType: Path `vehicleType` is required.
    at model.validate (E:\AI-Integrated-Car-Parking-Management-System-iPARK-\backend\node_modules\mongoose\lib\document.js:2864:36)
    at process.processTicksAndRejections (node:internal/process/task_queues:105:5)
    at async model.$__save (E:\AI-Integrated-Car-Parking-Management-System-iPARK-\backend\node_modules\mongoose\lib\model.js:398:7)
    at async maybeTracedSave (E:\AI-Integrated-Car-Parking-Management-System-iPARK-\backend\node_modules\mongoose\lib\model.js:674:7)
    at async sendPrepaidReminders (E:\AI-Integrated-Car-Parking-Management-System-iPARK-\backend\src\services\reminder.service.ts:164:5)
    at async R.Cron.protect (E:\AI-Integrated-Car-Parking-Management-System-iPARK-\backend\src\services\scheduler.service.ts:42:28)
    at async R._trigger (file:///E:/AI-Integrated-Car-Parking-Management-System-iPARK-/node_modules/croner/dist/croner.js:1:16204) {
  errors: {
    vehicleType: ValidatorError: Path `vehicleType` is required.
        at SchemaString.doValidate (E:\AI-Integrated-Car-Parking-Management-System-iPARK-\backend\node_modules\mongoose\lib\schemaType.js:1515:13)
        at model.validate (E:\AI-Integrated-Car-Parking-Management-System-iPARK-\backend\node_modules\mongoose\lib\document.js:2842:20)
        at process.processTicksAndRejections (node:internal/process/task_queues:105:5)
        at async model.$__save (E:\AI-Integrated-Car-Parking-Management-System-iPARK-\backend\node_modules\mongoose\lib\model.js:398:7)
        at async maybeTracedSave (E:\AI-Integrated-Car-Parking-Management-System-iPARK-\backend\node_modules\mongoose\lib\model.js:674:7)
        at async sendPrepaidReminders (E:\AI-Integrated-Car-Parking-Management-System-iPARK-\backend\src\services\reminder.service.ts:164:5)
        at async R.Cron.protect (E:\AI-Integrated-Car-Parking-Management-System-iPARK-\backend\src\services\scheduler.service.ts:42:28)
        at async R._trigger (file:///E:/AI-Integrated-Car-Parking-Management-System-iPARK-/node_modules/croner/dist/croner.js:1:16204) {
      properties: [Object],
      kind: 'required',
      path: 'vehicleType',
      value: undefined,
      reason: undefined,
      [Symbol(mongoose#validatorError)]: true
    }
  },
  _message: 'ParkingSession validation failed'
}
[Mail] Sent email to le492381@gmail.com: [iPARK] Nhắc nhở: Xe 18A12345 vẫn đang trong bãi
[Scheduler] Subscription job error: ValidationError: ParkingSession validation failed: vehicleType: Path `vehicleType` is required.
    at model.validate (E:\AI-Integrated-Car-Parking-Management-System-iPARK-\backend\node_modules\mongoose\lib\document.js:2864:36)
    at process.processTicksAndRejections (node:internal/process/task_queues:105:5)
    at async model.$__save (E:\AI-Integrated-Car-Parking-Management-System-iPARK-\backend\node_modules\mongoose\lib\model.js:398:7)
    at async maybeTracedSave (E:\AI-Integrated-Car-Parking-Management-System-iPARK-\backend\node_modules\mongoose\lib\model.js:674:7)
    at async sendPrepaidReminders (E:\AI-Integrated-Car-Parking-Management-System-iPARK-\backend\src\services\reminder.service.ts:164:5)
    at async R.Cron.protect (E:\AI-Integrated-Car-Parking-Management-System-iPARK-\backend\src\services\scheduler.service.ts:42:28)
    at async R._trigger (file:///E:/AI-Integrated-Car-Parking-Management-System-iPARK-/node_modules/croner/dist/croner.js:1:16204) {
  errors: {
    vehicleType: ValidatorError: Path `vehicleType` is required.
        at SchemaString.doValidate (E:\AI-Integrated-Car-Parking-Management-System-iPARK-\backend\node_modules\mongoose\lib\schemaType.js:1515:13)
        at model.validate (E:\AI-Integrated-Car-Parking-Management-System-iPARK-\backend\node_modules\mongoose\lib\document.js:2842:20)
        at process.processTicksAndRejections (node:internal/process/task_queues:105:5)
        at async model.$__save (E:\AI-Integrated-Car-Parking-Management-System-iPARK-\backend\node_modules\mongoose\lib\model.js:398:7)
        at async maybeTracedSave (E:\AI-Integrated-Car-Parking-Management-System-iPARK-\backend\node_modules\mongoose\lib\model.js:674:7)
        at async sendPrepaidReminders (E:\AI-Integrated-Car-Parking-Management-System-iPARK-\backend\src\services\reminder.service.ts:164:5)
        at async R.Cron.protect (E:\AI-Integrated-Car-Parking-Management-System-iPARK-\backend\src\services\scheduler.service.ts:42:28)
        at async R._trigger (file:///E:/AI-Integrated-Car-Parking-Management-System-iPARK-/node_modules/croner/dist/croner.js:1:16204) {
      properties: [Object],
      kind: 'required',
      path: 'vehicleType',
      value: undefined,
      reason: undefined,
      [Symbol(mongoose#validatorError)]: true
    }
  },
  _message: 'ParkingSession validation failed'
}
[Mail] Sent email to le492381@gmail.com: [iPARK] Nhắc nhở: Xe 18A12345 vẫn đang trong bãi
[Scheduler] Subscription job error: ValidationError: ParkingSession validation failed: vehicleType: Path `vehicleType` is required.
    at model.validate (E:\AI-Integrated-Car-Parking-Management-System-iPARK-\backend\node_modules\mongoose\lib\document.js:2864:36)
    at process.processTicksAndRejections (node:internal/process/task_queues:105:5)
    at async model.$__save (E:\AI-Integrated-Car-Parking-Management-System-iPARK-\backend\node_modules\mongoose\lib\model.js:398:7)
    at async maybeTracedSave (E:\AI-Integrated-Car-Parking-Management-System-iPARK-\backend\node_modules\mongoose\lib\model.js:674:7)
    at async sendPrepaidReminders (E:\AI-Integrated-Car-Parking-Management-System-iPARK-\backend\src\services\reminder.service.ts:164:5)
    at async R.Cron.protect (E:\AI-Integrated-Car-Parking-Management-System-iPARK-\backend\src\services\scheduler.service.ts:42:28)
    at async R._trigger (file:///E:/AI-Integrated-Car-Parking-Management-System-iPARK-/node_modules/croner/dist/croner.js:1:16204) {
  errors: {
    vehicleType: ValidatorError: Path `vehicleType` is required.
        at SchemaString.doValidate (E:\AI-Integrated-Car-Parking-Management-System-iPARK-\backend\node_modules\mongoose\lib\schemaType.js:1515:13)
        at model.validate (E:\AI-Integrated-Car-Parking-Management-System-iPARK-\backend\node_modules\mongoose\lib\document.js:2842:20)
        at process.processTicksAndRejections (node:internal/process/task_queues:105:5)
        at async model.$__save (E:\AI-Integrated-Car-Parking-Management-System-iPARK-\backend\node_modules\mongoose\lib\model.js:398:7)
        at async maybeTracedSave (E:\AI-Integrated-Car-Parking-Management-System-iPARK-\backend\node_modules\mongoose\lib\model.js:674:7)
        at async sendPrepaidReminders (E:\AI-Integrated-Car-Parking-Management-System-iPARK-\backend\src\services\reminder.service.ts:164:5)
        at async R.Cron.protect (E:\AI-Integrated-Car-Parking-Management-System-iPARK-\backend\src\services\scheduler.service.ts:42:28)
        at async R._trigger (file:///E:/AI-Integrated-Car-Parking-Management-System-iPARK-/node_modules/croner/dist/croner.js:1:16204) {
      properties: [Object],
      kind: 'required',
      path: 'vehicleType',
      value: undefined,
      reason: undefined,
      [Symbol(mongoose#validatorError)]: true
    }
  },
  _message: 'ParkingSession validation failed'
}
[Mail] Sent email to le492381@gmail.com: [iPARK] Nhắc nhở: Xe 18A12345 vẫn đang trong bãi
[Scheduler] Subscription job error: ValidationError: ParkingSession validation failed: vehicleType: Path `vehicleType` is required.
    at model.validate (E:\AI-Integrated-Car-Parking-Management-System-iPARK-\backend\node_modules\mongoose\lib\document.js:2864:36)
    at process.processTicksAndRejections (node:internal/process/task_queues:105:5)
    at async model.$__save (E:\AI-Integrated-Car-Parking-Management-System-iPARK-\backend\node_modules\mongoose\lib\model.js:398:7)
    at async maybeTracedSave (E:\AI-Integrated-Car-Parking-Management-System-iPARK-\backend\node_modules\mongoose\lib\model.js:674:7)
    at async sendPrepaidReminders (E:\AI-Integrated-Car-Parking-Management-System-iPARK-\backend\src\services\reminder.service.ts:164:5)
    at async R.Cron.protect (E:\AI-Integrated-Car-Parking-Management-System-iPARK-\backend\src\services\scheduler.service.ts:42:28)
    at async R._trigger (file:///E:/AI-Integrated-Car-Parking-Management-System-iPARK-/node_modules/croner/dist/croner.js:1:16204) {
  errors: {
    vehicleType: ValidatorError: Path `vehicleType` is required.
        at SchemaString.doValidate (E:\AI-Integrated-Car-Parking-Management-System-iPARK-\backend\node_modules\mongoose\lib\schemaType.js:1515:13)
        at model.validate (E:\AI-Integrated-Car-Parking-Management-System-iPARK-\backend\node_modules\mongoose\lib\document.js:2842:20)
        at process.processTicksAndRejections (node:internal/process/task_queues:105:5)
        at async model.$__save (E:\AI-Integrated-Car-Parking-Management-System-iPARK-\backend\node_modules\mongoose\lib\model.js:398:7)
        at async maybeTracedSave (E:\AI-Integrated-Car-Parking-Management-System-iPARK-\backend\node_modules\mongoose\lib\model.js:674:7)
        at async sendPrepaidReminders (E:\AI-Integrated-Car-Parking-Management-System-iPARK-\backend\src\services\reminder.service.ts:164:5)
        at async R.Cron.protect (E:\AI-Integrated-Car-Parking-Management-System-iPARK-\backend\src\services\scheduler.service.ts:42:28)
        at async R._trigger (file:///E:/AI-Integrated-Car-Parking-Management-System-iPARK-/node_modules/croner/dist/croner.js:1:16204) {
      properties: [Object],
      kind: 'required',
      path: 'vehicleType',
      value: undefined,
      reason: undefined,
      [Symbol(mongoose#validatorError)]: true
    }
  },
  _message: 'ParkingSession validation failed'
}
[Mail] Sent email to le492381@gmail.com: [iPARK] Nhắc nhở: Xe 18A12345 vẫn đang trong bãi
[Scheduler] Subscription job error: ValidationError: ParkingSession validation failed: vehicleType: Path `vehicleType` is required.
    at model.validate (E:\AI-Integrated-Car-Parking-Management-System-iPARK-\backend\node_modules\mongoose\lib\document.js:2864:36)
    at process.processTicksAndRejections (node:internal/process/task_queues:105:5)
    at async model.$__save (E:\AI-Integrated-Car-Parking-Management-System-iPARK-\backend\node_modules\mongoose\lib\model.js:398:7)
    at async maybeTracedSave (E:\AI-Integrated-Car-Parking-Management-System-iPARK-\backend\node_modules\mongoose\lib\model.js:674:7)
    at async sendPrepaidReminders (E:\AI-Integrated-Car-Parking-Management-System-iPARK-\backend\src\services\reminder.service.ts:164:5)
    at async R.Cron.protect (E:\AI-Integrated-Car-Parking-Management-System-iPARK-\backend\src\services\scheduler.service.ts:42:28)
    at async R._trigger (file:///E:/AI-Integrated-Car-Parking-Management-System-iPARK-/node_modules/croner/dist/croner.js:1:16204) {
  errors: {
    vehicleType: ValidatorError: Path `vehicleType` is required.
        at SchemaString.doValidate (E:\AI-Integrated-Car-Parking-Management-System-iPARK-\backend\node_modules\mongoose\lib\schemaType.js:1515:13)
        at model.validate (E:\AI-Integrated-Car-Parking-Management-System-iPARK-\backend\node_modules\mongoose\lib\document.js:2842:20)
        at process.processTicksAndRejections (node:internal/process/task_queues:105:5)
        at async model.$__save (E:\AI-Integrated-Car-Parking-Management-System-iPARK-\backend\node_modules\mongoose\lib\model.js:398:7)
        at async maybeTracedSave (E:\AI-Integrated-Car-Parking-Management-System-iPARK-\backend\node_modules\mongoose\lib\model.js:674:7)
        at async sendPrepaidReminders (E:\AI-Integrated-Car-Parking-Management-System-iPARK-\backend\src\services\reminder.service.ts:164:5)
        at async R.Cron.protect (E:\AI-Integrated-Car-Parking-Management-System-iPARK-\backend\src\services\scheduler.service.ts:42:28)
        at async R._trigger (file:///E:/AI-Integrated-Car-Parking-Management-System-iPARK-/node_modules/croner/dist/croner.js:1:16204) {
      properties: [Object],
      kind: 'required',
      path: 'vehicleType',
      value: undefined,
      reason: undefined,
      [Symbol(mongoose#validatorError)]: true
    }
  },
  _message: 'ParkingSession validation failed'
}
[Mail] Sent email to le492381@gmail.com: [iPARK] Nhắc nhở: Xe 18A12345 vẫn đang trong bãi
[Scheduler] Subscription job error: ValidationError: ParkingSession validation failed: vehicleType: Path `vehicleType` is required.
    at model.validate (E:\AI-Integrated-Car-Parking-Management-System-iPARK-\backend\node_modules\mongoose\lib\document.js:2864:36)
    at process.processTicksAndRejections (node:internal/process/task_queues:105:5)
    at async model.$__save (E:\AI-Integrated-Car-Parking-Management-System-iPARK-\backend\node_modules\mongoose\lib\model.js:398:7)
    at async maybeTracedSave (E:\AI-Integrated-Car-Parking-Management-System-iPARK-\backend\node_modules\mongoose\lib\model.js:674:7)
    at async sendPrepaidReminders (E:\AI-Integrated-Car-Parking-Management-System-iPARK-\backend\src\services\reminder.service.ts:164:5)
    at async R.Cron.protect (E:\AI-Integrated-Car-Parking-Management-System-iPARK-\backend\src\services\scheduler.service.ts:42:28)
    at async R._trigger (file:///E:/AI-Integrated-Car-Parking-Management-System-iPARK-/node_modules/croner/dist/croner.js:1:16204) {
  errors: {
    vehicleType: ValidatorError: Path `vehicleType` is required.
        at SchemaString.doValidate (E:\AI-Integrated-Car-Parking-Management-System-iPARK-\backend\node_modules\mongoose\lib\schemaType.js:1515:13)
        at model.validate (E:\AI-Integrated-Car-Parking-Management-System-iPARK-\backend\node_modules\mongoose\lib\document.js:2842:20)
        at process.processTicksAndRejections (node:internal/process/task_queues:105:5)
        at async model.$__save (E:\AI-Integrated-Car-Parking-Management-System-iPARK-\backend\node_modules\mongoose\lib\model.js:398:7)
        at async maybeTracedSave (E:\AI-Integrated-Car-Parking-Management-System-iPARK-\backend\node_modules\mongoose\lib\model.js:674:7)
        at async sendPrepaidReminders (E:\AI-Integrated-Car-Parking-Management-System-iPARK-\backend\src\services\reminder.service.ts:164:5)
        at async R.Cron.protect (E:\AI-Integrated-Car-Parking-Management-System-iPARK-\backend\src\services\scheduler.service.ts:42:28)
        at async R._trigger (file:///E:/AI-Integrated-Car-Parking-Management-System-iPARK-/node_modules/croner/dist/croner.js:1:16204) {
      properties: [Object],
      kind: 'required',
      path: 'vehicleType',
      value: undefined,
      reason: undefined,
      [Symbol(mongoose#validatorError)]: true
    }
  },
  _message: 'ParkingSession validation failed'
}
[Mail] Sent email to le492381@gmail.com: [iPARK] Nhắc nhở: Xe 18A12345 vẫn đang trong bãi
[Scheduler] Subscription job error: ValidationError: ParkingSession validation failed: vehicleType: Path `vehicleType` is required.
    at model.validate (E:\AI-Integrated-Car-Parking-Management-System-iPARK-\backend\node_modules\mongoose\lib\document.js:2864:36)
    at process.processTicksAndRejections (node:internal/process/task_queues:105:5)
    at async model.$__save (E:\AI-Integrated-Car-Parking-Management-System-iPARK-\backend\node_modules\mongoose\lib\model.js:398:7)
    at async maybeTracedSave (E:\AI-Integrated-Car-Parking-Management-System-iPARK-\backend\node_modules\mongoose\lib\model.js:674:7)
    at async sendPrepaidReminders (E:\AI-Integrated-Car-Parking-Management-System-iPARK-\backend\src\services\reminder.service.ts:164:5)
    at async R.Cron.protect (E:\AI-Integrated-Car-Parking-Management-System-iPARK-\backend\src\services\scheduler.service.ts:42:28)
    at async R._trigger (file:///E:/AI-Integrated-Car-Parking-Management-System-iPARK-/node_modules/croner/dist/croner.js:1:16204) {
  errors: {
    vehicleType: ValidatorError: Path `vehicleType` is required.
        at SchemaString.doValidate (E:\AI-Integrated-Car-Parking-Management-System-iPARK-\backend\node_modules\mongoose\lib\schemaType.js:1515:13)
        at model.validate (E:\AI-Integrated-Car-Parking-Management-System-iPARK-\backend\node_modules\mongoose\lib\document.js:2842:20)
        at process.processTicksAndRejections (node:internal/process/task_queues:105:5)
        at async model.$__save (E:\AI-Integrated-Car-Parking-Management-System-iPARK-\backend\node_modules\mongoose\lib\model.js:398:7)
        at async maybeTracedSave (E:\AI-Integrated-Car-Parking-Management-System-iPARK-\backend\node_modules\mongoose\lib\model.js:674:7)
        at async sendPrepaidReminders (E:\AI-Integrated-Car-Parking-Management-System-iPARK-\backend\src\services\reminder.service.ts:164:5)
        at async R.Cron.protect (E:\AI-Integrated-Car-Parking-Management-System-iPARK-\backend\src\services\scheduler.service.ts:42:28)
        at async R._trigger (file:///E:/AI-Integrated-Car-Parking-Management-System-iPARK-/node_modules/croner/dist/croner.js:1:16204) {
      properties: [Object],
      kind: 'required',
      path: 'vehicleType',
      value: undefined,
      reason: undefined,
      [Symbol(mongoose#validatorError)]: true
    }
  },
  _message: 'ParkingSession validation failed'
}
[Mail] Sent email to le492381@gmail.com: [iPARK] Nhắc nhở: Xe 18A12345 vẫn đang trong bãi
[Scheduler] Subscription job error: ValidationError: ParkingSession validation failed: vehicleType: Path `vehicleType` is required.
    at model.validate (E:\AI-Integrated-Car-Parking-Management-System-iPARK-\backend\node_modules\mongoose\lib\document.js:2864:36)
    at process.processTicksAndRejections (node:internal/process/task_queues:105:5)
    at async model.$__save (E:\AI-Integrated-Car-Parking-Management-System-iPARK-\backend\node_modules\mongoose\lib\model.js:398:7)
    at async maybeTracedSave (E:\AI-Integrated-Car-Parking-Management-System-iPARK-\backend\node_modules\mongoose\lib\model.js:674:7)
    at async sendPrepaidReminders (E:\AI-Integrated-Car-Parking-Management-System-iPARK-\backend\src\services\reminder.service.ts:164:5)
    at async R.Cron.protect (E:\AI-Integrated-Car-Parking-Management-System-iPARK-\backend\src\services\scheduler.service.ts:42:28)
    at async R._trigger (file:///E:/AI-Integrated-Car-Parking-Management-System-iPARK-/node_modules/croner/dist/croner.js:1:16204) {
  errors: {
    vehicleType: ValidatorError: Path `vehicleType` is required.
        at SchemaString.doValidate (E:\AI-Integrated-Car-Parking-Management-System-iPARK-\backend\node_modules\mongoose\lib\schemaType.js:1515:13)
        at model.validate (E:\AI-Integrated-Car-Parking-Management-System-iPARK-\backend\node_modules\mongoose\lib\document.js:2842:20)
        at process.processTicksAndRejections (node:internal/process/task_queues:105:5)
        at async model.$__save (E:\AI-Integrated-Car-Parking-Management-System-iPARK-\backend\node_modules\mongoose\lib\model.js:398:7)
        at async maybeTracedSave (E:\AI-Integrated-Car-Parking-Management-System-iPARK-\backend\node_modules\mongoose\lib\model.js:674:7)
        at async sendPrepaidReminders (E:\AI-Integrated-Car-Parking-Management-System-iPARK-\backend\src\services\reminder.service.ts:164:5)
        at async R.Cron.protect (E:\AI-Integrated-Car-Parking-Management-System-iPARK-\backend\src\services\scheduler.service.ts:42:28)
        at async R._trigger (file:///E:/AI-Integrated-Car-Parking-Management-System-iPARK-/node_modules/croner/dist/croner.js:1:16204) {
      properties: [Object],
      kind: 'required',
      path: 'vehicleType',
      value: undefined,
      reason: undefined,
      [Symbol(mongoose#validatorError)]: true
    }
  },
  _message: 'ParkingSession validation failed'
}
[Mail] Sent email to le492381@gmail.com: [iPARK] Nhắc nhở: Xe 18A12345 vẫn đang trong bãi
[Scheduler] Subscription job error: ValidationError: ParkingSession validation failed: vehicleType: Path `vehicleType` is required.
    at model.validate (E:\AI-Integrated-Car-Parking-Management-System-iPARK-\backend\node_modules\mongoose\lib\document.js:2864:36)
    at process.processTicksAndRejections (node:internal/process/task_queues:105:5)
    at async model.$__save (E:\AI-Integrated-Car-Parking-Management-System-iPARK-\backend\node_modules\mongoose\lib\model.js:398:7)
    at async maybeTracedSave (E:\AI-Integrated-Car-Parking-Management-System-iPARK-\backend\node_modules\mongoose\lib\model.js:674:7)
    at async sendPrepaidReminders (E:\AI-Integrated-Car-Parking-Management-System-iPARK-\backend\src\services\reminder.service.ts:164:5)
    at async R.Cron.protect (E:\AI-Integrated-Car-Parking-Management-System-iPARK-\backend\src\services\scheduler.service.ts:42:28)
    at async R._trigger (file:///E:/AI-Integrated-Car-Parking-Management-System-iPARK-/node_modules/croner/dist/croner.js:1:16204) {
  errors: {
    vehicleType: ValidatorError: Path `vehicleType` is required.
        at SchemaString.doValidate (E:\AI-Integrated-Car-Parking-Management-System-iPARK-\backend\node_modules\mongoose\lib\schemaType.js:1515:13)
        at model.validate (E:\AI-Integrated-Car-Parking-Management-System-iPARK-\backend\node_modules\mongoose\lib\document.js:2842:20)
        at process.processTicksAndRejections (node:internal/process/task_queues:105:5)
        at async model.$__save (E:\AI-Integrated-Car-Parking-Management-System-iPARK-\backend\node_modules\mongoose\lib\model.js:398:7)
        at async maybeTracedSave (E:\AI-Integrated-Car-Parking-Management-System-iPARK-\backend\node_modules\mongoose\lib\model.js:674:7)
        at async sendPrepaidReminders (E:\AI-Integrated-Car-Parking-Management-System-iPARK-\backend\src\services\reminder.service.ts:164:5)
        at async R.Cron.protect (E:\AI-Integrated-Car-Parking-Management-System-iPARK-\backend\src\services\scheduler.service.ts:42:28)
        at async R._trigger (file:///E:/AI-Integrated-Car-Parking-Management-System-iPARK-/node_modules/croner/dist/croner.js:1:16204) {
      properties: [Object],
      kind: 'required',
      path: 'vehicleType',
      value: undefined,
      reason: undefined,
      [Symbol(mongoose#validatorError)]: true
    }
  },
  _message: 'ParkingSession validation failed'
}
[Mail] Sent email to le492381@gmail.com: [iPARK] Nhắc nhở: Xe 18A12345 vẫn đang trong bãi
[Scheduler] Subscription job error: ValidationError: ParkingSession validation failed: vehicleType: Path `vehicleType` is required.
    at model.validate (E:\AI-Integrated-Car-Parking-Management-System-iPARK-\backend\node_modules\mongoose\lib\document.js:2864:36)
    at process.processTicksAndRejections (node:internal/process/task_queues:105:5)
    at async model.$__save (E:\AI-Integrated-Car-Parking-Management-System-iPARK-\backend\node_modules\mongoose\lib\model.js:398:7)
    at async maybeTracedSave (E:\AI-Integrated-Car-Parking-Management-System-iPARK-\backend\node_modules\mongoose\lib\model.js:674:7)
    at async sendPrepaidReminders (E:\AI-Integrated-Car-Parking-Management-System-iPARK-\backend\src\services\reminder.service.ts:164:5)
    at async R.Cron.protect (E:\AI-Integrated-Car-Parking-Management-System-iPARK-\backend\src\services\scheduler.service.ts:42:28)
    at async R._trigger (file:///E:/AI-Integrated-Car-Parking-Management-System-iPARK-/node_modules/croner/dist/croner.js:1:16204) {
  errors: {
    vehicleType: ValidatorError: Path `vehicleType` is required.
        at SchemaString.doValidate (E:\AI-Integrated-Car-Parking-Management-System-iPARK-\backend\node_modules\mongoose\lib\schemaType.js:1515:13)
        at model.validate (E:\AI-Integrated-Car-Parking-Management-System-iPARK-\backend\node_modules\mongoose\lib\document.js:2842:20)
        at process.processTicksAndRejections (node:internal/process/task_queues:105:5)
        at async model.$__save (E:\AI-Integrated-Car-Parking-Management-System-iPARK-\backend\node_modules\mongoose\lib\model.js:398:7)
        at async maybeTracedSave (E:\AI-Integrated-Car-Parking-Management-System-iPARK-\backend\node_modules\mongoose\lib\model.js:674:7)
        at async sendPrepaidReminders (E:\AI-Integrated-Car-Parking-Management-System-iPARK-\backend\src\services\reminder.service.ts:164:5)
        at async R.Cron.protect (E:\AI-Integrated-Car-Parking-Management-System-iPARK-\backend\src\services\scheduler.service.ts:42:28)
        at async R._trigger (file:///E:/AI-Integrated-Car-Parking-Management-System-iPARK-/node_modules/croner/dist/croner.js:1:16204) {
      properties: [Object],
      kind: 'required',
      path: 'vehicleType',
      value: undefined,
      reason: undefined,
      [Symbol(mongoose#validatorError)]: true
    }
  },
  _message: 'ParkingSession validation failed'
}
[Mail] Sent email to le492381@gmail.com: [iPARK] Nhắc nhở: Xe 18A12345 vẫn đang trong bãi
[Scheduler] Subscription job error: ValidationError: ParkingSession validation failed: vehicleType: Path `vehicleType` is required.
    at model.validate (E:\AI-Integrated-Car-Parking-Management-System-iPARK-\backend\node_modules\mongoose\lib\document.js:2864:36)
    at process.processTicksAndRejections (node:internal/process/task_queues:105:5)
    at async model.$__save (E:\AI-Integrated-Car-Parking-Management-System-iPARK-\backend\node_modules\mongoose\lib\model.js:398:7)
    at async maybeTracedSave (E:\AI-Integrated-Car-Parking-Management-System-iPARK-\backend\node_modules\mongoose\lib\model.js:674:7)
    at async sendPrepaidReminders (E:\AI-Integrated-Car-Parking-Management-System-iPARK-\backend\src\services\reminder.service.ts:164:5)
    at async R.Cron.protect (E:\AI-Integrated-Car-Parking-Management-System-iPARK-\backend\src\services\scheduler.service.ts:42:28)
    at async R._trigger (file:///E:/AI-Integrated-Car-Parking-Management-System-iPARK-/node_modules/croner/dist/croner.js:1:16204) {
  errors: {
    vehicleType: ValidatorError: Path `vehicleType` is required.
        at SchemaString.doValidate (E:\AI-Integrated-Car-Parking-Management-System-iPARK-\backend\node_modules\mongoose\lib\schemaType.js:1515:13)
        at model.validate (E:\AI-Integrated-Car-Parking-Management-System-iPARK-\backend\node_modules\mongoose\lib\document.js:2842:20)
        at process.processTicksAndRejections (node:internal/process/task_queues:105:5)
        at async model.$__save (E:\AI-Integrated-Car-Parking-Management-System-iPARK-\backend\node_modules\mongoose\lib\model.js:398:7)
        at async maybeTracedSave (E:\AI-Integrated-Car-Parking-Management-System-iPARK-\backend\node_modules\mongoose\lib\model.js:674:7)
        at async sendPrepaidReminders (E:\AI-Integrated-Car-Parking-Management-System-iPARK-\backend\src\services\reminder.service.ts:164:5)
        at async R.Cron.protect (E:\AI-Integrated-Car-Parking-Management-System-iPARK-\backend\src\services\scheduler.service.ts:42:28)
        at async R._trigger (file:///E:/AI-Integrated-Car-Parking-Management-System-iPARK-/node_modules/croner/dist/croner.js:1:16204) {
      properties: [Object],
      kind: 'required',
      path: 'vehicleType',
      value: undefined,
      reason: undefined,
      [Symbol(mongoose#validatorError)]: true
    }
  },
  _message: 'ParkingSession validation failed'
}
[Mail] Sent email to le492381@gmail.com: [iPARK] Nhắc nhở: Xe 18A12345 vẫn đang trong bãi
[Scheduler] Subscription job error: ValidationError: ParkingSession validation failed: vehicleType: Path `vehicleType` is required.
    at model.validate (E:\AI-Integrated-Car-Parking-Management-System-iPARK-\backend\node_modules\mongoose\lib\document.js:2864:36)
    at process.processTicksAndRejections (node:internal/process/task_queues:105:5)
    at async model.$__save (E:\AI-Integrated-Car-Parking-Management-System-iPARK-\backend\node_modules\mongoose\lib\model.js:398:7)
    at async maybeTracedSave (E:\AI-Integrated-Car-Parking-Management-System-iPARK-\backend\node_modules\mongoose\lib\model.js:674:7)
    at async sendPrepaidReminders (E:\AI-Integrated-Car-Parking-Management-System-iPARK-\backend\src\services\reminder.service.ts:164:5)
    at async R.Cron.protect (E:\AI-Integrated-Car-Parking-Management-System-iPARK-\backend\src\services\scheduler.service.ts:42:28)
    at async R._trigger (file:///E:/AI-Integrated-Car-Parking-Management-System-iPARK-/node_modules/croner/dist/croner.js:1:16204) {
  errors: {
    vehicleType: ValidatorError: Path `vehicleType` is required.
        at SchemaString.doValidate (E:\AI-Integrated-Car-Parking-Management-System-iPARK-\backend\node_modules\mongoose\lib\schemaType.js:1515:13)
        at model.validate (E:\AI-Integrated-Car-Parking-Management-System-iPARK-\backend\node_modules\mongoose\lib\document.js:2842:20)
        at process.processTicksAndRejections (node:internal/process/task_queues:105:5)
        at async model.$__save (E:\AI-Integrated-Car-Parking-Management-System-iPARK-\backend\node_modules\mongoose\lib\model.js:398:7)
        at async maybeTracedSave (E:\AI-Integrated-Car-Parking-Management-System-iPARK-\backend\node_modules\mongoose\lib\model.js:674:7)
        at async sendPrepaidReminders (E:\AI-Integrated-Car-Parking-Management-System-iPARK-\backend\src\services\reminder.service.ts:164:5)
        at async R.Cron.protect (E:\AI-Integrated-Car-Parking-Management-System-iPARK-\backend\src\services\scheduler.service.ts:42:28)
        at async R._trigger (file:///E:/AI-Integrated-Car-Parking-Management-System-iPARK-/node_modules/croner/dist/croner.js:1:16204) {
      properties: [Object],
      kind: 'required',
      path: 'vehicleType',
      value: undefined,
      reason: undefined,
      [Symbol(mongoose#validatorError)]: true
    }
  },
  _message: 'ParkingSession validation failed'
}
[Mail] Sent email to le492381@gmail.com: [iPARK] Nhắc nhở: Xe 18A12345 vẫn đang trong bãi
[Scheduler] Subscription job error: ValidationError: ParkingSession validation failed: vehicleType: Path `vehicleType` is required.
    at model.validate (E:\AI-Integrated-Car-Parking-Management-System-iPARK-\backend\node_modules\mongoose\lib\document.js:2864:36)
    at process.processTicksAndRejections (node:internal/process/task_queues:105:5)
    at async model.$__save (E:\AI-Integrated-Car-Parking-Management-System-iPARK-\backend\node_modules\mongoose\lib\model.js:398:7)
    at async maybeTracedSave (E:\AI-Integrated-Car-Parking-Management-System-iPARK-\backend\node_modules\mongoose\lib\model.js:674:7)
    at async sendPrepaidReminders (E:\AI-Integrated-Car-Parking-Management-System-iPARK-\backend\src\services\reminder.service.ts:164:5)
    at async R.Cron.protect (E:\AI-Integrated-Car-Parking-Management-System-iPARK-\backend\src\services\scheduler.service.ts:42:28)
    at async R._trigger (file:///E:/AI-Integrated-Car-Parking-Management-System-iPARK-/node_modules/croner/dist/croner.js:1:16204) {
  errors: {
    vehicleType: ValidatorError: Path `vehicleType` is required.
        at SchemaString.doValidate (E:\AI-Integrated-Car-Parking-Management-System-iPARK-\backend\node_modules\mongoose\lib\schemaType.js:1515:13)
        at model.validate (E:\AI-Integrated-Car-Parking-Management-System-iPARK-\backend\node_modules\mongoose\lib\document.js:2842:20)
        at process.processTicksAndRejections (node:internal/process/task_queues:105:5)
        at async model.$__save (E:\AI-Integrated-Car-Parking-Management-System-iPARK-\backend\node_modules\mongoose\lib\model.js:398:7)
        at async maybeTracedSave (E:\AI-Integrated-Car-Parking-Management-System-iPARK-\backend\node_modules\mongoose\lib\model.js:674:7)
        at async sendPrepaidReminders (E:\AI-Integrated-Car-Parking-Management-System-iPARK-\backend\src\services\reminder.service.ts:164:5)
        at async R.Cron.protect (E:\AI-Integrated-Car-Parking-Management-System-iPARK-\backend\src\services\scheduler.service.ts:42:28)
        at async R._trigger (file:///E:/AI-Integrated-Car-Parking-Management-System-iPARK-/node_modules/croner/dist/croner.js:1:16204) {
      properties: [Object],
      kind: 'required',
      path: 'vehicleType',
      value: undefined,
      reason: undefined,
      [Symbol(mongoose#validatorError)]: true
    }
  },
  _message: 'ParkingSession validation failed'
}
[Mail] Sent email to le492381@gmail.com: [iPARK] Nhắc nhở: Xe 18A12345 vẫn đang trong bãi
[Scheduler] Subscription job error: ValidationError: ParkingSession validation failed: vehicleType: Path `vehicleType` is required.
    at model.validate (E:\AI-Integrated-Car-Parking-Management-System-iPARK-\backend\node_modules\mongoose\lib\document.js:2864:36)
    at process.processTicksAndRejections (node:internal/process/task_queues:105:5)
    at async model.$__save (E:\AI-Integrated-Car-Parking-Management-System-iPARK-\backend\node_modules\mongoose\lib\model.js:398:7)
    at async maybeTracedSave (E:\AI-Integrated-Car-Parking-Management-System-iPARK-\backend\node_modules\mongoose\lib\model.js:674:7)
    at async sendPrepaidReminders (E:\AI-Integrated-Car-Parking-Management-System-iPARK-\backend\src\services\reminder.service.ts:164:5)
    at async R.Cron.protect (E:\AI-Integrated-Car-Parking-Management-System-iPARK-\backend\src\services\scheduler.service.ts:42:28)
    at async R._trigger (file:///E:/AI-Integrated-Car-Parking-Management-System-iPARK-/node_modules/croner/dist/croner.js:1:16204) {
  errors: {
    vehicleType: ValidatorError: Path `vehicleType` is required.
        at SchemaString.doValidate (E:\AI-Integrated-Car-Parking-Management-System-iPARK-\backend\node_modules\mongoose\lib\schemaType.js:1515:13)
        at model.validate (E:\AI-Integrated-Car-Parking-Management-System-iPARK-\backend\node_modules\mongoose\lib\document.js:2842:20)
        at process.processTicksAndRejections (node:internal/process/task_queues:105:5)
        at async model.$__save (E:\AI-Integrated-Car-Parking-Management-System-iPARK-\backend\node_modules\mongoose\lib\model.js:398:7)
        at async maybeTracedSave (E:\AI-Integrated-Car-Parking-Management-System-iPARK-\backend\node_modules\mongoose\lib\model.js:674:7)
        at async sendPrepaidReminders (E:\AI-Integrated-Car-Parking-Management-System-iPARK-\backend\src\services\reminder.service.ts:164:5)
        at async R.Cron.protect (E:\AI-Integrated-Car-Parking-Management-System-iPARK-\backend\src\services\scheduler.service.ts:42:28)
        at async R._trigger (file:///E:/AI-Integrated-Car-Parking-Management-System-iPARK-/node_modules/croner/dist/croner.js:1:16204) {
      properties: [Object],
      kind: 'required',
      path: 'vehicleType',
      value: undefined,
      reason: undefined,
      [Symbol(mongoose#validatorError)]: true
    }
  },
  _message: 'ParkingSession validation failed'
}
[Mail] Sent email to le492381@gmail.com: [iPARK] Nhắc nhở: Xe 18A12345 vẫn đang trong bãi
[Scheduler] Subscription job error: ValidationError: ParkingSession validation failed: vehicleType: Path `vehicleType` is required.
    at model.validate (E:\AI-Integrated-Car-Parking-Management-System-iPARK-\backend\node_modules\mongoose\lib\document.js:2864:36)
    at process.processTicksAndRejections (node:internal/process/task_queues:105:5)
    at async model.$__save (E:\AI-Integrated-Car-Parking-Management-System-iPARK-\backend\node_modules\mongoose\lib\model.js:398:7)
    at async maybeTracedSave (E:\AI-Integrated-Car-Parking-Management-System-iPARK-\backend\node_modules\mongoose\lib\model.js:674:7)
    at async sendPrepaidReminders (E:\AI-Integrated-Car-Parking-Management-System-iPARK-\backend\src\services\reminder.service.ts:164:5)
    at async R.Cron.protect (E:\AI-Integrated-Car-Parking-Management-System-iPARK-\backend\src\services\scheduler.service.ts:42:28)
    at async R._trigger (file:///E:/AI-Integrated-Car-Parking-Management-System-iPARK-/node_modules/croner/dist/croner.js:1:16204) {
  errors: {
    vehicleType: ValidatorError: Path `vehicleType` is required.
        at SchemaString.doValidate (E:\AI-Integrated-Car-Parking-Management-System-iPARK-\backend\node_modules\mongoose\lib\schemaType.js:1515:13)
        at model.validate (E:\AI-Integrated-Car-Parking-Management-System-iPARK-\backend\node_modules\mongoose\lib\document.js:2842:20)
        at process.processTicksAndRejections (node:internal/process/task_queues:105:5)
        at async model.$__save (E:\AI-Integrated-Car-Parking-Management-System-iPARK-\backend\node_modules\mongoose\lib\model.js:398:7)
        at async maybeTracedSave (E:\AI-Integrated-Car-Parking-Management-System-iPARK-\backend\node_modules\mongoose\lib\model.js:674:7)
        at async sendPrepaidReminders (E:\AI-Integrated-Car-Parking-Management-System-iPARK-\backend\src\services\reminder.service.ts:164:5)
        at async R.Cron.protect (E:\AI-Integrated-Car-Parking-Management-System-iPARK-\backend\src\services\scheduler.service.ts:42:28)
        at async R._trigger (file:///E:/AI-Integrated-Car-Parking-Management-System-iPARK-/node_modules/croner/dist/croner.js:1:16204) {
      properties: [Object],
      kind: 'required',
      path: 'vehicleType',
      value: undefined,
      reason: undefined,
      [Symbol(mongoose#validatorError)]: true
    }
  },
  _message: 'ParkingSession validation failed'
}
[Mail] Sent email to le492381@gmail.com: [iPARK] Nhắc nhở: Xe 18A12345 vẫn đang trong bãi
[Scheduler] Subscription job error: ValidationError: ParkingSession validation failed: vehicleType: Path `vehicleType` is required.
    at model.validate (E:\AI-Integrated-Car-Parking-Management-System-iPARK-\backend\node_modules\mongoose\lib\document.js:2864:36)
    at process.processTicksAndRejections (node:internal/process/task_queues:105:5)
    at async model.$__save (E:\AI-Integrated-Car-Parking-Management-System-iPARK-\backend\node_modules\mongoose\lib\model.js:398:7)
    at async maybeTracedSave (E:\AI-Integrated-Car-Parking-Management-System-iPARK-\backend\node_modules\mongoose\lib\model.js:674:7)
    at async sendPrepaidReminders (E:\AI-Integrated-Car-Parking-Management-System-iPARK-\backend\src\services\reminder.service.ts:164:5)
    at async R.Cron.protect (E:\AI-Integrated-Car-Parking-Management-System-iPARK-\backend\src\services\scheduler.service.ts:42:28)
    at async R._trigger (file:///E:/AI-Integrated-Car-Parking-Management-System-iPARK-/node_modules/croner/dist/croner.js:1:16204) {
  errors: {
    vehicleType: ValidatorError: Path `vehicleType` is required.
        at SchemaString.doValidate (E:\AI-Integrated-Car-Parking-Management-System-iPARK-\backend\node_modules\mongoose\lib\schemaType.js:1515:13)
        at model.validate (E:\AI-Integrated-Car-Parking-Management-System-iPARK-\backend\node_modules\mongoose\lib\document.js:2842:20)
        at process.processTicksAndRejections (node:internal/process/task_queues:105:5)
        at async model.$__save (E:\AI-Integrated-Car-Parking-Management-System-iPARK-\backend\node_modules\mongoose\lib\model.js:398:7)
        at async maybeTracedSave (E:\AI-Integrated-Car-Parking-Management-System-iPARK-\backend\node_modules\mongoose\lib\model.js:674:7)
        at async sendPrepaidReminders (E:\AI-Integrated-Car-Parking-Management-System-iPARK-\backend\src\services\reminder.service.ts:164:5)
        at async R.Cron.protect (E:\AI-Integrated-Car-Parking-Management-System-iPARK-\backend\src\services\scheduler.service.ts:42:28)
        at async R._trigger (file:///E:/AI-Integrated-Car-Parking-Management-System-iPARK-/node_modules/croner/dist/croner.js:1:16204) {
      properties: [Object],
      kind: 'required',
      path: 'vehicleType',
      value: undefined,
      reason: undefined,
      [Symbol(mongoose#validatorError)]: true
    }
  },
  _message: 'ParkingSession validation failed'
}
[Mail] Sent email to le492381@gmail.com: [iPARK] Nhắc nhở: Xe 18A12345 vẫn đang trong bãi
[Scheduler] Subscription job error: ValidationError: ParkingSession validation failed: vehicleType: Path `vehicleType` is required.
    at model.validate (E:\AI-Integrated-Car-Parking-Management-System-iPARK-\backend\node_modules\mongoose\lib\document.js:2864:36)
    at process.processTicksAndRejections (node:internal/process/task_queues:105:5)
    at async model.$__save (E:\AI-Integrated-Car-Parking-Management-System-iPARK-\backend\node_modules\mongoose\lib\model.js:398:7)
    at async maybeTracedSave (E:\AI-Integrated-Car-Parking-Management-System-iPARK-\backend\node_modules\mongoose\lib\model.js:674:7)
    at async sendPrepaidReminders (E:\AI-Integrated-Car-Parking-Management-System-iPARK-\backend\src\services\reminder.service.ts:164:5)
    at async R.Cron.protect (E:\AI-Integrated-Car-Parking-Management-System-iPARK-\backend\src\services\scheduler.service.ts:42:28)
    at async R._trigger (file:///E:/AI-Integrated-Car-Parking-Management-System-iPARK-/node_modules/croner/dist/croner.js:1:16204) {
  errors: {
    vehicleType: ValidatorError: Path `vehicleType` is required.
        at SchemaString.doValidate (E:\AI-Integrated-Car-Parking-Management-System-iPARK-\backend\node_modules\mongoose\lib\schemaType.js:1515:13)
        at model.validate (E:\AI-Integrated-Car-Parking-Management-System-iPARK-\backend\node_modules\mongoose\lib\document.js:2842:20)
        at process.processTicksAndRejections (node:internal/process/task_queues:105:5)
        at async model.$__save (E:\AI-Integrated-Car-Parking-Management-System-iPARK-\backend\node_modules\mongoose\lib\model.js:398:7)
        at async maybeTracedSave (E:\AI-Integrated-Car-Parking-Management-System-iPARK-\backend\node_modules\mongoose\lib\model.js:674:7)
        at async sendPrepaidReminders (E:\AI-Integrated-Car-Parking-Management-System-iPARK-\backend\src\services\reminder.service.ts:164:5)
        at async R.Cron.protect (E:\AI-Integrated-Car-Parking-Management-System-iPARK-\backend\src\services\scheduler.service.ts:42:28)
        at async R._trigger (file:///E:/AI-Integrated-Car-Parking-Management-System-iPARK-/node_modules/croner/dist/croner.js:1:16204) {
      properties: [Object],
      kind: 'required',
      path: 'vehicleType',
      value: undefined,
      reason: undefined,
      [Symbol(mongoose#validatorError)]: true
    }
  },
  _message: 'ParkingSession validation failed'
}
[Mail] Sent email to le492381@gmail.com: [iPARK] Nhắc nhở: Xe 18A12345 vẫn đang trong bãi
[Scheduler] Subscription job error: ValidationError: ParkingSession validation failed: vehicleType: Path `vehicleType` is required.
    at model.validate (E:\AI-Integrated-Car-Parking-Management-System-iPARK-\backend\node_modules\mongoose\lib\document.js:2864:36)
    at process.processTicksAndRejections (node:internal/process/task_queues:105:5)
    at async model.$__save (E:\AI-Integrated-Car-Parking-Management-System-iPARK-\backend\node_modules\mongoose\lib\model.js:398:7)
    at async maybeTracedSave (E:\AI-Integrated-Car-Parking-Management-System-iPARK-\backend\node_modules\mongoose\lib\model.js:674:7)
    at async sendPrepaidReminders (E:\AI-Integrated-Car-Parking-Management-System-iPARK-\backend\src\services\reminder.service.ts:164:5)
    at async R.Cron.protect (E:\AI-Integrated-Car-Parking-Management-System-iPARK-\backend\src\services\scheduler.service.ts:42:28)
    at async R._trigger (file:///E:/AI-Integrated-Car-Parking-Management-System-iPARK-/node_modules/croner/dist/croner.js:1:16204) {
  errors: {
    vehicleType: ValidatorError: Path `vehicleType` is required.
        at SchemaString.doValidate (E:\AI-Integrated-Car-Parking-Management-System-iPARK-\backend\node_modules\mongoose\lib\schemaType.js:1515:13)
        at model.validate (E:\AI-Integrated-Car-Parking-Management-System-iPARK-\backend\node_modules\mongoose\lib\document.js:2842:20)
        at process.processTicksAndRejections (node:internal/process/task_queues:105:5)
        at async model.$__save (E:\AI-Integrated-Car-Parking-Management-System-iPARK-\backend\node_modules\mongoose\lib\model.js:398:7)
        at async maybeTracedSave (E:\AI-Integrated-Car-Parking-Management-System-iPARK-\backend\node_modules\mongoose\lib\model.js:674:7)
        at async sendPrepaidReminders (E:\AI-Integrated-Car-Parking-Management-System-iPARK-\backend\src\services\reminder.service.ts:164:5)
        at async R.Cron.protect (E:\AI-Integrated-Car-Parking-Management-System-iPARK-\backend\src\services\scheduler.service.ts:42:28)
        at async R._trigger (file:///E:/AI-Integrated-Car-Parking-Management-System-iPARK-/node_modules/croner/dist/croner.js:1:16204) {
      properties: [Object],
      kind: 'required',
      path: 'vehicleType',
      value: undefined,
      reason: undefined,
      [Symbol(mongoose#validatorError)]: true
    }
  },
  _message: 'ParkingSession validation failed'
}
[Mail] Sent email to le492381@gmail.com: [iPARK] Nhắc nhở: Xe 18A12345 vẫn đang trong bãi
[Scheduler] Subscription job error: ValidationError: ParkingSession validation failed: vehicleType: Path `vehicleType` is required.
    at model.validate (E:\AI-Integrated-Car-Parking-Management-System-iPARK-\backend\node_modules\mongoose\lib\document.js:2864:36)
    at process.processTicksAndRejections (node:internal/process/task_queues:105:5)
    at async model.$__save (E:\AI-Integrated-Car-Parking-Management-System-iPARK-\backend\node_modules\mongoose\lib\model.js:398:7)
    at async maybeTracedSave (E:\AI-Integrated-Car-Parking-Management-System-iPARK-\backend\node_modules\mongoose\lib\model.js:674:7)
    at async sendPrepaidReminders (E:\AI-Integrated-Car-Parking-Management-System-iPARK-\backend\src\services\reminder.service.ts:164:5)
    at async R.Cron.protect (E:\AI-Integrated-Car-Parking-Management-System-iPARK-\backend\src\services\scheduler.service.ts:42:28)
    at async R._trigger (file:///E:/AI-Integrated-Car-Parking-Management-System-iPARK-/node_modules/croner/dist/croner.js:1:16204) {
  errors: {
    vehicleType: ValidatorError: Path `vehicleType` is required.
        at SchemaString.doValidate (E:\AI-Integrated-Car-Parking-Management-System-iPARK-\backend\node_modules\mongoose\lib\schemaType.js:1515:13)
        at model.validate (E:\AI-Integrated-Car-Parking-Management-System-iPARK-\backend\node_modules\mongoose\lib\document.js:2842:20)
        at process.processTicksAndRejections (node:internal/process/task_queues:105:5)
        at async model.$__save (E:\AI-Integrated-Car-Parking-Management-System-iPARK-\backend\node_modules\mongoose\lib\model.js:398:7)
        at async maybeTracedSave (E:\AI-Integrated-Car-Parking-Management-System-iPARK-\backend\node_modules\mongoose\lib\model.js:674:7)
        at async sendPrepaidReminders (E:\AI-Integrated-Car-Parking-Management-System-iPARK-\backend\src\services\reminder.service.ts:164:5)
        at async R.Cron.protect (E:\AI-Integrated-Car-Parking-Management-System-iPARK-\backend\src\services\scheduler.service.ts:42:28)
        at async R._trigger (file:///E:/AI-Integrated-Car-Parking-Management-System-iPARK-/node_modules/croner/dist/croner.js:1:16204) {
      properties: [Object],
      kind: 'required',
      path: 'vehicleType',
      value: undefined,
      reason: undefined,
      [Symbol(mongoose#validatorError)]: true
    }
  },
  _message: 'ParkingSession validation failed'
}
[Mail] Sent email to le492381@gmail.com: [iPARK] Nhắc nhở: Xe 18A12345 vẫn đang trong bãi
[Scheduler] Subscription job error: ValidationError: ParkingSession validation failed: vehicleType: Path `vehicleType` is required.
    at model.validate (E:\AI-Integrated-Car-Parking-Management-System-iPARK-\backend\node_modules\mongoose\lib\document.js:2864:36)
    at process.processTicksAndRejections (node:internal/process/task_queues:105:5)
    at async model.$__save (E:\AI-Integrated-Car-Parking-Management-System-iPARK-\backend\node_modules\mongoose\lib\model.js:398:7)
    at async maybeTracedSave (E:\AI-Integrated-Car-Parking-Management-System-iPARK-\backend\node_modules\mongoose\lib\model.js:674:7)
    at async sendPrepaidReminders (E:\AI-Integrated-Car-Parking-Management-System-iPARK-\backend\src\services\reminder.service.ts:164:5)
    at async R.Cron.protect (E:\AI-Integrated-Car-Parking-Management-System-iPARK-\backend\src\services\scheduler.service.ts:42:28)
    at async R._trigger (file:///E:/AI-Integrated-Car-Parking-Management-System-iPARK-/node_modules/croner/dist/croner.js:1:16204) {
  errors: {
    vehicleType: ValidatorError: Path `vehicleType` is required.
        at SchemaString.doValidate (E:\AI-Integrated-Car-Parking-Management-System-iPARK-\backend\node_modules\mongoose\lib\schemaType.js:1515:13)
        at model.validate (E:\AI-Integrated-Car-Parking-Management-System-iPARK-\backend\node_modules\mongoose\lib\document.js:2842:20)
        at process.processTicksAndRejections (node:internal/process/task_queues:105:5)
        at async model.$__save (E:\AI-Integrated-Car-Parking-Management-System-iPARK-\backend\node_modules\mongoose\lib\model.js:398:7)
        at async maybeTracedSave (E:\AI-Integrated-Car-Parking-Management-System-iPARK-\backend\node_modules\mongoose\lib\model.js:674:7)
        at async sendPrepaidReminders (E:\AI-Integrated-Car-Parking-Management-System-iPARK-\backend\src\services\reminder.service.ts:164:5)
        at async R.Cron.protect (E:\AI-Integrated-Car-Parking-Management-System-iPARK-\backend\src\services\scheduler.service.ts:42:28)
        at async R._trigger (file:///E:/AI-Integrated-Car-Parking-Management-System-iPARK-/node_modules/croner/dist/croner.js:1:16204) {
      properties: [Object],
      kind: 'required',
      path: 'vehicleType',
      value: undefined,
      reason: undefined,
      [Symbol(mongoose#validatorError)]: true
    }
  },
  _message: 'ParkingSession validation failed'
}
[Mail] Sent email to le492381@gmail.com: [iPARK] Nhắc nhở: Xe 18A12345 vẫn đang trong bãi
[Scheduler] Subscription job error: ValidationError: ParkingSession validation failed: vehicleType: Path `vehicleType` is required.
    at model.validate (E:\AI-Integrated-Car-Parking-Management-System-iPARK-\backend\node_modules\mongoose\lib\document.js:2864:36)
    at process.processTicksAndRejections (node:internal/process/task_queues:105:5)
    at async model.$__save (E:\AI-Integrated-Car-Parking-Management-System-iPARK-\backend\node_modules\mongoose\lib\model.js:398:7)
    at async maybeTracedSave (E:\AI-Integrated-Car-Parking-Management-System-iPARK-\backend\node_modules\mongoose\lib\model.js:674:7)
    at async sendPrepaidReminders (E:\AI-Integrated-Car-Parking-Management-System-iPARK-\backend\src\services\reminder.service.ts:164:5)
    at async R.Cron.protect (E:\AI-Integrated-Car-Parking-Management-System-iPARK-\backend\src\services\scheduler.service.ts:42:28)
    at async R._trigger (file:///E:/AI-Integrated-Car-Parking-Management-System-iPARK-/node_modules/croner/dist/croner.js:1:16204) {
  errors: {
    vehicleType: ValidatorError: Path `vehicleType` is required.
        at SchemaString.doValidate (E:\AI-Integrated-Car-Parking-Management-System-iPARK-\backend\node_modules\mongoose\lib\schemaType.js:1515:13)
        at model.validate (E:\AI-Integrated-Car-Parking-Management-System-iPARK-\backend\node_modules\mongoose\lib\document.js:2842:20)
        at process.processTicksAndRejections (node:internal/process/task_queues:105:5)
        at async model.$__save (E:\AI-Integrated-Car-Parking-Management-System-iPARK-\backend\node_modules\mongoose\lib\model.js:398:7)
        at async maybeTracedSave (E:\AI-Integrated-Car-Parking-Management-System-iPARK-\backend\node_modules\mongoose\lib\model.js:674:7)
        at async sendPrepaidReminders (E:\AI-Integrated-Car-Parking-Management-System-iPARK-\backend\src\services\reminder.service.ts:164:5)
        at async R.Cron.protect (E:\AI-Integrated-Car-Parking-Management-System-iPARK-\backend\src\services\scheduler.service.ts:42:28)
        at async R._trigger (file:///E:/AI-Integrated-Car-Parking-Management-System-iPARK-/node_modules/croner/dist/croner.js:1:16204) {
      properties: [Object],
      kind: 'required',
      path: 'vehicleType',
      value: undefined,
      reason: undefined,
      [Symbol(mongoose#validatorError)]: true
    }
  },
  _message: 'ParkingSession validation failed'
}
[Mail] Sent email to le492381@gmail.com: [iPARK] Nhắc nhở: Xe 18A12345 vẫn đang trong bãi
[Scheduler] Subscription job error: ValidationError: ParkingSession validation failed: vehicleType: Path `vehicleType` is required.
    at model.validate (E:\AI-Integrated-Car-Parking-Management-System-iPARK-\backend\node_modules\mongoose\lib\document.js:2864:36)
    at process.processTicksAndRejections (node:internal/process/task_queues:105:5)
    at async model.$__save (E:\AI-Integrated-Car-Parking-Management-System-iPARK-\backend\node_modules\mongoose\lib\model.js:398:7)
    at async maybeTracedSave (E:\AI-Integrated-Car-Parking-Management-System-iPARK-\backend\node_modules\mongoose\lib\model.js:674:7)
    at async sendPrepaidReminders (E:\AI-Integrated-Car-Parking-Management-System-iPARK-\backend\src\services\reminder.service.ts:164:5)
    at async R.Cron.protect (E:\AI-Integrated-Car-Parking-Management-System-iPARK-\backend\src\services\scheduler.service.ts:42:28)
    at async R._trigger (file:///E:/AI-Integrated-Car-Parking-Management-System-iPARK-/node_modules/croner/dist/croner.js:1:16204) {
  errors: {
    vehicleType: ValidatorError: Path `vehicleType` is required.
        at SchemaString.doValidate (E:\AI-Integrated-Car-Parking-Management-System-iPARK-\backend\node_modules\mongoose\lib\schemaType.js:1515:13)
        at model.validate (E:\AI-Integrated-Car-Parking-Management-System-iPARK-\backend\node_modules\mongoose\lib\document.js:2842:20)
        at process.processTicksAndRejections (node:internal/process/task_queues:105:5)
        at async model.$__save (E:\AI-Integrated-Car-Parking-Management-System-iPARK-\backend\node_modules\mongoose\lib\model.js:398:7)
        at async maybeTracedSave (E:\AI-Integrated-Car-Parking-Management-System-iPARK-\backend\node_modules\mongoose\lib\model.js:674:7)
        at async sendPrepaidReminders (E:\AI-Integrated-Car-Parking-Management-System-iPARK-\backend\src\services\reminder.service.ts:164:5)
        at async R.Cron.protect (E:\AI-Integrated-Car-Parking-Management-System-iPARK-\backend\src\services\scheduler.service.ts:42:28)
        at async R._trigger (file:///E:/AI-Integrated-Car-Parking-Management-System-iPARK-/node_modules/croner/dist/croner.js:1:16204) {
      properties: [Object],
      kind: 'required',
      path: 'vehicleType',
      value: undefined,
      reason: undefined,
      [Symbol(mongoose#validatorError)]: true
    }
  },
  _message: 'ParkingSession validation failed'
}
[Mail] Sent email to le492381@gmail.com: [iPARK] Nhắc nhở: Xe 18A12345 vẫn đang trong bãi
[Scheduler] Subscription job error: ValidationError: ParkingSession validation failed: vehicleType: Path `vehicleType` is required.
    at model.validate (E:\AI-Integrated-Car-Parking-Management-System-iPARK-\backend\node_modules\mongoose\lib\document.js:2864:36)
    at process.processTicksAndRejections (node:internal/process/task_queues:105:5)
    at async model.$__save (E:\AI-Integrated-Car-Parking-Management-System-iPARK-\backend\node_modules\mongoose\lib\model.js:398:7)
    at async maybeTracedSave (E:\AI-Integrated-Car-Parking-Management-System-iPARK-\backend\node_modules\mongoose\lib\model.js:674:7)
    at async sendPrepaidReminders (E:\AI-Integrated-Car-Parking-Management-System-iPARK-\backend\src\services\reminder.service.ts:164:5)
    at async R.Cron.protect (E:\AI-Integrated-Car-Parking-Management-System-iPARK-\backend\src\services\scheduler.service.ts:42:28)
    at async R._trigger (file:///E:/AI-Integrated-Car-Parking-Management-System-iPARK-/node_modules/croner/dist/croner.js:1:16204) {
  errors: {
    vehicleType: ValidatorError: Path `vehicleType` is required.
        at SchemaString.doValidate (E:\AI-Integrated-Car-Parking-Management-System-iPARK-\backend\node_modules\mongoose\lib\schemaType.js:1515:13)
        at model.validate (E:\AI-Integrated-Car-Parking-Management-System-iPARK-\backend\node_modules\mongoose\lib\document.js:2842:20)
        at process.processTicksAndRejections (node:internal/process/task_queues:105:5)
        at async model.$__save (E:\AI-Integrated-Car-Parking-Management-System-iPARK-\backend\node_modules\mongoose\lib\model.js:398:7)
        at async maybeTracedSave (E:\AI-Integrated-Car-Parking-Management-System-iPARK-\backend\node_modules\mongoose\lib\model.js:674:7)
        at async sendPrepaidReminders (E:\AI-Integrated-Car-Parking-Management-System-iPARK-\backend\src\services\reminder.service.ts:164:5)
        at async R.Cron.protect (E:\AI-Integrated-Car-Parking-Management-System-iPARK-\backend\src\services\scheduler.service.ts:42:28)
        at async R._trigger (file:///E:/AI-Integrated-Car-Parking-Management-System-iPARK-/node_modules/croner/dist/croner.js:1:16204) {
      properties: [Object],
      kind: 'required',
      path: 'vehicleType',
      value: undefined,
      reason: undefined,
      [Symbol(mongoose#validatorError)]: true
    }
  },
  _message: 'ParkingSession validation failed'
}
[0mGET /api/auth/me [33m401[0m 0.512 ms - 34[0m
[0mPOST /api/auth/login [32m200[0m 260.391 ms - 332[0m
[0mGET /api/auth/me [32m200[0m 3.431 ms - 332[0m
[0mGET /api/parking-sessions [32m200[0m 6.417 ms - 15[0m
[0mGET /api/vehicles [32m200[0m 6.490 ms - 15[0m
[0mGET /api/parking-slots [32m200[0m 27.753 ms - 72055[0m
[0mGET /api/pricing-config [32m200[0m 17.412 ms - 261[0m
[0mGET /api/notifications [32m200[0m 5.721 ms - 251[0m
[0mGET /api/transactions [32m200[0m 8.908 ms - 125[0m
[0mGET /api/subscriptions/plans [32m200[0m 5.478 ms - 825[0m
[0mGET /api/subscriptions/my [32m200[0m 5.473 ms - 20[0m
[0mGET /api/staff-applications/me [32m200[0m 3.114 ms - 20[0m
[0mGET /api/staff-applications/me [36m304[0m 3.272 ms - -[0m
[0mGET /api/auth/me [36m304[0m 4.556 ms - -[0m
[0mGET /api/vehicle-requests?status=all [32m200[0m 6.475 ms - 15[0m
[0mGET /api/parking-sessions [36m304[0m 6.625 ms - -[0m
[0mGET /api/vehicles [36m304[0m 8.319 ms - -[0m
[0mGET /api/vehicle-requests?status=all [36m304[0m 3.258 ms - -[0m
[0mGET /api/parking-slots [36m304[0m 26.017 ms - -[0m
[0mGET /api/pricing-config [36m304[0m 6.420 ms - -[0m
[0mGET /api/notifications [36m304[0m 4.323 ms - -[0m
[0mGET /api/transactions [32m200[0m 6.595 ms - 125[0m
[0mGET /api/subscriptions/plans [36m304[0m 3.421 ms - -[0m
[0mGET /api/subscriptions/my [36m304[0m 3.876 ms - -[0m
[0mGET /api/auth/me [33m401[0m 0.193 ms - 34[0m
[0mPOST /api/auth/login [32m200[0m 241.391 ms - 332[0m
[0mGET /api/auth/me [32m200[0m 3.302 ms - 332[0m
[0mGET /api/parking-sessions [32m200[0m 5.581 ms - 15[0m
[0mGET /api/vehicles [32m200[0m 7.236 ms - 15[0m
[0mGET /api/pricing-config [32m200[0m 10.368 ms - 261[0m
[0mGET /api/parking-slots [32m200[0m 22.458 ms - 72055[0m
[0mGET /api/notifications [32m200[0m 6.491 ms - 251[0m
[0mGET /api/transactions [32m200[0m 8.996 ms - 125[0m
[0mGET /api/subscriptions/plans [32m200[0m 4.367 ms - 825[0m
[0mGET /api/subscriptions/my [32m200[0m 3.751 ms - 20[0m
[0mGET /api/staff-applications/me [32m200[0m 2.636 ms - 20[0m
[0mGET /api/staff-applications/me [36m304[0m 3.838 ms - -[0m
[0mGET /api/auth/me [36m304[0m 3.479 ms - -[0m
[0mGET /api/parking-sessions [36m304[0m 7.870 ms - -[0m
[0mGET /api/vehicle-requests?status=all [32m200[0m 7.559 ms - 15[0m
[0mGET /api/vehicles [36m304[0m 8.554 ms - -[0m
[0mGET /api/vehicle-requests?status=all [36m304[0m 3.282 ms - -[0m
[0mGET /api/parking-slots [36m304[0m 24.929 ms - -[0m
[0mGET /api/pricing-config [36m304[0m 7.955 ms - -[0m
[0mGET /api/notifications [36m304[0m 7.493 ms - -[0m
[0mGET /api/transactions [32m200[0m 11.484 ms - 125[0m
[0mGET /api/subscriptions/plans [36m304[0m 3.916 ms - -[0m
[0mGET /api/subscriptions/my [36m304[0m 4.477 ms - -[0m
[0mGET /api/auth/me [33m401[0m 0.197 ms - 34[0m
[0mPOST /api/auth/login [32m200[0m 237.127 ms - 332[0m
[0mGET /api/auth/me [32m200[0m 3.035 ms - 332[0m
[0mGET /api/parking-sessions [32m200[0m 6.291 ms - 15[0m
[0mGET /api/vehicles [32m200[0m 8.525 ms - 15[0m
[0mGET /api/pricing-config [32m200[0m 10.689 ms - 261[0m
[0mGET /api/parking-slots [32m200[0m 23.496 ms - 72055[0m
[0mGET /api/notifications [32m200[0m 5.256 ms - 251[0m
[0mGET /api/transactions [32m200[0m 8.525 ms - 125[0m
[0mGET /api/subscriptions/plans [32m200[0m 4.345 ms - 825[0m
[0mGET /api/subscriptions/my [32m200[0m 3.860 ms - 20[0m
[0mGET /api/staff-applications/me [32m200[0m 2.949 ms - 20[0m
[0mGET /api/staff-applications/me [36m304[0m 3.401 ms - -[0m
[0mGET /api/auth/me [36m304[0m 4.273 ms - -[0m
[0mGET /api/parking-sessions [36m304[0m 5.615 ms - -[0m
[0mGET /api/vehicles [36m304[0m 5.310 ms - -[0m
[0mGET /api/pricing-config [36m304[0m 3.626 ms - -[0m
[0mGET /api/parking-slots [36m304[0m 23.451 ms - -[0m
[0mGET /api/notifications [36m304[0m 9.580 ms - -[0m
[0mGET /api/transactions [32m200[0m 13.860 ms - 125[0m
[0mGET /api/subscriptions/plans [36m304[0m 4.813 ms - -[0m
[0mGET /api/subscriptions/my [36m304[0m 4.823 ms - -[0m
[Mail] Sent email to le492381@gmail.com: [iPARK] Nhắc nhở: Xe 18A12345 vẫn đang trong bãi
[Scheduler] Subscription job error: ValidationError: ParkingSession validation failed: vehicleType: Path `vehicleType` is required.
    at model.validate (E:\AI-Integrated-Car-Parking-Management-System-iPARK-\backend\node_modules\mongoose\lib\document.js:2864:36)
    at process.processTicksAndRejections (node:internal/process/task_queues:105:5)
    at async model.$__save (E:\AI-Integrated-Car-Parking-Management-System-iPARK-\backend\node_modules\mongoose\lib\model.js:398:7)
    at async maybeTracedSave (E:\AI-Integrated-Car-Parking-Management-System-iPARK-\backend\node_modules\mongoose\lib\model.js:674:7)
    at async sendPrepaidReminders (E:\AI-Integrated-Car-Parking-Management-System-iPARK-\backend\src\services\reminder.service.ts:164:5)
    at async R.Cron.protect (E:\AI-Integrated-Car-Parking-Management-System-iPARK-\backend\src\services\scheduler.service.ts:42:28)
    at async R._trigger (file:///E:/AI-Integrated-Car-Parking-Management-System-iPARK-/node_modules/croner/dist/croner.js:1:16204) {
  errors: {
    vehicleType: ValidatorError: Path `vehicleType` is required.
        at SchemaString.doValidate (E:\AI-Integrated-Car-Parking-Management-System-iPARK-\backend\node_modules\mongoose\lib\schemaType.js:1515:13)
        at model.validate (E:\AI-Integrated-Car-Parking-Management-System-iPARK-\backend\node_modules\mongoose\lib\document.js:2842:20)
        at process.processTicksAndRejections (node:internal/process/task_queues:105:5)
        at async model.$__save (E:\AI-Integrated-Car-Parking-Management-System-iPARK-\backend\node_modules\mongoose\lib\model.js:398:7)
        at async maybeTracedSave (E:\AI-Integrated-Car-Parking-Management-System-iPARK-\backend\node_modules\mongoose\lib\model.js:674:7)
        at async sendPrepaidReminders (E:\AI-Integrated-Car-Parking-Management-System-iPARK-\backend\src\services\reminder.service.ts:164:5)
        at async R.Cron.protect (E:\AI-Integrated-Car-Parking-Management-System-iPARK-\backend\src\services\scheduler.service.ts:42:28)
        at async R._trigger (file:///E:/AI-Integrated-Car-Parking-Management-System-iPARK-/node_modules/croner/dist/croner.js:1:16204) {
      properties: [Object],
      kind: 'required',
      path: 'vehicleType',
      value: undefined,
      reason: undefined,
      [Symbol(mongoose#validatorError)]: true
    }
  },
  _message: 'ParkingSession validation failed'
}
[0mGET /api/auth/me [33m401[0m 0.177 ms - 34[0m
[0mPOST /api/auth/login [32m200[0m 236.285 ms - 332[0m
[0mGET /api/auth/me [32m200[0m 3.067 ms - 332[0m
[0mGET /api/parking-sessions [32m200[0m 5.265 ms - 15[0m
[0mGET /api/vehicles [32m200[0m 5.396 ms - 15[0m
[0mGET /api/pricing-config [32m200[0m 11.360 ms - 261[0m
[0mGET /api/parking-slots [32m200[0m 21.853 ms - 72055[0m
[0mGET /api/notifications [32m200[0m 6.352 ms - 251[0m
[0mGET /api/transactions [32m200[0m 9.414 ms - 125[0m
[0mGET /api/subscriptions/plans [32m200[0m 4.558 ms - 825[0m
[0mGET /api/subscriptions/my [32m200[0m 4.702 ms - 20[0m
[0mGET /api/staff-applications/me [32m200[0m 3.776 ms - 20[0m
[0mGET /api/staff-applications/me [36m304[0m 2.494 ms - -[0m
[0mGET /api/auth/me [36m304[0m 3.506 ms - -[0m
[0mGET /api/parking-sessions [36m304[0m 5.507 ms - -[0m
[0mGET /api/vehicles [36m304[0m 5.994 ms - -[0m
[0mGET /api/pricing-config [36m304[0m 10.334 ms - -[0m
[0mGET /api/parking-slots [36m304[0m 20.441 ms - -[0m
[0mGET /api/notifications [36m304[0m 5.796 ms - -[0m
[0mGET /api/transactions [32m200[0m 9.540 ms - 125[0m
[0mGET /api/subscriptions/plans [36m304[0m 5.492 ms - -[0m
[0mGET /api/subscriptions/my [36m304[0m 5.505 ms - -[0m
[0mGET /api/staff-applications/me [36m304[0m 5.002 ms - -[0m
[0mGET /api/staff-applications/me [36m304[0m 3.147 ms - -[0m
[0mGET /api/auth/me [36m304[0m 4.185 ms - -[0m
[0mGET /api/parking-sessions [36m304[0m 5.482 ms - -[0m
[0mGET /api/vehicles [36m304[0m 5.802 ms - -[0m
[0mGET /api/pricing-config [36m304[0m 11.180 ms - -[0m
[0mGET /api/parking-slots [36m304[0m 20.413 ms - -[0m
[0mGET /api/notifications [36m304[0m 5.481 ms - -[0m
[0mGET /api/transactions [32m200[0m 9.700 ms - 125[0m
[0mGET /api/subscriptions/plans [36m304[0m 5.300 ms - -[0m
[0mGET /api/subscriptions/my [36m304[0m 5.226 ms - -[0m
[0mGET /api/auth/me [33m401[0m 0.290 ms - 34[0m
[0mPOST /api/auth/login [32m200[0m 239.799 ms - 332[0m
[0mGET /api/auth/me [32m200[0m 3.424 ms - 332[0m
[0mGET /api/parking-sessions [32m200[0m 5.309 ms - 15[0m
[0mGET /api/vehicles [32m200[0m 6.393 ms - 15[0m
[0mGET /api/parking-slots [32m200[0m 20.263 ms - 72055[0m
[0mGET /api/pricing-config [32m200[0m 12.045 ms - 261[0m
[0mGET /api/notifications [32m200[0m 5.645 ms - 251[0m
[0mGET /api/transactions [32m200[0m 7.408 ms - 125[0m
[0mGET /api/subscriptions/plans [32m200[0m 3.620 ms - 825[0m
[0mGET /api/subscriptions/my [32m200[0m 3.647 ms - 20[0m
[0mGET /api/staff-applications/me [32m200[0m 2.795 ms - 20[0m
[0mGET /api/staff-applications/me [36m304[0m 3.254 ms - -[0m
[0mGET /api/auth/me [36m304[0m 3.910 ms - -[0m
[0mGET /api/parking-sessions [36m304[0m 6.138 ms - -[0m
[0mGET /api/vehicles [36m304[0m 7.872 ms - -[0m
[0mGET /api/parking-sessions [36m304[0m 4.139 ms - -[0m
[0mGET /api/parking-slots [36m304[0m 21.477 ms - -[0m
[0mGET /api/parking-sessions [36m304[0m 11.304 ms - -[0m
[0mGET /api/pricing-config [36m304[0m 11.789 ms - -[0m
[0mGET /api/notifications [36m304[0m 4.935 ms - -[0m
[0mGET /api/transactions [32m200[0m 9.032 ms - 125[0m
[0mGET /api/subscriptions/plans [36m304[0m 4.617 ms - -[0m
[0mGET /api/subscriptions/my [36m304[0m 4.409 ms - -[0m
[0mGET /api/auth/me [33m401[0m 0.331 ms - 34[0m
[0mPOST /api/auth/login [32m200[0m 236.464 ms - 332[0m
[0mGET /api/auth/me [32m200[0m 3.744 ms - 332[0m
[0mGET /api/parking-sessions [32m200[0m 6.922 ms - 15[0m
[0mGET /api/vehicles [32m200[0m 7.200 ms - 15[0m
[0mGET /api/parking-slots [32m200[0m 26.702 ms - 72055[0m
[0mGET /api/pricing-config [32m200[0m 16.621 ms - 261[0m
[0mGET /api/notifications [32m200[0m 6.603 ms - 251[0m
[0mGET /api/transactions [32m200[0m 9.455 ms - 125[0m
[0mGET /api/subscriptions/plans [32m200[0m 5.241 ms - 825[0m
[0mGET /api/subscriptions/my [32m200[0m 5.575 ms - 20[0m
[0mGET /api/staff-applications/me [32m200[0m 2.794 ms - 20[0m
[0mGET /api/staff-applications/me [36m304[0m 3.576 ms - -[0m
[0mGET /api/auth/me [36m304[0m 3.680 ms - -[0m
[0mGET /api/parking-sessions [36m304[0m 5.731 ms - -[0m
[0mGET /api/vehicles [36m304[0m 7.043 ms - -[0m
[0mGET /api/parking-sessions [36m304[0m 2.873 ms - -[0m
[0mGET /api/parking-slots [36m304[0m 20.849 ms - -[0m
[0mGET /api/parking-sessions [36m304[0m 11.138 ms - -[0m
[0mGET /api/pricing-config [36m304[0m 11.092 ms - -[0m
[0mGET /api/notifications [36m304[0m 4.949 ms - -[0m
[0mGET /api/transactions [32m200[0m 7.969 ms - 125[0m
[0mGET /api/subscriptions/plans [36m304[0m 5.435 ms - -[0m
[0mGET /api/subscriptions/my [36m304[0m 5.824 ms - -[0m
[Mail] Sent email to le492381@gmail.com: [iPARK] Nhắc nhở: Xe 18A12345 vẫn đang trong bãi
[Scheduler] Subscription job error: ValidationError: ParkingSession validation failed: vehicleType: Path `vehicleType` is required.
    at model.validate (E:\AI-Integrated-Car-Parking-Management-System-iPARK-\backend\node_modules\mongoose\lib\document.js:2864:36)
    at process.processTicksAndRejections (node:internal/process/task_queues:105:5)
    at async model.$__save (E:\AI-Integrated-Car-Parking-Management-System-iPARK-\backend\node_modules\mongoose\lib\model.js:398:7)
    at async maybeTracedSave (E:\AI-Integrated-Car-Parking-Management-System-iPARK-\backend\node_modules\mongoose\lib\model.js:674:7)
    at async sendPrepaidReminders (E:\AI-Integrated-Car-Parking-Management-System-iPARK-\backend\src\services\reminder.service.ts:164:5)
    at async R.Cron.protect (E:\AI-Integrated-Car-Parking-Management-System-iPARK-\backend\src\services\scheduler.service.ts:42:28)
    at async R._trigger (file:///E:/AI-Integrated-Car-Parking-Management-System-iPARK-/node_modules/croner/dist/croner.js:1:16204) {
  errors: {
    vehicleType: ValidatorError: Path `vehicleType` is required.
        at SchemaString.doValidate (E:\AI-Integrated-Car-Parking-Management-System-iPARK-\backend\node_modules\mongoose\lib\schemaType.js:1515:13)
        at model.validate (E:\AI-Integrated-Car-Parking-Management-System-iPARK-\backend\node_modules\mongoose\lib\document.js:2842:20)
        at process.processTicksAndRejections (node:internal/process/task_queues:105:5)
        at async model.$__save (E:\AI-Integrated-Car-Parking-Management-System-iPARK-\backend\node_modules\mongoose\lib\model.js:398:7)
        at async maybeTracedSave (E:\AI-Integrated-Car-Parking-Management-System-iPARK-\backend\node_modules\mongoose\lib\model.js:674:7)
        at async sendPrepaidReminders (E:\AI-Integrated-Car-Parking-Management-System-iPARK-\backend\src\services\reminder.service.ts:164:5)
        at async R.Cron.protect (E:\AI-Integrated-Car-Parking-Management-System-iPARK-\backend\src\services\scheduler.service.ts:42:28)
        at async R._trigger (file:///E:/AI-Integrated-Car-Parking-Management-System-iPARK-/node_modules/croner/dist/croner.js:1:16204) {
      properties: [Object],
      kind: 'required',
      path: 'vehicleType',
      value: undefined,
      reason: undefined,
      [Symbol(mongoose#validatorError)]: true
    }
  },
  _message: 'ParkingSession validation failed'
}
[Mail] Sent email to le492381@gmail.com: [iPARK] Nhắc nhở: Xe 18A12345 vẫn đang trong bãi
[Scheduler] Subscription job error: ValidationError: ParkingSession validation failed: vehicleType: Path `vehicleType` is required.
    at model.validate (E:\AI-Integrated-Car-Parking-Management-System-iPARK-\backend\node_modules\mongoose\lib\document.js:2864:36)
    at process.processTicksAndRejections (node:internal/process/task_queues:105:5)
    at async model.$__save (E:\AI-Integrated-Car-Parking-Management-System-iPARK-\backend\node_modules\mongoose\lib\model.js:398:7)
    at async maybeTracedSave (E:\AI-Integrated-Car-Parking-Management-System-iPARK-\backend\node_modules\mongoose\lib\model.js:674:7)
    at async sendPrepaidReminders (E:\AI-Integrated-Car-Parking-Management-System-iPARK-\backend\src\services\reminder.service.ts:164:5)
    at async R.Cron.protect (E:\AI-Integrated-Car-Parking-Management-System-iPARK-\backend\src\services\scheduler.service.ts:42:28)
    at async R._trigger (file:///E:/AI-Integrated-Car-Parking-Management-System-iPARK-/node_modules/croner/dist/croner.js:1:16204) {
  errors: {
    vehicleType: ValidatorError: Path `vehicleType` is required.
        at SchemaString.doValidate (E:\AI-Integrated-Car-Parking-Management-System-iPARK-\backend\node_modules\mongoose\lib\schemaType.js:1515:13)
        at model.validate (E:\AI-Integrated-Car-Parking-Management-System-iPARK-\backend\node_modules\mongoose\lib\document.js:2842:20)
        at process.processTicksAndRejections (node:internal/process/task_queues:105:5)
        at async model.$__save (E:\AI-Integrated-Car-Parking-Management-System-iPARK-\backend\node_modules\mongoose\lib\model.js:398:7)
        at async maybeTracedSave (E:\AI-Integrated-Car-Parking-Management-System-iPARK-\backend\node_modules\mongoose\lib\model.js:674:7)
        at async sendPrepaidReminders (E:\AI-Integrated-Car-Parking-Management-System-iPARK-\backend\src\services\reminder.service.ts:164:5)
        at async R.Cron.protect (E:\AI-Integrated-Car-Parking-Management-System-iPARK-\backend\src\services\scheduler.service.ts:42:28)
        at async R._trigger (file:///E:/AI-Integrated-Car-Parking-Management-System-iPARK-/node_modules/croner/dist/croner.js:1:16204) {
      properties: [Object],
      kind: 'required',
      path: 'vehicleType',
      value: undefined,
      reason: undefined,
      [Symbol(mongoose#validatorError)]: true
    }
  },
  _message: 'ParkingSession validation failed'
}
[0mGET /api/auth/me [33m401[0m 0.349 ms - 34[0m
[0mPOST /api/auth/login [32m200[0m 226.272 ms - 415[0m
[0mGET /api/auth/me [32m200[0m 3.994 ms - 415[0m
[0mGET /api/vehicles [32m200[0m 93.770 ms - 5715[0m
[0mGET /api/parking-sessions [32m200[0m 99.543 ms - 179330[0m
[0mGET /api/dashboard/overview?range=today [32m200[0m 82.604 ms - 9255[0m
[0mGET /api/dashboard/staff-overview [32m200[0m 100.910 ms - 276[0m
[0mGET /api/users?page=1&limit=100 [32m200[0m 16.991 ms - 32909[0m
[0mGET /api/parking-slots [32m200[0m 131.782 ms - 72055[0m
[0mGET /api/users?page=2&limit=100 [32m200[0m 4.463 ms - 2012[0m
[0mGET /api/pricing-config [32m200[0m 3.380 ms - 261[0m
[0mGET /api/notifications [32m200[0m 5.848 ms - 1774[0m
[0mGET /api/transactions [32m200[0m 15.283 ms - 36219[0m
[0mGET /api/shifts [32m200[0m 2.811 ms - 13[0m
[0mGET /api/shift-schedules/my [32m200[0m 5.272 ms - 7393[0m
[0mGET /api/zones [32m200[0m 4.176 ms - 373[0m
[0mGET /api/parking-slots [36m304[0m 14.061 ms - -[0m
[0mGET /api/subscriptions/plans [32m200[0m 3.277 ms - 825[0m
[0mGET /api/subscriptions [32m200[0m 4.617 ms - 1462[0m
[0mGET /api/auth/me [36m304[0m 4.252 ms - -[0m
[0mGET /api/shift-schedules/my/current [32m200[0m 18.380 ms - 32[0m
[0mGET /api/vehicles [36m304[0m 70.950 ms - -[0m
[0mGET /api/parking-sessions [36m304[0m 86.635 ms - -[0m
[0mGET /api/shift-schedules/my/current [36m304[0m 40.660 ms - -[0m
[0mGET /api/parking-slots [36m304[0m 98.480 ms - -[0m
[0mGET /api/users?page=1&limit=100 [36m304[0m 6.865 ms - -[0m
[0mGET /api/users?page=2&limit=100 [36m304[0m 3.338 ms - -[0m
[0mGET /api/pricing-config [36m304[0m 3.180 ms - -[0m
[0mGET /api/notifications [36m304[0m 6.339 ms - -[0m
[0mGET /api/transactions [32m200[0m 15.947 ms - 36219[0m
[0mGET /api/shifts [36m304[0m 3.588 ms - -[0m
[0mGET /api/shift-schedules/my [36m304[0m 6.085 ms - -[0m
[0mGET /api/zones [36m304[0m 5.774 ms - -[0m
[0mGET /api/parking-slots [36m304[0m 16.671 ms - -[0m
[0mGET /api/subscriptions/plans [36m304[0m 3.262 ms - -[0m
[0mGET /api/subscriptions [36m304[0m 4.530 ms - -[0m
[Mail] Sent email to le492381@gmail.com: [iPARK] Nhắc nhở: Xe 18A12345 vẫn đang trong bãi
[Scheduler] Subscription job error: ValidationError: ParkingSession validation failed: vehicleType: Path `vehicleType` is required.
    at model.validate (E:\AI-Integrated-Car-Parking-Management-System-iPARK-\backend\node_modules\mongoose\lib\document.js:2864:36)
    at process.processTicksAndRejections (node:internal/process/task_queues:105:5)
    at async model.$__save (E:\AI-Integrated-Car-Parking-Management-System-iPARK-\backend\node_modules\mongoose\lib\model.js:398:7)
    at async maybeTracedSave (E:\AI-Integrated-Car-Parking-Management-System-iPARK-\backend\node_modules\mongoose\lib\model.js:674:7)
    at async sendPrepaidReminders (E:\AI-Integrated-Car-Parking-Management-System-iPARK-\backend\src\services\reminder.service.ts:164:5)
    at async R.Cron.protect (E:\AI-Integrated-Car-Parking-Management-System-iPARK-\backend\src\services\scheduler.service.ts:42:28)
    at async R._trigger (file:///E:/AI-Integrated-Car-Parking-Management-System-iPARK-/node_modules/croner/dist/croner.js:1:16204) {
  errors: {
    vehicleType: ValidatorError: Path `vehicleType` is required.
        at SchemaString.doValidate (E:\AI-Integrated-Car-Parking-Management-System-iPARK-\backend\node_modules\mongoose\lib\schemaType.js:1515:13)
        at model.validate (E:\AI-Integrated-Car-Parking-Management-System-iPARK-\backend\node_modules\mongoose\lib\document.js:2842:20)
        at process.processTicksAndRejections (node:internal/process/task_queues:105:5)
        at async model.$__save (E:\AI-Integrated-Car-Parking-Management-System-iPARK-\backend\node_modules\mongoose\lib\model.js:398:7)
        at async maybeTracedSave (E:\AI-Integrated-Car-Parking-Management-System-iPARK-\backend\node_modules\mongoose\lib\model.js:674:7)
        at async sendPrepaidReminders (E:\AI-Integrated-Car-Parking-Management-System-iPARK-\backend\src\services\reminder.service.ts:164:5)
        at async R.Cron.protect (E:\AI-Integrated-Car-Parking-Management-System-iPARK-\backend\src\services\scheduler.service.ts:42:28)
        at async R._trigger (file:///E:/AI-Integrated-Car-Parking-Management-System-iPARK-/node_modules/croner/dist/croner.js:1:16204) {
      properties: [Object],
      kind: 'required',
      path: 'vehicleType',
      value: undefined,
      reason: undefined,
      [Symbol(mongoose#validatorError)]: true
    }
  },
  _message: 'ParkingSession validation failed'
}
[0mGET /api/auth/me [33m401[0m 0.205 ms - 34[0m
[0mPOST /api/auth/login [32m200[0m 243.422 ms - 415[0m
[0mGET /api/auth/me [32m200[0m 4.138 ms - 415[0m
[0mGET /api/dashboard/overview?range=today [32m200[0m 87.814 ms - 9255[0m
[0mGET /api/vehicles [32m200[0m 93.196 ms - 5715[0m
[0mGET /api/dashboard/staff-overview [32m200[0m 91.708 ms - 276[0m
[0mGET /api/parking-sessions [32m200[0m 112.256 ms - 179330[0m
[0mGET /api/parking-slots [32m200[0m 122.833 ms - 72055[0m
[0mGET /api/users?page=1&limit=100 [32m200[0m 8.002 ms - 32909[0m
[0mGET /api/users?page=2&limit=100 [32m200[0m 5.614 ms - 2012[0m
[0mGET /api/pricing-config [32m200[0m 3.455 ms - 261[0m
[0mGET /api/notifications [32m200[0m 7.851 ms - 1774[0m
[0mGET /api/transactions [32m200[0m 17.301 ms - 36219[0m
[0mGET /api/shifts [32m200[0m 4.762 ms - 13[0m
[0mGET /api/shift-schedules/my [32m200[0m 9.041 ms - 7393[0m
[0mGET /api/zones [32m200[0m 4.867 ms - 373[0m
[0mGET /api/parking-slots [36m304[0m 15.567 ms - -[0m
[0mGET /api/subscriptions/plans [32m200[0m 3.183 ms - 825[0m
[0mGET /api/subscriptions [32m200[0m 4.324 ms - 1462[0m
[0mGET /api/auth/me [36m304[0m 3.260 ms - -[0m
[0mGET /api/shift-schedules/my/current [32m200[0m 43.499 ms - 32[0m
[0mGET /api/vehicles [36m304[0m 68.040 ms - -[0m
[0mGET /api/parking-sessions [36m304[0m 85.157 ms - -[0m
[0mGET /api/shift-schedules/my/current [36m304[0m 22.517 ms - -[0m
[0mGET /api/parking-slots [36m304[0m 94.616 ms - -[0m
[0mGET /api/users?page=1&limit=100 [36m304[0m 10.092 ms - -[0m
[0mGET /api/users?page=2&limit=100 [36m304[0m 3.509 ms - -[0m
[0mGET /api/pricing-config [36m304[0m 3.415 ms - -[0m
[0mGET /api/notifications [36m304[0m 6.848 ms - -[0m
[0mGET /api/transactions [32m200[0m 16.500 ms - 36219[0m
[0mGET /api/shifts [36m304[0m 3.128 ms - -[0m
[0mGET /api/shift-schedules/my [36m304[0m 5.551 ms - -[0m
[0mGET /api/zones [36m304[0m 3.863 ms - -[0m
[0mGET /api/parking-slots [36m304[0m 12.145 ms - -[0m
[0mGET /api/subscriptions/plans [36m304[0m 3.459 ms - -[0m
[0mGET /api/subscriptions [36m304[0m 7.045 ms - -[0m
[Mail] Sent email to le492381@gmail.com: [iPARK] Nhắc nhở: Xe 18A12345 vẫn đang trong bãi
[Scheduler] Subscription job error: ValidationError: ParkingSession validation failed: vehicleType: Path `vehicleType` is required.
    at model.validate (E:\AI-Integrated-Car-Parking-Management-System-iPARK-\backend\node_modules\mongoose\lib\document.js:2864:36)
    at process.processTicksAndRejections (node:internal/process/task_queues:105:5)
    at async model.$__save (E:\AI-Integrated-Car-Parking-Management-System-iPARK-\backend\node_modules\mongoose\lib\model.js:398:7)
    at async maybeTracedSave (E:\AI-Integrated-Car-Parking-Management-System-iPARK-\backend\node_modules\mongoose\lib\model.js:674:7)
    at async sendPrepaidReminders (E:\AI-Integrated-Car-Parking-Management-System-iPARK-\backend\src\services\reminder.service.ts:164:5)
    at async R.Cron.protect (E:\AI-Integrated-Car-Parking-Management-System-iPARK-\backend\src\services\scheduler.service.ts:42:28)
    at async R._trigger (file:///E:/AI-Integrated-Car-Parking-Management-System-iPARK-/node_modules/croner/dist/croner.js:1:16204) {
  errors: {
    vehicleType: ValidatorError: Path `vehicleType` is required.
        at SchemaString.doValidate (E:\AI-Integrated-Car-Parking-Management-System-iPARK-\backend\node_modules\mongoose\lib\schemaType.js:1515:13)
        at model.validate (E:\AI-Integrated-Car-Parking-Management-System-iPARK-\backend\node_modules\mongoose\lib\document.js:2842:20)
        at process.processTicksAndRejections (node:internal/process/task_queues:105:5)
        at async model.$__save (E:\AI-Integrated-Car-Parking-Management-System-iPARK-\backend\node_modules\mongoose\lib\model.js:398:7)
        at async maybeTracedSave (E:\AI-Integrated-Car-Parking-Management-System-iPARK-\backend\node_modules\mongoose\lib\model.js:674:7)
        at async sendPrepaidReminders (E:\AI-Integrated-Car-Parking-Management-System-iPARK-\backend\src\services\reminder.service.ts:164:5)
        at async R.Cron.protect (E:\AI-Integrated-Car-Parking-Management-System-iPARK-\backend\src\services\scheduler.service.ts:42:28)
        at async R._trigger (file:///E:/AI-Integrated-Car-Parking-Management-System-iPARK-/node_modules/croner/dist/croner.js:1:16204) {
      properties: [Object],
      kind: 'required',
      path: 'vehicleType',
      value: undefined,
      reason: undefined,
      [Symbol(mongoose#validatorError)]: true
    }
  },
  _message: 'ParkingSession validation failed'
}
[0mGET /api/auth/me [33m401[0m 0.330 ms - 34[0m
[0mPOST /api/auth/login [32m200[0m 233.997 ms - 415[0m
[0mGET /api/auth/me [32m200[0m 3.734 ms - 415[0m
[0mGET /api/vehicles [32m200[0m 73.093 ms - 5715[0m
[0mGET /api/parking-sessions [32m200[0m 89.938 ms - 179330[0m
[0mGET /api/dashboard/overview?range=today [32m200[0m 78.599 ms - 9255[0m
[0mGET /api/dashboard/staff-overview [32m200[0m 80.797 ms - 2031[0m
[0mGET /api/parking-slots [32m200[0m 106.911 ms - 72055[0m
[0mGET /api/users?page=1&limit=100 [32m200[0m 13.053 ms - 32909[0m
[0mGET /api/users?page=2&limit=100 [32m200[0m 4.412 ms - 2012[0m
[0mGET /api/pricing-config [32m200[0m 3.012 ms - 261[0m
[0mGET /api/notifications [32m200[0m 6.027 ms - 1774[0m
[0mGET /api/transactions [32m200[0m 15.218 ms - 36219[0m
[0mGET /api/shifts [32m200[0m 3.282 ms - 13[0m
[0mGET /api/shift-schedules/my [32m200[0m 4.871 ms - 425[0m
[0mGET /api/zones [32m200[0m 4.046 ms - 373[0m
[0mGET /api/parking-slots [36m304[0m 12.808 ms - -[0m
[0mGET /api/subscriptions/plans [32m200[0m 3.043 ms - 825[0m
[0mGET /api/subscriptions [32m200[0m 4.014 ms - 1462[0m
[0mGET /api/auth/me [36m304[0m 3.853 ms - -[0m
[0mGET /api/shift-schedules/my/current [32m200[0m 18.829 ms - 436[0m
[0mGET /api/vehicles [36m304[0m 78.628 ms - -[0m
[0mGET /api/parking-sessions [36m304[0m 96.621 ms - -[0m
[0mGET /api/shift-schedules/my/current [36m304[0m 48.275 ms - -[0m
[0mGET /api/devices/lane-roles [32m200[0m 25.941 ms - 35[0m
[0mGET /api/parking-slots [36m304[0m 113.041 ms - -[0m
[0mGET /api/users?page=1&limit=100 [36m304[0m 16.691 ms - -[0m
[0mGET /api/devices/lane-roles [36m304[0m 11.261 ms - -[0m
[0mGET /api/exit/pending [32m200[0m 5.530 ms - 17[0m
[0mGET /api/users?page=2&limit=100 [36m304[0m 3.890 ms - -[0m
[0mGET /api/camera-logs/entry-reviews/pending [32m200[0m 13.225 ms - 24[0m
[0mGET /api/pricing-config [36m304[0m 2.910 ms - -[0m
[0mGET /api/notifications [36m304[0m 5.559 ms - -[0m
[0mGET /api/transactions [32m200[0m 14.558 ms - 36219[0m
[0mGET /api/shifts [36m304[0m 2.896 ms - -[0m
[0mGET /api/shift-schedules/my [36m304[0m 4.385 ms - -[0m
[0mGET /api/zones [36m304[0m 4.292 ms - -[0m
[0mGET /api/parking-slots [36m304[0m 12.307 ms - -[0m
[0mGET /api/subscriptions/plans [36m304[0m 2.963 ms - -[0m
[0mGET /api/subscriptions [36m304[0m 4.018 ms - -[0m
[0mGET /api/camera-logs/stream [32m200[0m 17.018 ms - -[0m
[0mGET /api/auth/me [33m401[0m 0.284 ms - 34[0m
[0mPOST /api/auth/login [32m200[0m 234.801 ms - 415[0m
[0mGET /api/auth/me [32m200[0m 4.037 ms - 415[0m
[0mGET /api/vehicles [32m200[0m 69.639 ms - 5715[0m
[0mGET /api/parking-sessions [32m200[0m 88.837 ms - 179330[0m
[0mGET /api/dashboard/overview?range=today [32m200[0m 73.205 ms - 9255[0m
[0mGET /api/dashboard/staff-overview [32m200[0m 75.267 ms - 2031[0m
[0mGET /api/parking-slots [32m200[0m 104.724 ms - 72055[0m
[0mGET /api/users?page=1&limit=100 [32m200[0m 7.363 ms - 32909[0m
[0mGET /api/users?page=2&limit=100 [32m200[0m 4.500 ms - 2012[0m
[0mGET /api/pricing-config [32m200[0m 4.659 ms - 261[0m
[0mGET /api/notifications [32m200[0m 5.692 ms - 1774[0m
[0mGET /api/transactions [32m200[0m 16.131 ms - 36219[0m
[0mGET /api/shifts [32m200[0m 3.906 ms - 13[0m
[0mGET /api/shift-schedules/my [32m200[0m 5.373 ms - 425[0m
[0mGET /api/zones [32m200[0m 4.861 ms - 373[0m
[0mGET /api/parking-slots [36m304[0m 14.053 ms - -[0m
[0mGET /api/subscriptions/plans [32m200[0m 3.058 ms - 825[0m
[0mGET /api/subscriptions [32m200[0m 4.206 ms - 1462[0m
[0mGET /api/auth/me [36m304[0m 4.827 ms - -[0m
[0mGET /api/shift-schedules/my/current [32m200[0m 17.307 ms - 436[0m
[0mGET /api/vehicles [36m304[0m 78.801 ms - -[0m
[0mGET /api/parking-sessions [36m304[0m 101.093 ms - -[0m
[0mGET /api/shift-schedules/my/current [36m304[0m 56.433 ms - -[0m
[0mGET /api/devices/lane-roles [32m200[0m 24.832 ms - 35[0m
[0mGET /api/parking-slots [36m304[0m 112.393 ms - -[0m
[0mGET /api/users?page=1&limit=100 [36m304[0m 8.717 ms - -[0m
[0mGET /api/devices/lane-roles [36m304[0m 7.755 ms - -[0m
[0mGET /api/exit/pending [32m200[0m 2.882 ms - 17[0m
[0mGET /api/camera-logs/entry-reviews/pending [32m200[0m 3.114 ms - 24[0m
[0mGET /api/users?page=2&limit=100 [36m304[0m 3.394 ms - -[0m
[0mGET /api/pricing-config [36m304[0m 2.541 ms - -[0m
[0mGET /api/notifications [36m304[0m 5.831 ms - -[0m
[0mGET /api/transactions [32m200[0m 15.308 ms - 36219[0m
[0mGET /api/shifts [36m304[0m 2.802 ms - -[0m
[0mGET /api/shift-schedules/my [36m304[0m 4.032 ms - -[0m
[0mGET /api/zones [36m304[0m 4.141 ms - -[0m
[0mGET /api/parking-slots [36m304[0m 13.483 ms - -[0m
[0mGET /api/subscriptions/plans [36m304[0m 3.266 ms - -[0m
[0mGET /api/subscriptions [36m304[0m 4.484 ms - -[0m
[0mGET /api/camera-logs/stream [32m200[0m 22.543 ms - -[0m
[Mail] Sent email to le492381@gmail.com: [iPARK] Nhắc nhở: Xe 18A12345 vẫn đang trong bãi
[Scheduler] Subscription job error: ValidationError: ParkingSession validation failed: vehicleType: Path `vehicleType` is required.
    at model.validate (E:\AI-Integrated-Car-Parking-Management-System-iPARK-\backend\node_modules\mongoose\lib\document.js:2864:36)
    at process.processTicksAndRejections (node:internal/process/task_queues:105:5)
    at async model.$__save (E:\AI-Integrated-Car-Parking-Management-System-iPARK-\backend\node_modules\mongoose\lib\model.js:398:7)
    at async maybeTracedSave (E:\AI-Integrated-Car-Parking-Management-System-iPARK-\backend\node_modules\mongoose\lib\model.js:674:7)
    at async sendPrepaidReminders (E:\AI-Integrated-Car-Parking-Management-System-iPARK-\backend\src\services\reminder.service.ts:164:5)
    at async R.Cron.protect (E:\AI-Integrated-Car-Parking-Management-System-iPARK-\backend\src\services\scheduler.service.ts:42:28)
    at async R._trigger (file:///E:/AI-Integrated-Car-Parking-Management-System-iPARK-/node_modules/croner/dist/croner.js:1:16204) {
  errors: {
    vehicleType: ValidatorError: Path `vehicleType` is required.
        at SchemaString.doValidate (E:\AI-Integrated-Car-Parking-Management-System-iPARK-\backend\node_modules\mongoose\lib\schemaType.js:1515:13)
        at model.validate (E:\AI-Integrated-Car-Parking-Management-System-iPARK-\backend\node_modules\mongoose\lib\document.js:2842:20)
        at process.processTicksAndRejections (node:internal/process/task_queues:105:5)
        at async model.$__save (E:\AI-Integrated-Car-Parking-Management-System-iPARK-\backend\node_modules\mongoose\lib\model.js:398:7)
        at async maybeTracedSave (E:\AI-Integrated-Car-Parking-Management-System-iPARK-\backend\node_modules\mongoose\lib\model.js:674:7)
        at async sendPrepaidReminders (E:\AI-Integrated-Car-Parking-Management-System-iPARK-\backend\src\services\reminder.service.ts:164:5)
        at async R.Cron.protect (E:\AI-Integrated-Car-Parking-Management-System-iPARK-\backend\src\services\scheduler.service.ts:42:28)
        at async R._trigger (file:///E:/AI-Integrated-Car-Parking-Management-System-iPARK-/node_modules/croner/dist/croner.js:1:16204) {
      properties: [Object],
      kind: 'required',
      path: 'vehicleType',
      value: undefined,
      reason: undefined,
      [Symbol(mongoose#validatorError)]: true
    }
  },
  _message: 'ParkingSession validation failed'
}
[0mGET /api/auth/me [33m401[0m 0.381 ms - 34[0m
[0mPOST /api/auth/login [32m200[0m 264.250 ms - 415[0m
[0mGET /api/auth/me [32m200[0m 4.607 ms - 415[0m
[0mGET /api/dashboard/staff-overview [32m200[0m 88.055 ms - 2031[0m
[0mGET /api/parking-sessions [32m200[0m 108.150 ms - 179330[0m
[0mGET /api/dashboard/overview?range=today [32m200[0m 87.902 ms - 9255[0m
[0mGET /api/vehicles [32m200[0m 108.566 ms - 5715[0m
[0mGET /api/parking-slots [32m200[0m 120.294 ms - 72055[0m
[0mGET /api/users?page=1&limit=100 [32m200[0m 7.816 ms - 32909[0m
[0mGET /api/users?page=2&limit=100 [32m200[0m 4.488 ms - 2012[0m
[0mGET /api/pricing-config [32m200[0m 3.426 ms - 261[0m
[0mGET /api/notifications [32m200[0m 5.921 ms - 1774[0m
[0mGET /api/transactions [32m200[0m 15.746 ms - 36219[0m
[0mGET /api/shifts [32m200[0m 2.942 ms - 13[0m
[0mGET /api/shift-schedules/my [32m200[0m 4.990 ms - 425[0m
[0mGET /api/zones [32m200[0m 4.504 ms - 373[0m
[0mGET /api/parking-slots [36m304[0m 13.433 ms - -[0m
[0mGET /api/subscriptions/plans [32m200[0m 3.211 ms - 825[0m
[0mGET /api/subscriptions [32m200[0m 5.000 ms - 1462[0m
[0mGET /api/auth/me [36m304[0m 4.554 ms - -[0m
[0mGET /api/vehicles [36m304[0m 79.451 ms - -[0m
[0mGET /api/dashboard/overview?range=today [36m304[0m 82.826 ms - -[0m
[0mGET /api/dashboard/staff-overview [36m304[0m 91.657 ms - -[0m
[0mGET /api/parking-sessions [36m304[0m 111.261 ms - -[0m
[0mGET /api/parking-slots [36m304[0m 122.455 ms - -[0m
[0mGET /api/users?page=1&limit=100 [36m304[0m 10.451 ms - -[0m
[0mGET /api/users?page=2&limit=100 [36m304[0m 6.204 ms - -[0m
[0mGET /api/pricing-config [36m304[0m 3.883 ms - -[0m
[0mGET /api/notifications [36m304[0m 7.149 ms - -[0m
[0mGET /api/transactions [32m200[0m 18.423 ms - 36219[0m
[0mGET /api/shifts [36m304[0m 4.240 ms - -[0m
[0mGET /api/shift-schedules/my [36m304[0m 6.321 ms - -[0m
[0mGET /api/zones [36m304[0m 11.275 ms - -[0m
[0mGET /api/parking-slots [36m304[0m 26.843 ms - -[0m
[0mGET /api/subscriptions/plans [36m304[0m 4.536 ms - -[0m
[0mGET /api/subscriptions [36m304[0m 4.953 ms - -[0m
[0mGET /api/auth/me [33m401[0m 0.219 ms - 34[0m
[0mPOST /api/auth/login [32m200[0m 259.166 ms - 415[0m
[0mGET /api/auth/me [32m200[0m 3.774 ms - 415[0m
[0mGET /api/vehicles [32m200[0m 85.944 ms - 5715[0m
[0mGET /api/parking-sessions [32m200[0m 107.549 ms - 179330[0m
[0mGET /api/dashboard/overview?range=today [32m200[0m 95.000 ms - 9255[0m
[0mGET /api/dashboard/staff-overview [32m200[0m 109.440 ms - 2031[0m
[0mGET /api/parking-slots [32m200[0m 123.386 ms - 72055[0m
[0mGET /api/users?page=1&limit=100 [32m200[0m 13.561 ms - 32909[0m
[0mGET /api/users?page=2&limit=100 [32m200[0m 3.948 ms - 2012[0m
[0mGET /api/pricing-config [32m200[0m 3.347 ms - 261[0m
[0mGET /api/notifications [32m200[0m 7.013 ms - 1774[0m
[0mGET /api/transactions [32m200[0m 20.763 ms - 36219[0m
[0mGET /api/shifts [32m200[0m 3.653 ms - 13[0m
[0mGET /api/shift-schedules/my [32m200[0m 6.985 ms - 425[0m
[0mGET /api/zones [32m200[0m 4.434 ms - 373[0m
[0mGET /api/parking-slots [36m304[0m 15.235 ms - -[0m
[0mGET /api/subscriptions/plans [32m200[0m 3.477 ms - 825[0m
[0mGET /api/subscriptions [32m200[0m 4.712 ms - 1462[0m
[0mGET /api/auth/me [36m304[0m 4.181 ms - -[0m
[0mGET /api/shift-schedules/types [32m200[0m 3.390 ms - 318[0m
[0mGET /api/shift-schedules/my?fromDate=2026-09-14&toDate=2026-09-20 [32m200[0m 21.866 ms - 425[0m
[0mGET /api/shift-schedules/types [36m304[0m 18.235 ms - -[0m
[0mGET /api/vehicles [36m304[0m 78.735 ms - -[0m
[0mGET /api/parking-sessions [32m200[0m 94.159 ms - 179330[0m
[0mGET /api/shift-schedules/my?fromDate=2026-09-14&toDate=2026-09-20 [36m304[0m 54.477 ms - -[0m
[0mGET /api/parking-slots [36m304[0m 109.969 ms - -[0m
[0mGET /api/users?page=1&limit=100 [36m304[0m 9.470 ms - -[0m
[0mGET /api/users?page=2&limit=100 [36m304[0m 3.878 ms - -[0m
[0mGET /api/pricing-config [36m304[0m 3.014 ms - -[0m
[0mGET /api/notifications [36m304[0m 5.825 ms - -[0m
[0mGET /api/transactions [32m200[0m 14.731 ms - 36219[0m
[0mGET /api/shifts [36m304[0m 2.784 ms - -[0m
[0mGET /api/shift-schedules/my [36m304[0m 4.815 ms - -[0m
[0mGET /api/zones [36m304[0m 4.187 ms - -[0m
[0mGET /api/parking-slots [36m304[0m 13.053 ms - -[0m
[0mGET /api/subscriptions/plans [36m304[0m 3.272 ms - -[0m
[0mGET /api/subscriptions [36m304[0m 4.451 ms - -[0m
[0mGET /api/auth/me [33m401[0m 0.189 ms - 34[0m
[0mPOST /api/auth/login [32m200[0m 245.215 ms - 341[0m
[0mGET /api/auth/me [32m200[0m 3.379 ms - 341[0m
[0mGET /api/dashboard/overview [32m200[0m 50.608 ms - 9255[0m
[0mGET /api/zones [32m200[0m 74.783 ms - 373[0m
[0mGET /api/parking-sessions [32m200[0m 95.016 ms - 179330[0m
[0mGET /api/reports/summary?from=2026-09-18&to=2026-09-18 [32m200[0m 80.382 ms - 209[0m
[0mGET /api/vehicles [32m200[0m 93.078 ms - 5715[0m
[0mGET /api/dashboard/overview?range=7d [32m200[0m 34.084 ms - 9275[0m
[0mGET /api/dashboard/overview [36m304[0m 31.274 ms - -[0m
[0mGET /api/parking-slots [32m200[0m 122.466 ms - 72055[0m
[0mGET /api/zones [36m304[0m 41.452 ms - -[0m
[0mGET /api/parking-sessions [36m304[0m 109.943 ms - -[0m
[0mGET /api/users?page=1&limit=100 [32m200[0m 68.019 ms - 33103[0m
[0mGET /api/parking-slots [36m304[0m 154.306 ms - -[0m
[0mGET /api/parking-sessions [36m304[0m 86.353 ms - -[0m
[0mGET /api/users?page=2&limit=100 [32m200[0m 4.628 ms - 3723[0m
[0mGET /api/parking-slots [36m304[0m 18.348 ms - -[0m
[0mGET /api/pricing-config [32m200[0m 4.264 ms - 261[0m
[0mGET /api/notifications [32m200[0m 6.120 ms - 10710[0m
[0mGET /api/transactions [32m200[0m 12.282 ms - 36789[0m
[Error] Cannot read properties of undefined (reading 'toString') TypeError: Cannot read properties of undefined (reading 'toString')
    at serializeShift (E:\AI-Integrated-Car-Parking-Management-System-iPARK-\backend\src\utils\serializers.ts:340:28)
    at Array.map (<anonymous>)
    at listShifts (E:\AI-Integrated-Car-Parking-Management-System-iPARK-\backend\src\controllers\shifts.controller.ts:9:34)
    at process.processTicksAndRejections (node:internal/process/task_queues:105:5)
[0mGET /api/shifts [31m500[0m 4.705 ms - 70[0m
[0mGET /api/shift-schedules [32m200[0m 8.627 ms - 7595[0m
[0mGET /api/zones [36m304[0m 5.205 ms - -[0m
[0mGET /api/parking-slots [36m304[0m 13.566 ms - -[0m
[0mGET /api/subscriptions/plans [32m200[0m 2.905 ms - 1261[0m
[0mGET /api/subscriptions [32m200[0m 4.971 ms - 1944[0m
[Mail] Sent email to le492381@gmail.com: [iPARK] Nhắc nhở: Xe 18A12345 vẫn đang trong bãi
[Scheduler] Subscription job error: ValidationError: ParkingSession validation failed: vehicleType: Path `vehicleType` is required.
    at model.validate (E:\AI-Integrated-Car-Parking-Management-System-iPARK-\backend\node_modules\mongoose\lib\document.js:2864:36)
    at process.processTicksAndRejections (node:internal/process/task_queues:105:5)
    at async model.$__save (E:\AI-Integrated-Car-Parking-Management-System-iPARK-\backend\node_modules\mongoose\lib\model.js:398:7)
    at async maybeTracedSave (E:\AI-Integrated-Car-Parking-Management-System-iPARK-\backend\node_modules\mongoose\lib\model.js:674:7)
    at async sendPrepaidReminders (E:\AI-Integrated-Car-Parking-Management-System-iPARK-\backend\src\services\reminder.service.ts:164:5)
    at async R.Cron.protect (E:\AI-Integrated-Car-Parking-Management-System-iPARK-\backend\src\services\scheduler.service.ts:42:28)
    at async R._trigger (file:///E:/AI-Integrated-Car-Parking-Management-System-iPARK-/node_modules/croner/dist/croner.js:1:16204) {
  errors: {
    vehicleType: ValidatorError: Path `vehicleType` is required.
        at SchemaString.doValidate (E:\AI-Integrated-Car-Parking-Management-System-iPARK-\backend\node_modules\mongoose\lib\schemaType.js:1515:13)
        at model.validate (E:\AI-Integrated-Car-Parking-Management-System-iPARK-\backend\node_modules\mongoose\lib\document.js:2842:20)
        at process.processTicksAndRejections (node:internal/process/task_queues:105:5)
        at async model.$__save (E:\AI-Integrated-Car-Parking-Management-System-iPARK-\backend\node_modules\mongoose\lib\model.js:398:7)
        at async maybeTracedSave (E:\AI-Integrated-Car-Parking-Management-System-iPARK-\backend\node_modules\mongoose\lib\model.js:674:7)
        at async sendPrepaidReminders (E:\AI-Integrated-Car-Parking-Management-System-iPARK-\backend\src\services\reminder.service.ts:164:5)
        at async R.Cron.protect (E:\AI-Integrated-Car-Parking-Management-System-iPARK-\backend\src\services\scheduler.service.ts:42:28)
        at async R._trigger (file:///E:/AI-Integrated-Car-Parking-Management-System-iPARK-/node_modules/croner/dist/croner.js:1:16204) {
      properties: [Object],
      kind: 'required',
      path: 'vehicleType',
      value: undefined,
      reason: undefined,
      [Symbol(mongoose#validatorError)]: true
    }
  },
  _message: 'ParkingSession validation failed'
}
[0mGET /api/auth/me [36m304[0m 3.758 ms - -[0m
[0mGET /api/devices [32m200[0m 19.111 ms - 390[0m
[0mGET /api/reports/summary?from=2026-09-18&to=2026-09-18 [36m304[0m 68.475 ms - -[0m
[0mGET /api/vehicles [36m304[0m 71.757 ms - -[0m
[0mGET /api/parking-sessions [32m200[0m 85.264 ms - 179330[0m
[0mGET /api/devices [36m304[0m 38.448 ms - -[0m
[0mGET /api/parking-slots [36m304[0m 99.149 ms - -[0m
[0mGET /api/users?page=1&limit=100 [36m304[0m 13.298 ms - -[0m
[0mGET /api/users?page=2&limit=100 [36m304[0m 4.282 ms - -[0m
[0mGET /api/pricing-config [36m304[0m 3.511 ms - -[0m
[0mGET /api/notifications [36m304[0m 6.368 ms - -[0m
[0mGET /api/transactions [32m200[0m 17.391 ms - 36789[0m
[Error] Cannot read properties of undefined (reading 'toString') TypeError: Cannot read properties of undefined (reading 'toString')
    at serializeShift (E:\AI-Integrated-Car-Parking-Management-System-iPARK-\backend\src\utils\serializers.ts:340:28)
    at Array.map (<anonymous>)
    at listShifts (E:\AI-Integrated-Car-Parking-Management-System-iPARK-\backend\src\controllers\shifts.controller.ts:9:34)
    at process.processTicksAndRejections (node:internal/process/task_queues:105:5)
[0mGET /api/shifts [31m500[0m 3.775 ms - 70[0m
[0mGET /api/shift-schedules [36m304[0m 6.663 ms - -[0m
[0mGET /api/zones [36m304[0m 4.396 ms - -[0m
[0mGET /api/parking-slots [36m304[0m 13.600 ms - -[0m
[0mGET /api/subscriptions/plans [36m304[0m 3.274 ms - -[0m
[0mGET /api/subscriptions [36m304[0m 5.354 ms - -[0m
[Mail] Sent email to le492381@gmail.com: [iPARK] Nhắc nhở: Xe 18A12345 vẫn đang trong bãi
[Scheduler] Subscription job error: ValidationError: ParkingSession validation failed: vehicleType: Path `vehicleType` is required.
    at model.validate (E:\AI-Integrated-Car-Parking-Management-System-iPARK-\backend\node_modules\mongoose\lib\document.js:2864:36)
    at process.processTicksAndRejections (node:internal/process/task_queues:105:5)
    at async model.$__save (E:\AI-Integrated-Car-Parking-Management-System-iPARK-\backend\node_modules\mongoose\lib\model.js:398:7)
    at async maybeTracedSave (E:\AI-Integrated-Car-Parking-Management-System-iPARK-\backend\node_modules\mongoose\lib\model.js:674:7)
    at async sendPrepaidReminders (E:\AI-Integrated-Car-Parking-Management-System-iPARK-\backend\src\services\reminder.service.ts:164:5)
    at async R.Cron.protect (E:\AI-Integrated-Car-Parking-Management-System-iPARK-\backend\src\services\scheduler.service.ts:42:28)
    at async R._trigger (file:///E:/AI-Integrated-Car-Parking-Management-System-iPARK-/node_modules/croner/dist/croner.js:1:16204) {
  errors: {
    vehicleType: ValidatorError: Path `vehicleType` is required.
        at SchemaString.doValidate (E:\AI-Integrated-Car-Parking-Management-System-iPARK-\backend\node_modules\mongoose\lib\schemaType.js:1515:13)
        at model.validate (E:\AI-Integrated-Car-Parking-Management-System-iPARK-\backend\node_modules\mongoose\lib\document.js:2842:20)
        at process.processTicksAndRejections (node:internal/process/task_queues:105:5)
        at async model.$__save (E:\AI-Integrated-Car-Parking-Management-System-iPARK-\backend\node_modules\mongoose\lib\model.js:398:7)
        at async maybeTracedSave (E:\AI-Integrated-Car-Parking-Management-System-iPARK-\backend\node_modules\mongoose\lib\model.js:674:7)
        at async sendPrepaidReminders (E:\AI-Integrated-Car-Parking-Management-System-iPARK-\backend\src\services\reminder.service.ts:164:5)
        at async R.Cron.protect (E:\AI-Integrated-Car-Parking-Management-System-iPARK-\backend\src\services\scheduler.service.ts:42:28)
        at async R._trigger (file:///E:/AI-Integrated-Car-Parking-Management-System-iPARK-/node_modules/croner/dist/croner.js:1:16204) {
      properties: [Object],
      kind: 'required',
      path: 'vehicleType',
      value: undefined,
      reason: undefined,
      [Symbol(mongoose#validatorError)]: true
    }
  },
  _message: 'ParkingSession validation failed'
}
[Mail] Sent email to le492381@gmail.com: [iPARK] Nhắc nhở: Xe 18A12345 vẫn đang trong bãi
[Scheduler] Subscription job error: ValidationError: ParkingSession validation failed: vehicleType: Path `vehicleType` is required.
    at model.validate (E:\AI-Integrated-Car-Parking-Management-System-iPARK-\backend\node_modules\mongoose\lib\document.js:2864:36)
    at process.processTicksAndRejections (node:internal/process/task_queues:105:5)
    at async model.$__save (E:\AI-Integrated-Car-Parking-Management-System-iPARK-\backend\node_modules\mongoose\lib\model.js:398:7)
    at async maybeTracedSave (E:\AI-Integrated-Car-Parking-Management-System-iPARK-\backend\node_modules\mongoose\lib\model.js:674:7)
    at async sendPrepaidReminders (E:\AI-Integrated-Car-Parking-Management-System-iPARK-\backend\src\services\reminder.service.ts:164:5)
    at async R.Cron.protect (E:\AI-Integrated-Car-Parking-Management-System-iPARK-\backend\src\services\scheduler.service.ts:42:28)
    at async R._trigger (file:///E:/AI-Integrated-Car-Parking-Management-System-iPARK-/node_modules/croner/dist/croner.js:1:16204) {
  errors: {
    vehicleType: ValidatorError: Path `vehicleType` is required.
        at SchemaString.doValidate (E:\AI-Integrated-Car-Parking-Management-System-iPARK-\backend\node_modules\mongoose\lib\schemaType.js:1515:13)
        at model.validate (E:\AI-Integrated-Car-Parking-Management-System-iPARK-\backend\node_modules\mongoose\lib\document.js:2842:20)
        at process.processTicksAndRejections (node:internal/process/task_queues:105:5)
        at async model.$__save (E:\AI-Integrated-Car-Parking-Management-System-iPARK-\backend\node_modules\mongoose\lib\model.js:398:7)
        at async maybeTracedSave (E:\AI-Integrated-Car-Parking-Management-System-iPARK-\backend\node_modules\mongoose\lib\model.js:674:7)
        at async sendPrepaidReminders (E:\AI-Integrated-Car-Parking-Management-System-iPARK-\backend\src\services\reminder.service.ts:164:5)
        at async R.Cron.protect (E:\AI-Integrated-Car-Parking-Management-System-iPARK-\backend\src\services\scheduler.service.ts:42:28)
        at async R._trigger (file:///E:/AI-Integrated-Car-Parking-Management-System-iPARK-/node_modules/croner/dist/croner.js:1:16204) {
      properties: [Object],
      kind: 'required',
      path: 'vehicleType',
      value: undefined,
      reason: undefined,
      [Symbol(mongoose#validatorError)]: true
    }
  },
  _message: 'ParkingSession validation failed'
}
[Mail] Sent email to le492381@gmail.com: [iPARK] Nhắc nhở: Xe 18A12345 vẫn đang trong bãi
[Scheduler] Subscription job error: ValidationError: ParkingSession validation failed: vehicleType: Path `vehicleType` is required.
    at model.validate (E:\AI-Integrated-Car-Parking-Management-System-iPARK-\backend\node_modules\mongoose\lib\document.js:2864:36)
    at process.processTicksAndRejections (node:internal/process/task_queues:105:5)
    at async model.$__save (E:\AI-Integrated-Car-Parking-Management-System-iPARK-\backend\node_modules\mongoose\lib\model.js:398:7)
    at async maybeTracedSave (E:\AI-Integrated-Car-Parking-Management-System-iPARK-\backend\node_modules\mongoose\lib\model.js:674:7)
    at async sendPrepaidReminders (E:\AI-Integrated-Car-Parking-Management-System-iPARK-\backend\src\services\reminder.service.ts:164:5)
    at async R.Cron.protect (E:\AI-Integrated-Car-Parking-Management-System-iPARK-\backend\src\services\scheduler.service.ts:42:28)
    at async R._trigger (file:///E:/AI-Integrated-Car-Parking-Management-System-iPARK-/node_modules/croner/dist/croner.js:1:16204) {
  errors: {
    vehicleType: ValidatorError: Path `vehicleType` is required.
        at SchemaString.doValidate (E:\AI-Integrated-Car-Parking-Management-System-iPARK-\backend\node_modules\mongoose\lib\schemaType.js:1515:13)
        at model.validate (E:\AI-Integrated-Car-Parking-Management-System-iPARK-\backend\node_modules\mongoose\lib\document.js:2842:20)
        at process.processTicksAndRejections (node:internal/process/task_queues:105:5)
        at async model.$__save (E:\AI-Integrated-Car-Parking-Management-System-iPARK-\backend\node_modules\mongoose\lib\model.js:398:7)
        at async maybeTracedSave (E:\AI-Integrated-Car-Parking-Management-System-iPARK-\backend\node_modules\mongoose\lib\model.js:674:7)
        at async sendPrepaidReminders (E:\AI-Integrated-Car-Parking-Management-System-iPARK-\backend\src\services\reminder.service.ts:164:5)
        at async R.Cron.protect (E:\AI-Integrated-Car-Parking-Management-System-iPARK-\backend\src\services\scheduler.service.ts:42:28)
        at async R._trigger (file:///E:/AI-Integrated-Car-Parking-Management-System-iPARK-/node_modules/croner/dist/croner.js:1:16204) {
      properties: [Object],
      kind: 'required',
      path: 'vehicleType',
      value: undefined,
      reason: undefined,
      [Symbol(mongoose#validatorError)]: true
    }
  },
  _message: 'ParkingSession validation failed'
}
[Mail] Sent email to le492381@gmail.com: [iPARK] Nhắc nhở: Xe 18A12345 vẫn đang trong bãi
[Scheduler] Subscription job error: ValidationError: ParkingSession validation failed: vehicleType: Path `vehicleType` is required.
    at model.validate (E:\AI-Integrated-Car-Parking-Management-System-iPARK-\backend\node_modules\mongoose\lib\document.js:2864:36)
    at process.processTicksAndRejections (node:internal/process/task_queues:105:5)
    at async model.$__save (E:\AI-Integrated-Car-Parking-Management-System-iPARK-\backend\node_modules\mongoose\lib\model.js:398:7)
    at async maybeTracedSave (E:\AI-Integrated-Car-Parking-Management-System-iPARK-\backend\node_modules\mongoose\lib\model.js:674:7)
    at async sendPrepaidReminders (E:\AI-Integrated-Car-Parking-Management-System-iPARK-\backend\src\services\reminder.service.ts:164:5)
    at async R.Cron.protect (E:\AI-Integrated-Car-Parking-Management-System-iPARK-\backend\src\services\scheduler.service.ts:42:28)
    at async R._trigger (file:///E:/AI-Integrated-Car-Parking-Management-System-iPARK-/node_modules/croner/dist/croner.js:1:16204) {
  errors: {
    vehicleType: ValidatorError: Path `vehicleType` is required.
        at SchemaString.doValidate (E:\AI-Integrated-Car-Parking-Management-System-iPARK-\backend\node_modules\mongoose\lib\schemaType.js:1515:13)
        at model.validate (E:\AI-Integrated-Car-Parking-Management-System-iPARK-\backend\node_modules\mongoose\lib\document.js:2842:20)
        at process.processTicksAndRejections (node:internal/process/task_queues:105:5)
        at async model.$__save (E:\AI-Integrated-Car-Parking-Management-System-iPARK-\backend\node_modules\mongoose\lib\model.js:398:7)
        at async maybeTracedSave (E:\AI-Integrated-Car-Parking-Management-System-iPARK-\backend\node_modules\mongoose\lib\model.js:674:7)
        at async sendPrepaidReminders (E:\AI-Integrated-Car-Parking-Management-System-iPARK-\backend\src\services\reminder.service.ts:164:5)
        at async R.Cron.protect (E:\AI-Integrated-Car-Parking-Management-System-iPARK-\backend\src\services\scheduler.service.ts:42:28)
        at async R._trigger (file:///E:/AI-Integrated-Car-Parking-Management-System-iPARK-/node_modules/croner/dist/croner.js:1:16204) {
      properties: [Object],
      kind: 'required',
      path: 'vehicleType',
      value: undefined,
      reason: undefined,
      [Symbol(mongoose#validatorError)]: true
    }
  },
  _message: 'ParkingSession validation failed'
}
[0mGET /api/auth/me [33m401[0m 0.305 ms - 34[0m
[0mPOST /api/auth/login [32m200[0m 230.438 ms - 415[0m
[0mGET /api/auth/me [32m200[0m 4.001 ms - 415[0m
[0mGET /api/vehicles [32m200[0m 82.298 ms - 5715[0m
[0mGET /api/parking-sessions [32m200[0m 110.655 ms - 179330[0m
[0mGET /api/dashboard/overview?range=today [32m200[0m 93.227 ms - 9255[0m
[0mGET /api/dashboard/staff-overview [32m200[0m 114.376 ms - 2031[0m
[0mGET /api/parking-slots [32m200[0m 130.844 ms - 72055[0m
[0mGET /api/users?page=1&limit=100 [32m200[0m 8.090 ms - 32909[0m
[0mGET /api/users?page=2&limit=100 [32m200[0m 3.676 ms - 2012[0m
[0mGET /api/pricing-config [32m200[0m 2.915 ms - 261[0m
[0mGET /api/notifications [32m200[0m 5.660 ms - 1774[0m
[0mGET /api/transactions [32m200[0m 14.989 ms - 36219[0m
[0mGET /api/shifts [32m200[0m 2.761 ms - 13[0m
[0mGET /api/shift-schedules/my [32m200[0m 4.035 ms - 425[0m
[0mGET /api/zones [32m200[0m 3.874 ms - 373[0m
[0mGET /api/parking-slots [36m304[0m 12.729 ms - -[0m
[0mGET /api/subscriptions/plans [32m200[0m 3.785 ms - 825[0m
[0mGET /api/subscriptions [32m200[0m 4.995 ms - 1462[0m
[0mGET /api/auth/me [36m304[0m 4.307 ms - -[0m
[0mGET /api/disputes [32m200[0m 18.056 ms - 1050[0m
[0mGET /api/vehicles [36m304[0m 74.991 ms - -[0m
[0mGET /api/parking-sessions [36m304[0m 87.493 ms - -[0m
[0mGET /api/disputes [36m304[0m 39.030 ms - -[0m
[0mGET /api/parking-slots [36m304[0m 98.140 ms - -[0m
[0mGET /api/users?page=1&limit=100 [36m304[0m 9.128 ms - -[0m
[0mGET /api/users?page=2&limit=100 [36m304[0m 3.535 ms - -[0m
[0mGET /api/pricing-config [36m304[0m 3.504 ms - -[0m
[0mGET /api/notifications [36m304[0m 5.519 ms - -[0m
[0mGET /api/transactions [32m200[0m 14.190 ms - 36219[0m
[0mGET /api/shifts [36m304[0m 4.177 ms - -[0m
[0mGET /api/shift-schedules/my [36m304[0m 6.085 ms - -[0m
[0mGET /api/zones [36m304[0m 10.137 ms - -[0m
[0mGET /api/parking-slots [36m304[0m 19.456 ms - -[0m
[0mGET /api/subscriptions/plans [36m304[0m 2.839 ms - -[0m
[0mGET /api/subscriptions [36m304[0m 4.265 ms - -[0m
[0mGET /api/auth/me [33m401[0m 0.298 ms - 34[0m
[0mPOST /api/auth/login [32m200[0m 239.630 ms - 332[0m
[0mGET /api/auth/me [32m200[0m 3.489 ms - 332[0m
[0mGET /api/parking-sessions [32m200[0m 4.656 ms - 15[0m
[0mGET /api/vehicles [32m200[0m 5.300 ms - 15[0m
[0mGET /api/parking-slots [32m200[0m 23.977 ms - 72055[0m
[0mGET /api/pricing-config [32m200[0m 15.150 ms - 261[0m
[0mGET /api/notifications [32m200[0m 5.565 ms - 251[0m
[0mGET /api/transactions [32m200[0m 8.046 ms - 125[0m
[0mGET /api/subscriptions/plans [32m200[0m 3.758 ms - 825[0m
[0mGET /api/subscriptions/my [32m200[0m 4.817 ms - 20[0m
[0mGET /api/staff-applications/me [32m200[0m 3.032 ms - 20[0m
[0mGET /api/staff-applications/me [36m304[0m 2.358 ms - -[0m
[0mGET /api/auth/me [36m304[0m 3.277 ms - -[0m
[0mGET /api/parking-sessions [36m304[0m 6.982 ms - -[0m
[0mGET /api/vehicles [36m304[0m 9.177 ms - -[0m
[0mGET /api/disputes [32m200[0m 10.796 ms - 15[0m
[0mGET /api/disputes/references [32m200[0m 12.145 ms - 33[0m
[0mGET /api/pricing-config [36m304[0m 13.114 ms - -[0m
[0mGET /api/parking-slots [36m304[0m 26.871 ms - -[0m
[0mGET /api/disputes [36m304[0m 16.073 ms - -[0m
[0mGET /api/disputes/references [36m304[0m 12.917 ms - -[0m
[0mGET /api/notifications [36m304[0m 6.596 ms - -[0m
[0mGET /api/transactions [32m200[0m 8.247 ms - 125[0m
[0mGET /api/subscriptions/plans [36m304[0m 4.034 ms - -[0m
[0mGET /api/subscriptions/my [36m304[0m 3.936 ms - -[0m
[Mail] Sent email to le492381@gmail.com: [iPARK] Nhắc nhở: Xe 18A12345 vẫn đang trong bãi
[Scheduler] Subscription job error: ValidationError: ParkingSession validation failed: vehicleType: Path `vehicleType` is required.
    at model.validate (E:\AI-Integrated-Car-Parking-Management-System-iPARK-\backend\node_modules\mongoose\lib\document.js:2864:36)
    at process.processTicksAndRejections (node:internal/process/task_queues:105:5)
    at async model.$__save (E:\AI-Integrated-Car-Parking-Management-System-iPARK-\backend\node_modules\mongoose\lib\model.js:398:7)
    at async maybeTracedSave (E:\AI-Integrated-Car-Parking-Management-System-iPARK-\backend\node_modules\mongoose\lib\model.js:674:7)
    at async sendPrepaidReminders (E:\AI-Integrated-Car-Parking-Management-System-iPARK-\backend\src\services\reminder.service.ts:164:5)
    at async R.Cron.protect (E:\AI-Integrated-Car-Parking-Management-System-iPARK-\backend\src\services\scheduler.service.ts:42:28)
    at async R._trigger (file:///E:/AI-Integrated-Car-Parking-Management-System-iPARK-/node_modules/croner/dist/croner.js:1:16204) {
  errors: {
    vehicleType: ValidatorError: Path `vehicleType` is required.
        at SchemaString.doValidate (E:\AI-Integrated-Car-Parking-Management-System-iPARK-\backend\node_modules\mongoose\lib\schemaType.js:1515:13)
        at model.validate (E:\AI-Integrated-Car-Parking-Management-System-iPARK-\backend\node_modules\mongoose\lib\document.js:2842:20)
        at process.processTicksAndRejections (node:internal/process/task_queues:105:5)
        at async model.$__save (E:\AI-Integrated-Car-Parking-Management-System-iPARK-\backend\node_modules\mongoose\lib\model.js:398:7)
        at async maybeTracedSave (E:\AI-Integrated-Car-Parking-Management-System-iPARK-\backend\node_modules\mongoose\lib\model.js:674:7)
        at async sendPrepaidReminders (E:\AI-Integrated-Car-Parking-Management-System-iPARK-\backend\src\services\reminder.service.ts:164:5)
        at async R.Cron.protect (E:\AI-Integrated-Car-Parking-Management-System-iPARK-\backend\src\services\scheduler.service.ts:42:28)
        at async R._trigger (file:///E:/AI-Integrated-Car-Parking-Management-System-iPARK-/node_modules/croner/dist/croner.js:1:16204) {
      properties: [Object],
      kind: 'required',
      path: 'vehicleType',
      value: undefined,
      reason: undefined,
      [Symbol(mongoose#validatorError)]: true
    }
  },
  _message: 'ParkingSession validation failed'
}
[Mail] Sent email to le492381@gmail.com: [iPARK] Nhắc nhở: Xe 18A12345 vẫn đang trong bãi
[Scheduler] Subscription job error: ValidationError: ParkingSession validation failed: vehicleType: Path `vehicleType` is required.
    at model.validate (E:\AI-Integrated-Car-Parking-Management-System-iPARK-\backend\node_modules\mongoose\lib\document.js:2864:36)
    at process.processTicksAndRejections (node:internal/process/task_queues:105:5)
    at async model.$__save (E:\AI-Integrated-Car-Parking-Management-System-iPARK-\backend\node_modules\mongoose\lib\model.js:398:7)
    at async maybeTracedSave (E:\AI-Integrated-Car-Parking-Management-System-iPARK-\backend\node_modules\mongoose\lib\model.js:674:7)
    at async sendPrepaidReminders (E:\AI-Integrated-Car-Parking-Management-System-iPARK-\backend\src\services\reminder.service.ts:164:5)
    at async R.Cron.protect (E:\AI-Integrated-Car-Parking-Management-System-iPARK-\backend\src\services\scheduler.service.ts:42:28)
    at async R._trigger (file:///E:/AI-Integrated-Car-Parking-Management-System-iPARK-/node_modules/croner/dist/croner.js:1:16204) {
  errors: {
    vehicleType: ValidatorError: Path `vehicleType` is required.
        at SchemaString.doValidate (E:\AI-Integrated-Car-Parking-Management-System-iPARK-\backend\node_modules\mongoose\lib\schemaType.js:1515:13)
        at model.validate (E:\AI-Integrated-Car-Parking-Management-System-iPARK-\backend\node_modules\mongoose\lib\document.js:2842:20)
        at process.processTicksAndRejections (node:internal/process/task_queues:105:5)
        at async model.$__save (E:\AI-Integrated-Car-Parking-Management-System-iPARK-\backend\node_modules\mongoose\lib\model.js:398:7)
        at async maybeTracedSave (E:\AI-Integrated-Car-Parking-Management-System-iPARK-\backend\node_modules\mongoose\lib\model.js:674:7)
        at async sendPrepaidReminders (E:\AI-Integrated-Car-Parking-Management-System-iPARK-\backend\src\services\reminder.service.ts:164:5)
        at async R.Cron.protect (E:\AI-Integrated-Car-Parking-Management-System-iPARK-\backend\src\services\scheduler.service.ts:42:28)
        at async R._trigger (file:///E:/AI-Integrated-Car-Parking-Management-System-iPARK-/node_modules/croner/dist/croner.js:1:16204) {
      properties: [Object],
      kind: 'required',
      path: 'vehicleType',
      value: undefined,
      reason: undefined,
      [Symbol(mongoose#validatorError)]: true
    }
  },
  _message: 'ParkingSession validation failed'
}
[0mGET /api/auth/me [33m401[0m 0.216 ms - 34[0m
[0mPOST /api/auth/login [32m200[0m 271.056 ms - 341[0m
[0mGET /api/auth/me [32m200[0m 5.661 ms - 341[0m
[0mGET /api/dashboard/overview [32m200[0m 100.256 ms - 9255[0m
[0mGET /api/zones [32m200[0m 104.100 ms - 373[0m
[0mGET /api/parking-sessions [32m200[0m 135.906 ms - 179330[0m
[0mGET /api/reports/summary?from=2026-09-18&to=2026-09-18 [32m200[0m 130.019 ms - 209[0m
[0mGET /api/vehicles [32m200[0m 132.039 ms - 5715[0m
[0mGET /api/dashboard/overview?range=7d [32m200[0m 38.750 ms - 9275[0m
[0mGET /api/dashboard/overview [36m304[0m 42.499 ms - -[0m
[0mGET /api/parking-slots [32m200[0m 193.787 ms - 72055[0m
[0mGET /api/zones [36m304[0m 61.160 ms - -[0m
[0mGET /api/parking-sessions [36m304[0m 168.951 ms - -[0m
[0mGET /api/users?page=1&limit=100 [32m200[0m 103.420 ms - 33103[0m
[0mGET /api/parking-sessions [36m304[0m 131.559 ms - -[0m
[0mGET /api/parking-slots [36m304[0m 194.462 ms - -[0m
[0mGET /api/users?page=2&limit=100 [32m200[0m 6.560 ms - 3723[0m
[0mGET /api/parking-slots [36m304[0m 17.387 ms - -[0m
[0mGET /api/pricing-config [32m200[0m 4.689 ms - 261[0m
[0mGET /api/notifications [32m200[0m 6.983 ms - 10710[0m
[0mGET /api/transactions [32m200[0m 17.696 ms - 36789[0m
[Error] Cannot read properties of undefined (reading 'toString') TypeError: Cannot read properties of undefined (reading 'toString')
    at serializeShift (E:\AI-Integrated-Car-Parking-Management-System-iPARK-\backend\src\utils\serializers.ts:340:28)
    at Array.map (<anonymous>)
    at listShifts (E:\AI-Integrated-Car-Parking-Management-System-iPARK-\backend\src\controllers\shifts.controller.ts:9:34)
    at process.processTicksAndRejections (node:internal/process/task_queues:105:5)
[0mGET /api/shifts [31m500[0m 5.970 ms - 70[0m
[0mGET /api/shift-schedules [32m200[0m 12.530 ms - 7595[0m
[0mGET /api/zones [36m304[0m 6.748 ms - -[0m
[0mGET /api/parking-slots [36m304[0m 20.872 ms - -[0m
[0mGET /api/subscriptions/plans [32m200[0m 4.235 ms - 1261[0m
[0mGET /api/subscriptions [32m200[0m 7.711 ms - 1944[0m
[0mGET /api/auth/me [36m304[0m 5.162 ms - -[0m
[0mGET /api/zones [36m304[0m 65.324 ms - -[0m
[0mGET /api/dashboard/overview [36m304[0m 67.094 ms - -[0m
[0mGET /api/reports/summary?from=2026-09-18&to=2026-09-18 [36m304[0m 90.787 ms - -[0m
[0mGET /api/vehicles [36m304[0m 95.584 ms - -[0m
[0mGET /api/parking-sessions [36m304[0m 142.274 ms - -[0m
[0mGET /api/dashboard/overview?range=7d [36m304[0m 60.703 ms - -[0m
[0mGET /api/zones [36m304[0m 68.006 ms - -[0m
[0mGET /api/parking-slots [36m304[0m 166.354 ms - -[0m
[0mGET /api/dashboard/overview [36m304[0m 69.389 ms - -[0m
[0mGET /api/parking-sessions [36m304[0m 128.744 ms - -[0m
[0mGET /api/parking-slots [36m304[0m 200.901 ms - -[0m
[0mGET /api/users?page=1&limit=100 [36m304[0m 86.940 ms - -[0m
[0mGET /api/parking-sessions [36m304[0m 134.174 ms - -[0m
[0mGET /api/users?page=2&limit=100 [36m304[0m 16.976 ms - -[0m
[0mGET /api/pricing-config [36m304[0m 10.121 ms - -[0m
[0mGET /api/parking-slots [36m304[0m 36.752 ms - -[0m
[0mGET /api/notifications [36m304[0m 6.858 ms - -[0m
[0mGET /api/transactions [32m200[0m 13.754 ms - 36789[0m
[Error] Cannot read properties of undefined (reading 'toString') TypeError: Cannot read properties of undefined (reading 'toString')
    at serializeShift (E:\AI-Integrated-Car-Parking-Management-System-iPARK-\backend\src\utils\serializers.ts:340:28)
    at Array.map (<anonymous>)
    at listShifts (E:\AI-Integrated-Car-Parking-Management-System-iPARK-\backend\src\controllers\shifts.controller.ts:9:34)
    at process.processTicksAndRejections (node:internal/process/task_queues:105:5)
[0mGET /api/shifts [31m500[0m 3.454 ms - 70[0m
[0mGET /api/shift-schedules [36m304[0m 7.503 ms - -[0m
[0mGET /api/zones [36m304[0m 5.189 ms - -[0m
[0mGET /api/parking-slots [36m304[0m 13.911 ms - -[0m
[0mGET /api/subscriptions/plans [36m304[0m 4.610 ms - -[0m
[0mGET /api/subscriptions [36m304[0m 7.224 ms - -[0m
[Mail] Sent email to le492381@gmail.com: [iPARK] Nhắc nhở: Xe 18A12345 vẫn đang trong bãi
[Scheduler] Subscription job error: ValidationError: ParkingSession validation failed: vehicleType: Path `vehicleType` is required.
    at model.validate (E:\AI-Integrated-Car-Parking-Management-System-iPARK-\backend\node_modules\mongoose\lib\document.js:2864:36)
    at process.processTicksAndRejections (node:internal/process/task_queues:105:5)
    at async model.$__save (E:\AI-Integrated-Car-Parking-Management-System-iPARK-\backend\node_modules\mongoose\lib\model.js:398:7)
    at async maybeTracedSave (E:\AI-Integrated-Car-Parking-Management-System-iPARK-\backend\node_modules\mongoose\lib\model.js:674:7)
    at async sendPrepaidReminders (E:\AI-Integrated-Car-Parking-Management-System-iPARK-\backend\src\services\reminder.service.ts:164:5)
    at async R.Cron.protect (E:\AI-Integrated-Car-Parking-Management-System-iPARK-\backend\src\services\scheduler.service.ts:42:28)
    at async R._trigger (file:///E:/AI-Integrated-Car-Parking-Management-System-iPARK-/node_modules/croner/dist/croner.js:1:16204) {
  errors: {
    vehicleType: ValidatorError: Path `vehicleType` is required.
        at SchemaString.doValidate (E:\AI-Integrated-Car-Parking-Management-System-iPARK-\backend\node_modules\mongoose\lib\schemaType.js:1515:13)
        at model.validate (E:\AI-Integrated-Car-Parking-Management-System-iPARK-\backend\node_modules\mongoose\lib\document.js:2842:20)
        at process.processTicksAndRejections (node:internal/process/task_queues:105:5)
        at async model.$__save (E:\AI-Integrated-Car-Parking-Management-System-iPARK-\backend\node_modules\mongoose\lib\model.js:398:7)
        at async maybeTracedSave (E:\AI-Integrated-Car-Parking-Management-System-iPARK-\backend\node_modules\mongoose\lib\model.js:674:7)
        at async sendPrepaidReminders (E:\AI-Integrated-Car-Parking-Management-System-iPARK-\backend\src\services\reminder.service.ts:164:5)
        at async R.Cron.protect (E:\AI-Integrated-Car-Parking-Management-System-iPARK-\backend\src\services\scheduler.service.ts:42:28)
        at async R._trigger (file:///E:/AI-Integrated-Car-Parking-Management-System-iPARK-/node_modules/croner/dist/croner.js:1:16204) {
      properties: [Object],
      kind: 'required',
      path: 'vehicleType',
      value: undefined,
      reason: undefined,
      [Symbol(mongoose#validatorError)]: true
    }
  },
  _message: 'ParkingSession validation failed'
}
[Mail] Sent email to le492381@gmail.com: [iPARK] Nhắc nhở: Xe 18A12345 vẫn đang trong bãi
[Scheduler] Subscription job error: ValidationError: ParkingSession validation failed: vehicleType: Path `vehicleType` is required.
    at model.validate (E:\AI-Integrated-Car-Parking-Management-System-iPARK-\backend\node_modules\mongoose\lib\document.js:2864:36)
    at process.processTicksAndRejections (node:internal/process/task_queues:105:5)
    at async model.$__save (E:\AI-Integrated-Car-Parking-Management-System-iPARK-\backend\node_modules\mongoose\lib\model.js:398:7)
    at async maybeTracedSave (E:\AI-Integrated-Car-Parking-Management-System-iPARK-\backend\node_modules\mongoose\lib\model.js:674:7)
    at async sendPrepaidReminders (E:\AI-Integrated-Car-Parking-Management-System-iPARK-\backend\src\services\reminder.service.ts:164:5)
    at async R.Cron.protect (E:\AI-Integrated-Car-Parking-Management-System-iPARK-\backend\src\services\scheduler.service.ts:42:28)
    at async R._trigger (file:///E:/AI-Integrated-Car-Parking-Management-System-iPARK-/node_modules/croner/dist/croner.js:1:16204) {
  errors: {
    vehicleType: ValidatorError: Path `vehicleType` is required.
        at SchemaString.doValidate (E:\AI-Integrated-Car-Parking-Management-System-iPARK-\backend\node_modules\mongoose\lib\schemaType.js:1515:13)
        at model.validate (E:\AI-Integrated-Car-Parking-Management-System-iPARK-\backend\node_modules\mongoose\lib\document.js:2842:20)
        at process.processTicksAndRejections (node:internal/process/task_queues:105:5)
        at async model.$__save (E:\AI-Integrated-Car-Parking-Management-System-iPARK-\backend\node_modules\mongoose\lib\model.js:398:7)
        at async maybeTracedSave (E:\AI-Integrated-Car-Parking-Management-System-iPARK-\backend\node_modules\mongoose\lib\model.js:674:7)
        at async sendPrepaidReminders (E:\AI-Integrated-Car-Parking-Management-System-iPARK-\backend\src\services\reminder.service.ts:164:5)
        at async R.Cron.protect (E:\AI-Integrated-Car-Parking-Management-System-iPARK-\backend\src\services\scheduler.service.ts:42:28)
        at async R._trigger (file:///E:/AI-Integrated-Car-Parking-Management-System-iPARK-/node_modules/croner/dist/croner.js:1:16204) {
      properties: [Object],
      kind: 'required',
      path: 'vehicleType',
      value: undefined,
      reason: undefined,
      [Symbol(mongoose#validatorError)]: true
    }
  },
  _message: 'ParkingSession validation failed'
}
[Mail] Sent email to le492381@gmail.com: [iPARK] Nhắc nhở: Xe 18A12345 vẫn đang trong bãi
[Scheduler] Subscription job error: ValidationError: ParkingSession validation failed: vehicleType: Path `vehicleType` is required.
    at model.validate (E:\AI-Integrated-Car-Parking-Management-System-iPARK-\backend\node_modules\mongoose\lib\document.js:2864:36)
    at process.processTicksAndRejections (node:internal/process/task_queues:105:5)
    at async model.$__save (E:\AI-Integrated-Car-Parking-Management-System-iPARK-\backend\node_modules\mongoose\lib\model.js:398:7)
    at async maybeTracedSave (E:\AI-Integrated-Car-Parking-Management-System-iPARK-\backend\node_modules\mongoose\lib\model.js:674:7)
    at async sendPrepaidReminders (E:\AI-Integrated-Car-Parking-Management-System-iPARK-\backend\src\services\reminder.service.ts:164:5)
    at async R.Cron.protect (E:\AI-Integrated-Car-Parking-Management-System-iPARK-\backend\src\services\scheduler.service.ts:42:28)
    at async R._trigger (file:///E:/AI-Integrated-Car-Parking-Management-System-iPARK-/node_modules/croner/dist/croner.js:1:16204) {
  errors: {
    vehicleType: ValidatorError: Path `vehicleType` is required.
        at SchemaString.doValidate (E:\AI-Integrated-Car-Parking-Management-System-iPARK-\backend\node_modules\mongoose\lib\schemaType.js:1515:13)
        at model.validate (E:\AI-Integrated-Car-Parking-Management-System-iPARK-\backend\node_modules\mongoose\lib\document.js:2842:20)
        at process.processTicksAndRejections (node:internal/process/task_queues:105:5)
        at async model.$__save (E:\AI-Integrated-Car-Parking-Management-System-iPARK-\backend\node_modules\mongoose\lib\model.js:398:7)
        at async maybeTracedSave (E:\AI-Integrated-Car-Parking-Management-System-iPARK-\backend\node_modules\mongoose\lib\model.js:674:7)
        at async sendPrepaidReminders (E:\AI-Integrated-Car-Parking-Management-System-iPARK-\backend\src\services\reminder.service.ts:164:5)
        at async R.Cron.protect (E:\AI-Integrated-Car-Parking-Management-System-iPARK-\backend\src\services\scheduler.service.ts:42:28)
        at async R._trigger (file:///E:/AI-Integrated-Car-Parking-Management-System-iPARK-/node_modules/croner/dist/croner.js:1:16204) {
      properties: [Object],
      kind: 'required',
      path: 'vehicleType',
      value: undefined,
      reason: undefined,
      [Symbol(mongoose#validatorError)]: true
    }
  },
  _message: 'ParkingSession validation failed'
}
[0mGET /api/auth/me [33m401[0m 0.415 ms - 34[0m
[0mPOST /api/auth/login [32m200[0m 236.526 ms - 341[0m
[0mGET /api/auth/me [32m200[0m 4.098 ms - 341[0m
[0mGET /api/dashboard/overview [32m200[0m 97.379 ms - 9255[0m
[0mGET /api/zones [32m200[0m 108.111 ms - 373[0m
[0mGET /api/parking-sessions [32m200[0m 134.103 ms - 179330[0m
[0mGET /api/vehicles [32m200[0m 128.129 ms - 5715[0m
[0mGET /api/reports/summary?from=2026-09-18&to=2026-09-18 [32m200[0m 103.641 ms - 209[0m
[0mGET /api/dashboard/overview?range=7d [32m200[0m 42.538 ms - 9275[0m
[0mGET /api/dashboard/overview [36m304[0m 26.265 ms - -[0m
[0mGET /api/zones [36m304[0m 34.286 ms - -[0m
[0mGET /api/parking-slots [32m200[0m 181.142 ms - 72055[0m
[0mGET /api/parking-sessions [36m304[0m 123.443 ms - -[0m
[0mGET /api/parking-sessions [36m304[0m 98.915 ms - -[0m
[0mGET /api/users?page=1&limit=100 [32m200[0m 86.509 ms - 33103[0m
[0mGET /api/parking-slots [36m304[0m 151.233 ms - -[0m
[0mGET /api/users?page=2&limit=100 [32m200[0m 5.374 ms - 3723[0m
[0mGET /api/parking-slots [36m304[0m 16.443 ms - -[0m
[0mGET /api/pricing-config [32m200[0m 3.137 ms - 261[0m
[0mGET /api/notifications [32m200[0m 7.465 ms - 10710[0m
[0mGET /api/transactions [32m200[0m 16.133 ms - 36789[0m
[Error] Cannot read properties of undefined (reading 'toString') TypeError: Cannot read properties of undefined (reading 'toString')
    at serializeShift (E:\AI-Integrated-Car-Parking-Management-System-iPARK-\backend\src\utils\serializers.ts:340:28)
    at Array.map (<anonymous>)
    at listShifts (E:\AI-Integrated-Car-Parking-Management-System-iPARK-\backend\src\controllers\shifts.controller.ts:9:34)
    at process.processTicksAndRejections (node:internal/process/task_queues:105:5)
[0mGET /api/shifts [31m500[0m 3.424 ms - 70[0m
[0mGET /api/shift-schedules [32m200[0m 6.507 ms - 7595[0m
[0mGET /api/zones [36m304[0m 4.278 ms - -[0m
[0mGET /api/parking-slots [36m304[0m 16.791 ms - -[0m
[0mGET /api/subscriptions/plans [32m200[0m 3.801 ms - 1261[0m
[0mGET /api/subscriptions [32m200[0m 5.949 ms - 1944[0m
[0mGET /api/auth/me [36m304[0m 4.318 ms - -[0m
[0mGET /api/capacity-config [32m200[0m 50.173 ms - 341[0m
[0mGET /api/reports/summary?from=2026-09-18&to=2026-09-18 [36m304[0m 51.050 ms - -[0m
[0mGET /api/vehicles [36m304[0m 80.448 ms - -[0m
[0mGET /api/parking-sessions [36m304[0m 97.008 ms - -[0m
[0mGET /api/capacity-config [36m304[0m 32.364 ms - -[0m
[0mGET /api/parking-slots [36m304[0m 114.693 ms - -[0m
[0mGET /api/users?page=1&limit=100 [36m304[0m 12.780 ms - -[0m
[0mGET /api/users?page=2&limit=100 [36m304[0m 4.217 ms - -[0m
[0mGET /api/pricing-config [36m304[0m 4.066 ms - -[0m
[0mGET /api/notifications [36m304[0m 6.755 ms - -[0m
[0mGET /api/transactions [32m200[0m 13.691 ms - 36789[0m
[Error] Cannot read properties of undefined (reading 'toString') TypeError: Cannot read properties of undefined (reading 'toString')
    at serializeShift (E:\AI-Integrated-Car-Parking-Management-System-iPARK-\backend\src\utils\serializers.ts:340:28)
    at Array.map (<anonymous>)
    at listShifts (E:\AI-Integrated-Car-Parking-Management-System-iPARK-\backend\src\controllers\shifts.controller.ts:9:34)
    at process.processTicksAndRejections (node:internal/process/task_queues:105:5)
[0mGET /api/shifts [31m500[0m 4.161 ms - 70[0m
[0mGET /api/shift-schedules [36m304[0m 7.571 ms - -[0m
[0mGET /api/zones [36m304[0m 5.950 ms - -[0m
[0mGET /api/parking-slots [36m304[0m 17.625 ms - -[0m
[0mGET /api/subscriptions/plans [36m304[0m 3.649 ms - -[0m
[0mGET /api/subscriptions [36m304[0m 6.169 ms - -[0m
[0mGET /api/capacity-config [36m304[0m 4.652 ms - -[0m
[Mail] Sent email to le492381@gmail.com: [iPARK] Nhắc nhở: Xe 18A12345 vẫn đang trong bãi
[Scheduler] Subscription job error: ValidationError: ParkingSession validation failed: vehicleType: Path `vehicleType` is required.
    at model.validate (E:\AI-Integrated-Car-Parking-Management-System-iPARK-\backend\node_modules\mongoose\lib\document.js:2864:36)
    at process.processTicksAndRejections (node:internal/process/task_queues:105:5)
    at async model.$__save (E:\AI-Integrated-Car-Parking-Management-System-iPARK-\backend\node_modules\mongoose\lib\model.js:398:7)
    at async maybeTracedSave (E:\AI-Integrated-Car-Parking-Management-System-iPARK-\backend\node_modules\mongoose\lib\model.js:674:7)
    at async sendPrepaidReminders (E:\AI-Integrated-Car-Parking-Management-System-iPARK-\backend\src\services\reminder.service.ts:164:5)
    at async R.Cron.protect (E:\AI-Integrated-Car-Parking-Management-System-iPARK-\backend\src\services\scheduler.service.ts:42:28)
    at async R._trigger (file:///E:/AI-Integrated-Car-Parking-Management-System-iPARK-/node_modules/croner/dist/croner.js:1:16204) {
  errors: {
    vehicleType: ValidatorError: Path `vehicleType` is required.
        at SchemaString.doValidate (E:\AI-Integrated-Car-Parking-Management-System-iPARK-\backend\node_modules\mongoose\lib\schemaType.js:1515:13)
        at model.validate (E:\AI-Integrated-Car-Parking-Management-System-iPARK-\backend\node_modules\mongoose\lib\document.js:2842:20)
        at process.processTicksAndRejections (node:internal/process/task_queues:105:5)
        at async model.$__save (E:\AI-Integrated-Car-Parking-Management-System-iPARK-\backend\node_modules\mongoose\lib\model.js:398:7)
        at async maybeTracedSave (E:\AI-Integrated-Car-Parking-Management-System-iPARK-\backend\node_modules\mongoose\lib\model.js:674:7)
        at async sendPrepaidReminders (E:\AI-Integrated-Car-Parking-Management-System-iPARK-\backend\src\services\reminder.service.ts:164:5)
        at async R.Cron.protect (E:\AI-Integrated-Car-Parking-Management-System-iPARK-\backend\src\services\scheduler.service.ts:42:28)
        at async R._trigger (file:///E:/AI-Integrated-Car-Parking-Management-System-iPARK-/node_modules/croner/dist/croner.js:1:16204) {
      properties: [Object],
      kind: 'required',
      path: 'vehicleType',
      value: undefined,
      reason: undefined,
      [Symbol(mongoose#validatorError)]: true
    }
  },
  _message: 'ParkingSession validation failed'
}
[Mail] Sent email to le492381@gmail.com: [iPARK] Nhắc nhở: Xe 18A12345 vẫn đang trong bãi
[Scheduler] Subscription job error: ValidationError: ParkingSession validation failed: vehicleType: Path `vehicleType` is required.
    at model.validate (E:\AI-Integrated-Car-Parking-Management-System-iPARK-\backend\node_modules\mongoose\lib\document.js:2864:36)
    at process.processTicksAndRejections (node:internal/process/task_queues:105:5)
    at async model.$__save (E:\AI-Integrated-Car-Parking-Management-System-iPARK-\backend\node_modules\mongoose\lib\model.js:398:7)
    at async maybeTracedSave (E:\AI-Integrated-Car-Parking-Management-System-iPARK-\backend\node_modules\mongoose\lib\model.js:674:7)
    at async sendPrepaidReminders (E:\AI-Integrated-Car-Parking-Management-System-iPARK-\backend\src\services\reminder.service.ts:164:5)
    at async R.Cron.protect (E:\AI-Integrated-Car-Parking-Management-System-iPARK-\backend\src\services\scheduler.service.ts:42:28)
    at async R._trigger (file:///E:/AI-Integrated-Car-Parking-Management-System-iPARK-/node_modules/croner/dist/croner.js:1:16204) {
  errors: {
    vehicleType: ValidatorError: Path `vehicleType` is required.
        at SchemaString.doValidate (E:\AI-Integrated-Car-Parking-Management-System-iPARK-\backend\node_modules\mongoose\lib\schemaType.js:1515:13)
        at model.validate (E:\AI-Integrated-Car-Parking-Management-System-iPARK-\backend\node_modules\mongoose\lib\document.js:2842:20)
        at process.processTicksAndRejections (node:internal/process/task_queues:105:5)
        at async model.$__save (E:\AI-Integrated-Car-Parking-Management-System-iPARK-\backend\node_modules\mongoose\lib\model.js:398:7)
        at async maybeTracedSave (E:\AI-Integrated-Car-Parking-Management-System-iPARK-\backend\node_modules\mongoose\lib\model.js:674:7)
        at async sendPrepaidReminders (E:\AI-Integrated-Car-Parking-Management-System-iPARK-\backend\src\services\reminder.service.ts:164:5)
        at async R.Cron.protect (E:\AI-Integrated-Car-Parking-Management-System-iPARK-\backend\src\services\scheduler.service.ts:42:28)
        at async R._trigger (file:///E:/AI-Integrated-Car-Parking-Management-System-iPARK-/node_modules/croner/dist/croner.js:1:16204) {
      properties: [Object],
      kind: 'required',
      path: 'vehicleType',
      value: undefined,
      reason: undefined,
      [Symbol(mongoose#validatorError)]: true
    }
  },
  _message: 'ParkingSession validation failed'
}
[Mail] Sent email to le492381@gmail.com: [iPARK] Nhắc nhở: Xe 18A12345 vẫn đang trong bãi
[Scheduler] Subscription job error: ValidationError: ParkingSession validation failed: vehicleType: Path `vehicleType` is required.
    at model.validate (E:\AI-Integrated-Car-Parking-Management-System-iPARK-\backend\node_modules\mongoose\lib\document.js:2864:36)
    at process.processTicksAndRejections (node:internal/process/task_queues:105:5)
    at async model.$__save (E:\AI-Integrated-Car-Parking-Management-System-iPARK-\backend\node_modules\mongoose\lib\model.js:398:7)
    at async maybeTracedSave (E:\AI-Integrated-Car-Parking-Management-System-iPARK-\backend\node_modules\mongoose\lib\model.js:674:7)
    at async sendPrepaidReminders (E:\AI-Integrated-Car-Parking-Management-System-iPARK-\backend\src\services\reminder.service.ts:164:5)
    at async R.Cron.protect (E:\AI-Integrated-Car-Parking-Management-System-iPARK-\backend\src\services\scheduler.service.ts:42:28)
    at async R._trigger (file:///E:/AI-Integrated-Car-Parking-Management-System-iPARK-/node_modules/croner/dist/croner.js:1:16204) {
  errors: {
    vehicleType: ValidatorError: Path `vehicleType` is required.
        at SchemaString.doValidate (E:\AI-Integrated-Car-Parking-Management-System-iPARK-\backend\node_modules\mongoose\lib\schemaType.js:1515:13)
        at model.validate (E:\AI-Integrated-Car-Parking-Management-System-iPARK-\backend\node_modules\mongoose\lib\document.js:2842:20)
        at process.processTicksAndRejections (node:internal/process/task_queues:105:5)
        at async model.$__save (E:\AI-Integrated-Car-Parking-Management-System-iPARK-\backend\node_modules\mongoose\lib\model.js:398:7)
        at async maybeTracedSave (E:\AI-Integrated-Car-Parking-Management-System-iPARK-\backend\node_modules\mongoose\lib\model.js:674:7)
        at async sendPrepaidReminders (E:\AI-Integrated-Car-Parking-Management-System-iPARK-\backend\src\services\reminder.service.ts:164:5)
        at async R.Cron.protect (E:\AI-Integrated-Car-Parking-Management-System-iPARK-\backend\src\services\scheduler.service.ts:42:28)
        at async R._trigger (file:///E:/AI-Integrated-Car-Parking-Management-System-iPARK-/node_modules/croner/dist/croner.js:1:16204) {
      properties: [Object],
      kind: 'required',
      path: 'vehicleType',
      value: undefined,
      reason: undefined,
      [Symbol(mongoose#validatorError)]: true
    }
  },
  _message: 'ParkingSession validation failed'
}
[0mGET /api/auth/me [33m401[0m 0.397 ms - 34[0m
[0mPOST /api/auth/login [32m200[0m 247.438 ms - 341[0m
[0mGET /api/auth/me [32m200[0m 4.486 ms - 341[0m
[0mGET /api/dashboard/overview [32m200[0m 57.312 ms - 9255[0m
[0mGET /api/zones [32m200[0m 93.165 ms - 373[0m
[0mGET /api/parking-sessions [32m200[0m 113.612 ms - 179330[0m
[0mGET /api/reports/summary?from=2026-09-18&to=2026-09-18 [32m200[0m 106.532 ms - 209[0m
[0mGET /api/vehicles [32m200[0m 109.908 ms - 5715[0m
[0mGET /api/dashboard/overview?range=7d [32m200[0m 39.219 ms - 9275[0m
[0mGET /api/dashboard/overview [36m304[0m 26.975 ms - -[0m
[0mGET /api/zones [36m304[0m 47.254 ms - -[0m
[0mGET /api/parking-slots [32m200[0m 186.855 ms - 72055[0m
[0mGET /api/parking-sessions [36m304[0m 110.944 ms - -[0m
[0mGET /api/parking-sessions [32m200[0m 93.911 ms - 179330[0m
[0mGET /api/parking-slots [36m304[0m 111.731 ms - -[0m
[0mGET /api/users?page=1&limit=100 [32m200[0m 21.136 ms - 33103[0m
[0mGET /api/parking-slots [36m304[0m 15.787 ms - -[0m
[0mGET /api/users?page=2&limit=100 [32m200[0m 3.484 ms - 3723[0m
[0mGET /api/pricing-config [32m200[0m 2.734 ms - 261[0m
[0mGET /api/notifications [32m200[0m 9.237 ms - 10710[0m
[0mGET /api/transactions [32m200[0m 15.838 ms - 36789[0m
[Error] Cannot read properties of undefined (reading 'toString') TypeError: Cannot read properties of undefined (reading 'toString')
    at serializeShift (E:\AI-Integrated-Car-Parking-Management-System-iPARK-\backend\src\utils\serializers.ts:340:28)
    at Array.map (<anonymous>)
    at listShifts (E:\AI-Integrated-Car-Parking-Management-System-iPARK-\backend\src\controllers\shifts.controller.ts:9:34)
    at process.processTicksAndRejections (node:internal/process/task_queues:105:5)
[0mGET /api/shifts [31m500[0m 3.366 ms - 70[0m
[0mGET /api/shift-schedules [32m200[0m 6.458 ms - 7595[0m
[0mGET /api/zones [36m304[0m 4.243 ms - -[0m
[0mGET /api/parking-slots [36m304[0m 12.601 ms - -[0m
[0mGET /api/subscriptions/plans [32m200[0m 3.071 ms - 1261[0m
[0mGET /api/subscriptions [32m200[0m 4.904 ms - 1944[0m
[0mGET /api/auth/me [36m304[0m 4.507 ms - -[0m
[0mGET /api/reports/summary?from=2026-09-18&to=2026-09-18 [36m304[0m 52.328 ms - -[0m
[0mGET /api/vehicles [36m304[0m 56.636 ms - -[0m
[0mGET /api/parking-sessions [32m200[0m 97.708 ms - 179330[0m
[0mGET /api/parking-slots [36m304[0m 106.453 ms - -[0m
[0mGET /api/users?page=1&limit=100 [36m304[0m 8.585 ms - -[0m
[0mGET /api/users?page=2&limit=100 [36m304[0m 6.313 ms - -[0m
[0mGET /api/pricing-config [36m304[0m 14.727 ms - -[0m
[0mGET /api/notifications [36m304[0m 57.876 ms - -[0m
[0mGET /api/transactions [32m200[0m 125.944 ms - 36789[0m
[Error] Cannot read properties of undefined (reading 'toString') TypeError: Cannot read properties of undefined (reading 'toString')
    at serializeShift (E:\AI-Integrated-Car-Parking-Management-System-iPARK-\backend\src\utils\serializers.ts:340:28)
    at Array.map (<anonymous>)
    at listShifts (E:\AI-Integrated-Car-Parking-Management-System-iPARK-\backend\src\controllers\shifts.controller.ts:9:34)
    at process.processTicksAndRejections (node:internal/process/task_queues:105:5)
[0mGET /api/shifts [31m500[0m 48.108 ms - 70[0m
[0mGET /api/shift-schedules [36m304[0m 60.496 ms - -[0m
[0mGET /api/zones [36m304[0m 28.229 ms - -[0m
[0mGET /api/parking-slots [36m304[0m 58.201 ms - -[0m
[0mGET /api/subscriptions/plans [36m304[0m 11.411 ms - -[0m
[0mGET /api/subscriptions [36m304[0m 16.666 ms - -[0m
[0mGET /api/notification-templates [32m200[0m 9.307 ms - 1242[0m
[Mail] Sent email to le492381@gmail.com: [iPARK] Nhắc nhở: Xe 18A12345 vẫn đang trong bãi
[Scheduler] Subscription job error: ValidationError: ParkingSession validation failed: vehicleType: Path `vehicleType` is required.
    at model.validate (E:\AI-Integrated-Car-Parking-Management-System-iPARK-\backend\node_modules\mongoose\lib\document.js:2864:36)
    at process.processTicksAndRejections (node:internal/process/task_queues:105:5)
    at async model.$__save (E:\AI-Integrated-Car-Parking-Management-System-iPARK-\backend\node_modules\mongoose\lib\model.js:398:7)
    at async maybeTracedSave (E:\AI-Integrated-Car-Parking-Management-System-iPARK-\backend\node_modules\mongoose\lib\model.js:674:7)
    at async sendPrepaidReminders (E:\AI-Integrated-Car-Parking-Management-System-iPARK-\backend\src\services\reminder.service.ts:164:5)
    at async R.Cron.protect (E:\AI-Integrated-Car-Parking-Management-System-iPARK-\backend\src\services\scheduler.service.ts:42:28)
    at async R._trigger (file:///E:/AI-Integrated-Car-Parking-Management-System-iPARK-/node_modules/croner/dist/croner.js:1:16204) {
  errors: {
    vehicleType: ValidatorError: Path `vehicleType` is required.
        at SchemaString.doValidate (E:\AI-Integrated-Car-Parking-Management-System-iPARK-\backend\node_modules\mongoose\lib\schemaType.js:1515:13)
        at model.validate (E:\AI-Integrated-Car-Parking-Management-System-iPARK-\backend\node_modules\mongoose\lib\document.js:2842:20)
        at process.processTicksAndRejections (node:internal/process/task_queues:105:5)
        at async model.$__save (E:\AI-Integrated-Car-Parking-Management-System-iPARK-\backend\node_modules\mongoose\lib\model.js:398:7)
        at async maybeTracedSave (E:\AI-Integrated-Car-Parking-Management-System-iPARK-\backend\node_modules\mongoose\lib\model.js:674:7)
        at async sendPrepaidReminders (E:\AI-Integrated-Car-Parking-Management-System-iPARK-\backend\src\services\reminder.service.ts:164:5)
        at async R.Cron.protect (E:\AI-Integrated-Car-Parking-Management-System-iPARK-\backend\src\services\scheduler.service.ts:42:28)
        at async R._trigger (file:///E:/AI-Integrated-Car-Parking-Management-System-iPARK-/node_modules/croner/dist/croner.js:1:16204) {
      properties: [Object],
      kind: 'required',
      path: 'vehicleType',
      value: undefined,
      reason: undefined,
      [Symbol(mongoose#validatorError)]: true
    }
  },
  _message: 'ParkingSession validation failed'
}
[Mail] Sent email to le492381@gmail.com: [iPARK] Nhắc nhở: Xe 18A12345 vẫn đang trong bãi
[Scheduler] Subscription job error: ValidationError: ParkingSession validation failed: vehicleType: Path `vehicleType` is required.
    at model.validate (E:\AI-Integrated-Car-Parking-Management-System-iPARK-\backend\node_modules\mongoose\lib\document.js:2864:36)
    at process.processTicksAndRejections (node:internal/process/task_queues:105:5)
    at async model.$__save (E:\AI-Integrated-Car-Parking-Management-System-iPARK-\backend\node_modules\mongoose\lib\model.js:398:7)
    at async maybeTracedSave (E:\AI-Integrated-Car-Parking-Management-System-iPARK-\backend\node_modules\mongoose\lib\model.js:674:7)
    at async sendPrepaidReminders (E:\AI-Integrated-Car-Parking-Management-System-iPARK-\backend\src\services\reminder.service.ts:164:5)
    at async R.Cron.protect (E:\AI-Integrated-Car-Parking-Management-System-iPARK-\backend\src\services\scheduler.service.ts:42:28)
    at async R._trigger (file:///E:/AI-Integrated-Car-Parking-Management-System-iPARK-/node_modules/croner/dist/croner.js:1:16204) {
  errors: {
    vehicleType: ValidatorError: Path `vehicleType` is required.
        at SchemaString.doValidate (E:\AI-Integrated-Car-Parking-Management-System-iPARK-\backend\node_modules\mongoose\lib\schemaType.js:1515:13)
        at model.validate (E:\AI-Integrated-Car-Parking-Management-System-iPARK-\backend\node_modules\mongoose\lib\document.js:2842:20)
        at process.processTicksAndRejections (node:internal/process/task_queues:105:5)
        at async model.$__save (E:\AI-Integrated-Car-Parking-Management-System-iPARK-\backend\node_modules\mongoose\lib\model.js:398:7)
        at async maybeTracedSave (E:\AI-Integrated-Car-Parking-Management-System-iPARK-\backend\node_modules\mongoose\lib\model.js:674:7)
        at async sendPrepaidReminders (E:\AI-Integrated-Car-Parking-Management-System-iPARK-\backend\src\services\reminder.service.ts:164:5)
        at async R.Cron.protect (E:\AI-Integrated-Car-Parking-Management-System-iPARK-\backend\src\services\scheduler.service.ts:42:28)
        at async R._trigger (file:///E:/AI-Integrated-Car-Parking-Management-System-iPARK-/node_modules/croner/dist/croner.js:1:16204) {
      properties: [Object],
      kind: 'required',
      path: 'vehicleType',
      value: undefined,
      reason: undefined,
      [Symbol(mongoose#validatorError)]: true
    }
  },
  _message: 'ParkingSession validation failed'
}
[Mail] Sent email to le492381@gmail.com: [iPARK] Nhắc nhở: Xe 18A12345 vẫn đang trong bãi
[Scheduler] Subscription job error: ValidationError: ParkingSession validation failed: vehicleType: Path `vehicleType` is required.
    at model.validate (E:\AI-Integrated-Car-Parking-Management-System-iPARK-\backend\node_modules\mongoose\lib\document.js:2864:36)
    at process.processTicksAndRejections (node:internal/process/task_queues:105:5)
    at async model.$__save (E:\AI-Integrated-Car-Parking-Management-System-iPARK-\backend\node_modules\mongoose\lib\model.js:398:7)
    at async maybeTracedSave (E:\AI-Integrated-Car-Parking-Management-System-iPARK-\backend\node_modules\mongoose\lib\model.js:674:7)
    at async sendPrepaidReminders (E:\AI-Integrated-Car-Parking-Management-System-iPARK-\backend\src\services\reminder.service.ts:164:5)
    at async R.Cron.protect (E:\AI-Integrated-Car-Parking-Management-System-iPARK-\backend\src\services\scheduler.service.ts:42:28)
    at async R._trigger (file:///E:/AI-Integrated-Car-Parking-Management-System-iPARK-/node_modules/croner/dist/croner.js:1:16204) {
  errors: {
    vehicleType: ValidatorError: Path `vehicleType` is required.
        at SchemaString.doValidate (E:\AI-Integrated-Car-Parking-Management-System-iPARK-\backend\node_modules\mongoose\lib\schemaType.js:1515:13)
        at model.validate (E:\AI-Integrated-Car-Parking-Management-System-iPARK-\backend\node_modules\mongoose\lib\document.js:2842:20)
        at process.processTicksAndRejections (node:internal/process/task_queues:105:5)
        at async model.$__save (E:\AI-Integrated-Car-Parking-Management-System-iPARK-\backend\node_modules\mongoose\lib\model.js:398:7)
        at async maybeTracedSave (E:\AI-Integrated-Car-Parking-Management-System-iPARK-\backend\node_modules\mongoose\lib\model.js:674:7)
        at async sendPrepaidReminders (E:\AI-Integrated-Car-Parking-Management-System-iPARK-\backend\src\services\reminder.service.ts:164:5)
        at async R.Cron.protect (E:\AI-Integrated-Car-Parking-Management-System-iPARK-\backend\src\services\scheduler.service.ts:42:28)
        at async R._trigger (file:///E:/AI-Integrated-Car-Parking-Management-System-iPARK-/node_modules/croner/dist/croner.js:1:16204) {
      properties: [Object],
      kind: 'required',
      path: 'vehicleType',
      value: undefined,
      reason: undefined,
      [Symbol(mongoose#validatorError)]: true
    }
  },
  _message: 'ParkingSession validation failed'
}
[Mail] Sent email to le492381@gmail.com: [iPARK] Nhắc nhở: Xe 18A12345 vẫn đang trong bãi
[Scheduler] Subscription job error: ValidationError: ParkingSession validation failed: vehicleType: Path `vehicleType` is required.
    at model.validate (E:\AI-Integrated-Car-Parking-Management-System-iPARK-\backend\node_modules\mongoose\lib\document.js:2864:36)
    at process.processTicksAndRejections (node:internal/process/task_queues:105:5)
    at async model.$__save (E:\AI-Integrated-Car-Parking-Management-System-iPARK-\backend\node_modules\mongoose\lib\model.js:398:7)
    at async maybeTracedSave (E:\AI-Integrated-Car-Parking-Management-System-iPARK-\backend\node_modules\mongoose\lib\model.js:674:7)
    at async sendPrepaidReminders (E:\AI-Integrated-Car-Parking-Management-System-iPARK-\backend\src\services\reminder.service.ts:164:5)
    at async R.Cron.protect (E:\AI-Integrated-Car-Parking-Management-System-iPARK-\backend\src\services\scheduler.service.ts:42:28)
    at async R._trigger (file:///E:/AI-Integrated-Car-Parking-Management-System-iPARK-/node_modules/croner/dist/croner.js:1:16204) {
  errors: {
    vehicleType: ValidatorError: Path `vehicleType` is required.
        at SchemaString.doValidate (E:\AI-Integrated-Car-Parking-Management-System-iPARK-\backend\node_modules\mongoose\lib\schemaType.js:1515:13)
        at model.validate (E:\AI-Integrated-Car-Parking-Management-System-iPARK-\backend\node_modules\mongoose\lib\document.js:2842:20)
        at process.processTicksAndRejections (node:internal/process/task_queues:105:5)
        at async model.$__save (E:\AI-Integrated-Car-Parking-Management-System-iPARK-\backend\node_modules\mongoose\lib\model.js:398:7)
        at async maybeTracedSave (E:\AI-Integrated-Car-Parking-Management-System-iPARK-\backend\node_modules\mongoose\lib\model.js:674:7)
        at async sendPrepaidReminders (E:\AI-Integrated-Car-Parking-Management-System-iPARK-\backend\src\services\reminder.service.ts:164:5)
        at async R.Cron.protect (E:\AI-Integrated-Car-Parking-Management-System-iPARK-\backend\src\services\scheduler.service.ts:42:28)
        at async R._trigger (file:///E:/AI-Integrated-Car-Parking-Management-System-iPARK-/node_modules/croner/dist/croner.js:1:16204) {
      properties: [Object],
      kind: 'required',
      path: 'vehicleType',
      value: undefined,
      reason: undefined,
      [Symbol(mongoose#validatorError)]: true
    }
  },
  _message: 'ParkingSession validation failed'
}
[Mail] Sent email to le492381@gmail.com: [iPARK] Nhắc nhở: Xe 18A12345 vẫn đang trong bãi
[Scheduler] Subscription job error: ValidationError: ParkingSession validation failed: vehicleType: Path `vehicleType` is required.
    at model.validate (E:\AI-Integrated-Car-Parking-Management-System-iPARK-\backend\node_modules\mongoose\lib\document.js:2864:36)
    at process.processTicksAndRejections (node:internal/process/task_queues:105:5)
    at async model.$__save (E:\AI-Integrated-Car-Parking-Management-System-iPARK-\backend\node_modules\mongoose\lib\model.js:398:7)
    at async maybeTracedSave (E:\AI-Integrated-Car-Parking-Management-System-iPARK-\backend\node_modules\mongoose\lib\model.js:674:7)
    at async sendPrepaidReminders (E:\AI-Integrated-Car-Parking-Management-System-iPARK-\backend\src\services\reminder.service.ts:164:5)
    at async R.Cron.protect (E:\AI-Integrated-Car-Parking-Management-System-iPARK-\backend\src\services\scheduler.service.ts:42:28)
    at async R._trigger (file:///E:/AI-Integrated-Car-Parking-Management-System-iPARK-/node_modules/croner/dist/croner.js:1:16204) {
  errors: {
    vehicleType: ValidatorError: Path `vehicleType` is required.
        at SchemaString.doValidate (E:\AI-Integrated-Car-Parking-Management-System-iPARK-\backend\node_modules\mongoose\lib\schemaType.js:1515:13)
        at model.validate (E:\AI-Integrated-Car-Parking-Management-System-iPARK-\backend\node_modules\mongoose\lib\document.js:2842:20)
        at process.processTicksAndRejections (node:internal/process/task_queues:105:5)
        at async model.$__save (E:\AI-Integrated-Car-Parking-Management-System-iPARK-\backend\node_modules\mongoose\lib\model.js:398:7)
        at async maybeTracedSave (E:\AI-Integrated-Car-Parking-Management-System-iPARK-\backend\node_modules\mongoose\lib\model.js:674:7)
        at async sendPrepaidReminders (E:\AI-Integrated-Car-Parking-Management-System-iPARK-\backend\src\services\reminder.service.ts:164:5)
        at async R.Cron.protect (E:\AI-Integrated-Car-Parking-Management-System-iPARK-\backend\src\services\scheduler.service.ts:42:28)
        at async R._trigger (file:///E:/AI-Integrated-Car-Parking-Management-System-iPARK-/node_modules/croner/dist/croner.js:1:16204) {
      properties: [Object],
      kind: 'required',
      path: 'vehicleType',
      value: undefined,
      reason: undefined,
      [Symbol(mongoose#validatorError)]: true
    }
  },
  _message: 'ParkingSession validation failed'
}
[Mail] Sent email to le492381@gmail.com: [iPARK] Nhắc nhở: Xe 18A12345 vẫn đang trong bãi
[Scheduler] Subscription job error: ValidationError: ParkingSession validation failed: vehicleType: Path `vehicleType` is required.
    at model.validate (E:\AI-Integrated-Car-Parking-Management-System-iPARK-\backend\node_modules\mongoose\lib\document.js:2864:36)
    at process.processTicksAndRejections (node:internal/process/task_queues:105:5)
    at async model.$__save (E:\AI-Integrated-Car-Parking-Management-System-iPARK-\backend\node_modules\mongoose\lib\model.js:398:7)
    at async maybeTracedSave (E:\AI-Integrated-Car-Parking-Management-System-iPARK-\backend\node_modules\mongoose\lib\model.js:674:7)
    at async sendPrepaidReminders (E:\AI-Integrated-Car-Parking-Management-System-iPARK-\backend\src\services\reminder.service.ts:164:5)
    at async R.Cron.protect (E:\AI-Integrated-Car-Parking-Management-System-iPARK-\backend\src\services\scheduler.service.ts:42:28)
    at async R._trigger (file:///E:/AI-Integrated-Car-Parking-Management-System-iPARK-/node_modules/croner/dist/croner.js:1:16204) {
  errors: {
    vehicleType: ValidatorError: Path `vehicleType` is required.
        at SchemaString.doValidate (E:\AI-Integrated-Car-Parking-Management-System-iPARK-\backend\node_modules\mongoose\lib\schemaType.js:1515:13)
        at model.validate (E:\AI-Integrated-Car-Parking-Management-System-iPARK-\backend\node_modules\mongoose\lib\document.js:2842:20)
        at process.processTicksAndRejections (node:internal/process/task_queues:105:5)
        at async model.$__save (E:\AI-Integrated-Car-Parking-Management-System-iPARK-\backend\node_modules\mongoose\lib\model.js:398:7)
        at async maybeTracedSave (E:\AI-Integrated-Car-Parking-Management-System-iPARK-\backend\node_modules\mongoose\lib\model.js:674:7)
        at async sendPrepaidReminders (E:\AI-Integrated-Car-Parking-Management-System-iPARK-\backend\src\services\reminder.service.ts:164:5)
        at async R.Cron.protect (E:\AI-Integrated-Car-Parking-Management-System-iPARK-\backend\src\services\scheduler.service.ts:42:28)
        at async R._trigger (file:///E:/AI-Integrated-Car-Parking-Management-System-iPARK-/node_modules/croner/dist/croner.js:1:16204) {
      properties: [Object],
      kind: 'required',
      path: 'vehicleType',
      value: undefined,
      reason: undefined,
      [Symbol(mongoose#validatorError)]: true
    }
  },
  _message: 'ParkingSession validation failed'
}
[Mail] Sent email to le492381@gmail.com: [iPARK] Nhắc nhở: Xe 18A12345 vẫn đang trong bãi
[Scheduler] Subscription job error: ValidationError: ParkingSession validation failed: vehicleType: Path `vehicleType` is required.
    at model.validate (E:\AI-Integrated-Car-Parking-Management-System-iPARK-\backend\node_modules\mongoose\lib\document.js:2864:36)
    at process.processTicksAndRejections (node:internal/process/task_queues:105:5)
    at async model.$__save (E:\AI-Integrated-Car-Parking-Management-System-iPARK-\backend\node_modules\mongoose\lib\model.js:398:7)
    at async maybeTracedSave (E:\AI-Integrated-Car-Parking-Management-System-iPARK-\backend\node_modules\mongoose\lib\model.js:674:7)
    at async sendPrepaidReminders (E:\AI-Integrated-Car-Parking-Management-System-iPARK-\backend\src\services\reminder.service.ts:164:5)
    at async R.Cron.protect (E:\AI-Integrated-Car-Parking-Management-System-iPARK-\backend\src\services\scheduler.service.ts:42:28)
    at async R._trigger (file:///E:/AI-Integrated-Car-Parking-Management-System-iPARK-/node_modules/croner/dist/croner.js:1:16204) {
  errors: {
    vehicleType: ValidatorError: Path `vehicleType` is required.
        at SchemaString.doValidate (E:\AI-Integrated-Car-Parking-Management-System-iPARK-\backend\node_modules\mongoose\lib\schemaType.js:1515:13)
        at model.validate (E:\AI-Integrated-Car-Parking-Management-System-iPARK-\backend\node_modules\mongoose\lib\document.js:2842:20)
        at process.processTicksAndRejections (node:internal/process/task_queues:105:5)
        at async model.$__save (E:\AI-Integrated-Car-Parking-Management-System-iPARK-\backend\node_modules\mongoose\lib\model.js:398:7)
        at async maybeTracedSave (E:\AI-Integrated-Car-Parking-Management-System-iPARK-\backend\node_modules\mongoose\lib\model.js:674:7)
        at async sendPrepaidReminders (E:\AI-Integrated-Car-Parking-Management-System-iPARK-\backend\src\services\reminder.service.ts:164:5)
        at async R.Cron.protect (E:\AI-Integrated-Car-Parking-Management-System-iPARK-\backend\src\services\scheduler.service.ts:42:28)
        at async R._trigger (file:///E:/AI-Integrated-Car-Parking-Management-System-iPARK-/node_modules/croner/dist/croner.js:1:16204) {
      properties: [Object],
      kind: 'required',
      path: 'vehicleType',
      value: undefined,
      reason: undefined,
      [Symbol(mongoose#validatorError)]: true
    }
  },
  _message: 'ParkingSession validation failed'
}
[Mail] Sent email to le492381@gmail.com: [iPARK] Nhắc nhở: Xe 18A12345 vẫn đang trong bãi
[Scheduler] Subscription job error: ValidationError: ParkingSession validation failed: vehicleType: Path `vehicleType` is required.
    at model.validate (E:\AI-Integrated-Car-Parking-Management-System-iPARK-\backend\node_modules\mongoose\lib\document.js:2864:36)
    at process.processTicksAndRejections (node:internal/process/task_queues:105:5)
    at async model.$__save (E:\AI-Integrated-Car-Parking-Management-System-iPARK-\backend\node_modules\mongoose\lib\model.js:398:7)
    at async maybeTracedSave (E:\AI-Integrated-Car-Parking-Management-System-iPARK-\backend\node_modules\mongoose\lib\model.js:674:7)
    at async sendPrepaidReminders (E:\AI-Integrated-Car-Parking-Management-System-iPARK-\backend\src\services\reminder.service.ts:164:5)
    at async R.Cron.protect (E:\AI-Integrated-Car-Parking-Management-System-iPARK-\backend\src\services\scheduler.service.ts:42:28)
    at async R._trigger (file:///E:/AI-Integrated-Car-Parking-Management-System-iPARK-/node_modules/croner/dist/croner.js:1:16204) {
  errors: {
    vehicleType: ValidatorError: Path `vehicleType` is required.
        at SchemaString.doValidate (E:\AI-Integrated-Car-Parking-Management-System-iPARK-\backend\node_modules\mongoose\lib\schemaType.js:1515:13)
        at model.validate (E:\AI-Integrated-Car-Parking-Management-System-iPARK-\backend\node_modules\mongoose\lib\document.js:2842:20)
        at process.processTicksAndRejections (node:internal/process/task_queues:105:5)
        at async model.$__save (E:\AI-Integrated-Car-Parking-Management-System-iPARK-\backend\node_modules\mongoose\lib\model.js:398:7)
        at async maybeTracedSave (E:\AI-Integrated-Car-Parking-Management-System-iPARK-\backend\node_modules\mongoose\lib\model.js:674:7)
        at async sendPrepaidReminders (E:\AI-Integrated-Car-Parking-Management-System-iPARK-\backend\src\services\reminder.service.ts:164:5)
        at async R.Cron.protect (E:\AI-Integrated-Car-Parking-Management-System-iPARK-\backend\src\services\scheduler.service.ts:42:28)
        at async R._trigger (file:///E:/AI-Integrated-Car-Parking-Management-System-iPARK-/node_modules/croner/dist/croner.js:1:16204) {
      properties: [Object],
      kind: 'required',
      path: 'vehicleType',
      value: undefined,
      reason: undefined,
      [Symbol(mongoose#validatorError)]: true
    }
  },
  _message: 'ParkingSession validation failed'
}
[Mail] Sent email to le492381@gmail.com: [iPARK] Nhắc nhở: Xe 18A12345 vẫn đang trong bãi
[Scheduler] Subscription job error: ValidationError: ParkingSession validation failed: vehicleType: Path `vehicleType` is required.
    at model.validate (E:\AI-Integrated-Car-Parking-Management-System-iPARK-\backend\node_modules\mongoose\lib\document.js:2864:36)
    at process.processTicksAndRejections (node:internal/process/task_queues:105:5)
    at async model.$__save (E:\AI-Integrated-Car-Parking-Management-System-iPARK-\backend\node_modules\mongoose\lib\model.js:398:7)
    at async maybeTracedSave (E:\AI-Integrated-Car-Parking-Management-System-iPARK-\backend\node_modules\mongoose\lib\model.js:674:7)
    at async sendPrepaidReminders (E:\AI-Integrated-Car-Parking-Management-System-iPARK-\backend\src\services\reminder.service.ts:164:5)
    at async R.Cron.protect (E:\AI-Integrated-Car-Parking-Management-System-iPARK-\backend\src\services\scheduler.service.ts:42:28)
    at async R._trigger (file:///E:/AI-Integrated-Car-Parking-Management-System-iPARK-/node_modules/croner/dist/croner.js:1:16204) {
  errors: {
    vehicleType: ValidatorError: Path `vehicleType` is required.
        at SchemaString.doValidate (E:\AI-Integrated-Car-Parking-Management-System-iPARK-\backend\node_modules\mongoose\lib\schemaType.js:1515:13)
        at model.validate (E:\AI-Integrated-Car-Parking-Management-System-iPARK-\backend\node_modules\mongoose\lib\document.js:2842:20)
        at process.processTicksAndRejections (node:internal/process/task_queues:105:5)
        at async model.$__save (E:\AI-Integrated-Car-Parking-Management-System-iPARK-\backend\node_modules\mongoose\lib\model.js:398:7)
        at async maybeTracedSave (E:\AI-Integrated-Car-Parking-Management-System-iPARK-\backend\node_modules\mongoose\lib\model.js:674:7)
        at async sendPrepaidReminders (E:\AI-Integrated-Car-Parking-Management-System-iPARK-\backend\src\services\reminder.service.ts:164:5)
        at async R.Cron.protect (E:\AI-Integrated-Car-Parking-Management-System-iPARK-\backend\src\services\scheduler.service.ts:42:28)
        at async R._trigger (file:///E:/AI-Integrated-Car-Parking-Management-System-iPARK-/node_modules/croner/dist/croner.js:1:16204) {
      properties: [Object],
      kind: 'required',
      path: 'vehicleType',
      value: undefined,
      reason: undefined,
      [Symbol(mongoose#validatorError)]: true
    }
  },
  _message: 'ParkingSession validation failed'
}
[Mail] Sent email to le492381@gmail.com: [iPARK] Nhắc nhở: Xe 18A12345 vẫn đang trong bãi
[Scheduler] Subscription job error: ValidationError: ParkingSession validation failed: vehicleType: Path `vehicleType` is required.
    at model.validate (E:\AI-Integrated-Car-Parking-Management-System-iPARK-\backend\node_modules\mongoose\lib\document.js:2864:36)
    at process.processTicksAndRejections (node:internal/process/task_queues:105:5)
    at async model.$__save (E:\AI-Integrated-Car-Parking-Management-System-iPARK-\backend\node_modules\mongoose\lib\model.js:398:7)
    at async maybeTracedSave (E:\AI-Integrated-Car-Parking-Management-System-iPARK-\backend\node_modules\mongoose\lib\model.js:674:7)
    at async sendPrepaidReminders (E:\AI-Integrated-Car-Parking-Management-System-iPARK-\backend\src\services\reminder.service.ts:164:5)
    at async R.Cron.protect (E:\AI-Integrated-Car-Parking-Management-System-iPARK-\backend\src\services\scheduler.service.ts:42:28)
    at async R._trigger (file:///E:/AI-Integrated-Car-Parking-Management-System-iPARK-/node_modules/croner/dist/croner.js:1:16204) {
  errors: {
    vehicleType: ValidatorError: Path `vehicleType` is required.
        at SchemaString.doValidate (E:\AI-Integrated-Car-Parking-Management-System-iPARK-\backend\node_modules\mongoose\lib\schemaType.js:1515:13)
        at model.validate (E:\AI-Integrated-Car-Parking-Management-System-iPARK-\backend\node_modules\mongoose\lib\document.js:2842:20)
        at process.processTicksAndRejections (node:internal/process/task_queues:105:5)
        at async model.$__save (E:\AI-Integrated-Car-Parking-Management-System-iPARK-\backend\node_modules\mongoose\lib\model.js:398:7)
        at async maybeTracedSave (E:\AI-Integrated-Car-Parking-Management-System-iPARK-\backend\node_modules\mongoose\lib\model.js:674:7)
        at async sendPrepaidReminders (E:\AI-Integrated-Car-Parking-Management-System-iPARK-\backend\src\services\reminder.service.ts:164:5)
        at async R.Cron.protect (E:\AI-Integrated-Car-Parking-Management-System-iPARK-\backend\src\services\scheduler.service.ts:42:28)
        at async R._trigger (file:///E:/AI-Integrated-Car-Parking-Management-System-iPARK-/node_modules/croner/dist/croner.js:1:16204) {
      properties: [Object],
      kind: 'required',
      path: 'vehicleType',
      value: undefined,
      reason: undefined,
      [Symbol(mongoose#validatorError)]: true
    }
  },
  _message: 'ParkingSession validation failed'
}
[Mail] Sent email to le492381@gmail.com: [iPARK] Nhắc nhở: Xe 18A12345 vẫn đang trong bãi
[Scheduler] Subscription job error: ValidationError: ParkingSession validation failed: vehicleType: Path `vehicleType` is required.
    at model.validate (E:\AI-Integrated-Car-Parking-Management-System-iPARK-\backend\node_modules\mongoose\lib\document.js:2864:36)
    at process.processTicksAndRejections (node:internal/process/task_queues:105:5)
    at async model.$__save (E:\AI-Integrated-Car-Parking-Management-System-iPARK-\backend\node_modules\mongoose\lib\model.js:398:7)
    at async maybeTracedSave (E:\AI-Integrated-Car-Parking-Management-System-iPARK-\backend\node_modules\mongoose\lib\model.js:674:7)
    at async sendPrepaidReminders (E:\AI-Integrated-Car-Parking-Management-System-iPARK-\backend\src\services\reminder.service.ts:164:5)
    at async R.Cron.protect (E:\AI-Integrated-Car-Parking-Management-System-iPARK-\backend\src\services\scheduler.service.ts:42:28)
    at async R._trigger (file:///E:/AI-Integrated-Car-Parking-Management-System-iPARK-/node_modules/croner/dist/croner.js:1:16204) {
  errors: {
    vehicleType: ValidatorError: Path `vehicleType` is required.
        at SchemaString.doValidate (E:\AI-Integrated-Car-Parking-Management-System-iPARK-\backend\node_modules\mongoose\lib\schemaType.js:1515:13)
        at model.validate (E:\AI-Integrated-Car-Parking-Management-System-iPARK-\backend\node_modules\mongoose\lib\document.js:2842:20)
        at process.processTicksAndRejections (node:internal/process/task_queues:105:5)
        at async model.$__save (E:\AI-Integrated-Car-Parking-Management-System-iPARK-\backend\node_modules\mongoose\lib\model.js:398:7)
        at async maybeTracedSave (E:\AI-Integrated-Car-Parking-Management-System-iPARK-\backend\node_modules\mongoose\lib\model.js:674:7)
        at async sendPrepaidReminders (E:\AI-Integrated-Car-Parking-Management-System-iPARK-\backend\src\services\reminder.service.ts:164:5)
        at async R.Cron.protect (E:\AI-Integrated-Car-Parking-Management-System-iPARK-\backend\src\services\scheduler.service.ts:42:28)
        at async R._trigger (file:///E:/AI-Integrated-Car-Parking-Management-System-iPARK-/node_modules/croner/dist/croner.js:1:16204) {
      properties: [Object],
      kind: 'required',
      path: 'vehicleType',
      value: undefined,
      reason: undefined,
      [Symbol(mongoose#validatorError)]: true
    }
  },
  _message: 'ParkingSession validation failed'
}
[Mail] Sent email to le492381@gmail.com: [iPARK] Nhắc nhở: Xe 18A12345 vẫn đang trong bãi
[Scheduler] Subscription job error: ValidationError: ParkingSession validation failed: vehicleType: Path `vehicleType` is required.
    at model.validate (E:\AI-Integrated-Car-Parking-Management-System-iPARK-\backend\node_modules\mongoose\lib\document.js:2864:36)
    at process.processTicksAndRejections (node:internal/process/task_queues:105:5)
    at async model.$__save (E:\AI-Integrated-Car-Parking-Management-System-iPARK-\backend\node_modules\mongoose\lib\model.js:398:7)
    at async maybeTracedSave (E:\AI-Integrated-Car-Parking-Management-System-iPARK-\backend\node_modules\mongoose\lib\model.js:674:7)
    at async sendPrepaidReminders (E:\AI-Integrated-Car-Parking-Management-System-iPARK-\backend\src\services\reminder.service.ts:164:5)
    at async R.Cron.protect (E:\AI-Integrated-Car-Parking-Management-System-iPARK-\backend\src\services\scheduler.service.ts:42:28)
    at async R._trigger (file:///E:/AI-Integrated-Car-Parking-Management-System-iPARK-/node_modules/croner/dist/croner.js:1:16204) {
  errors: {
    vehicleType: ValidatorError: Path `vehicleType` is required.
        at SchemaString.doValidate (E:\AI-Integrated-Car-Parking-Management-System-iPARK-\backend\node_modules\mongoose\lib\schemaType.js:1515:13)
        at model.validate (E:\AI-Integrated-Car-Parking-Management-System-iPARK-\backend\node_modules\mongoose\lib\document.js:2842:20)
        at process.processTicksAndRejections (node:internal/process/task_queues:105:5)
        at async model.$__save (E:\AI-Integrated-Car-Parking-Management-System-iPARK-\backend\node_modules\mongoose\lib\model.js:398:7)
        at async maybeTracedSave (E:\AI-Integrated-Car-Parking-Management-System-iPARK-\backend\node_modules\mongoose\lib\model.js:674:7)
        at async sendPrepaidReminders (E:\AI-Integrated-Car-Parking-Management-System-iPARK-\backend\src\services\reminder.service.ts:164:5)
        at async R.Cron.protect (E:\AI-Integrated-Car-Parking-Management-System-iPARK-\backend\src\services\scheduler.service.ts:42:28)
        at async R._trigger (file:///E:/AI-Integrated-Car-Parking-Management-System-iPARK-/node_modules/croner/dist/croner.js:1:16204) {
      properties: [Object],
      kind: 'required',
      path: 'vehicleType',
      value: undefined,
      reason: undefined,
      [Symbol(mongoose#validatorError)]: true
    }
  },
  _message: 'ParkingSession validation failed'
}
[Mail] Sent email to le492381@gmail.com: [iPARK] Nhắc nhở: Xe 18A12345 vẫn đang trong bãi
[Scheduler] Subscription job error: ValidationError: ParkingSession validation failed: vehicleType: Path `vehicleType` is required.
    at model.validate (E:\AI-Integrated-Car-Parking-Management-System-iPARK-\backend\node_modules\mongoose\lib\document.js:2864:36)
    at process.processTicksAndRejections (node:internal/process/task_queues:105:5)
    at async model.$__save (E:\AI-Integrated-Car-Parking-Management-System-iPARK-\backend\node_modules\mongoose\lib\model.js:398:7)
    at async maybeTracedSave (E:\AI-Integrated-Car-Parking-Management-System-iPARK-\backend\node_modules\mongoose\lib\model.js:674:7)
    at async sendPrepaidReminders (E:\AI-Integrated-Car-Parking-Management-System-iPARK-\backend\src\services\reminder.service.ts:164:5)
    at async R.Cron.protect (E:\AI-Integrated-Car-Parking-Management-System-iPARK-\backend\src\services\scheduler.service.ts:42:28)
    at async R._trigger (file:///E:/AI-Integrated-Car-Parking-Management-System-iPARK-/node_modules/croner/dist/croner.js:1:16204) {
  errors: {
    vehicleType: ValidatorError: Path `vehicleType` is required.
        at SchemaString.doValidate (E:\AI-Integrated-Car-Parking-Management-System-iPARK-\backend\node_modules\mongoose\lib\schemaType.js:1515:13)
        at model.validate (E:\AI-Integrated-Car-Parking-Management-System-iPARK-\backend\node_modules\mongoose\lib\document.js:2842:20)
        at process.processTicksAndRejections (node:internal/process/task_queues:105:5)
        at async model.$__save (E:\AI-Integrated-Car-Parking-Management-System-iPARK-\backend\node_modules\mongoose\lib\model.js:398:7)
        at async maybeTracedSave (E:\AI-Integrated-Car-Parking-Management-System-iPARK-\backend\node_modules\mongoose\lib\model.js:674:7)
        at async sendPrepaidReminders (E:\AI-Integrated-Car-Parking-Management-System-iPARK-\backend\src\services\reminder.service.ts:164:5)
        at async R.Cron.protect (E:\AI-Integrated-Car-Parking-Management-System-iPARK-\backend\src\services\scheduler.service.ts:42:28)
        at async R._trigger (file:///E:/AI-Integrated-Car-Parking-Management-System-iPARK-/node_modules/croner/dist/croner.js:1:16204) {
      properties: [Object],
      kind: 'required',
      path: 'vehicleType',
      value: undefined,
      reason: undefined,
      [Symbol(mongoose#validatorError)]: true
    }
  },
  _message: 'ParkingSession validation failed'
}
[Mail] Sent email to le492381@gmail.com: [iPARK] Nhắc nhở: Xe 18A12345 vẫn đang trong bãi
[Scheduler] Subscription job error: ValidationError: ParkingSession validation failed: vehicleType: Path `vehicleType` is required.
    at model.validate (E:\AI-Integrated-Car-Parking-Management-System-iPARK-\backend\node_modules\mongoose\lib\document.js:2864:36)
    at process.processTicksAndRejections (node:internal/process/task_queues:105:5)
    at async model.$__save (E:\AI-Integrated-Car-Parking-Management-System-iPARK-\backend\node_modules\mongoose\lib\model.js:398:7)
    at async maybeTracedSave (E:\AI-Integrated-Car-Parking-Management-System-iPARK-\backend\node_modules\mongoose\lib\model.js:674:7)
    at async sendPrepaidReminders (E:\AI-Integrated-Car-Parking-Management-System-iPARK-\backend\src\services\reminder.service.ts:164:5)
    at async R.Cron.protect (E:\AI-Integrated-Car-Parking-Management-System-iPARK-\backend\src\services\scheduler.service.ts:42:28)
    at async R._trigger (file:///E:/AI-Integrated-Car-Parking-Management-System-iPARK-/node_modules/croner/dist/croner.js:1:16204) {
  errors: {
    vehicleType: ValidatorError: Path `vehicleType` is required.
        at SchemaString.doValidate (E:\AI-Integrated-Car-Parking-Management-System-iPARK-\backend\node_modules\mongoose\lib\schemaType.js:1515:13)
        at model.validate (E:\AI-Integrated-Car-Parking-Management-System-iPARK-\backend\node_modules\mongoose\lib\document.js:2842:20)
        at process.processTicksAndRejections (node:internal/process/task_queues:105:5)
        at async model.$__save (E:\AI-Integrated-Car-Parking-Management-System-iPARK-\backend\node_modules\mongoose\lib\model.js:398:7)
        at async maybeTracedSave (E:\AI-Integrated-Car-Parking-Management-System-iPARK-\backend\node_modules\mongoose\lib\model.js:674:7)
        at async sendPrepaidReminders (E:\AI-Integrated-Car-Parking-Management-System-iPARK-\backend\src\services\reminder.service.ts:164:5)
        at async R.Cron.protect (E:\AI-Integrated-Car-Parking-Management-System-iPARK-\backend\src\services\scheduler.service.ts:42:28)
        at async R._trigger (file:///E:/AI-Integrated-Car-Parking-Management-System-iPARK-/node_modules/croner/dist/croner.js:1:16204) {
      properties: [Object],
      kind: 'required',
      path: 'vehicleType',
      value: undefined,
      reason: undefined,
      [Symbol(mongoose#validatorError)]: true
    }
  },
  _message: 'ParkingSession validation failed'
}
[Mail] Sent email to le492381@gmail.com: [iPARK] Nhắc nhở: Xe 18A12345 vẫn đang trong bãi
[Scheduler] Subscription job error: ValidationError: ParkingSession validation failed: vehicleType: Path `vehicleType` is required.
    at model.validate (E:\AI-Integrated-Car-Parking-Management-System-iPARK-\backend\node_modules\mongoose\lib\document.js:2864:36)
    at process.processTicksAndRejections (node:internal/process/task_queues:105:5)
    at async model.$__save (E:\AI-Integrated-Car-Parking-Management-System-iPARK-\backend\node_modules\mongoose\lib\model.js:398:7)
    at async maybeTracedSave (E:\AI-Integrated-Car-Parking-Management-System-iPARK-\backend\node_modules\mongoose\lib\model.js:674:7)
    at async sendPrepaidReminders (E:\AI-Integrated-Car-Parking-Management-System-iPARK-\backend\src\services\reminder.service.ts:164:5)
    at async R.Cron.protect (E:\AI-Integrated-Car-Parking-Management-System-iPARK-\backend\src\services\scheduler.service.ts:42:28)
    at async R._trigger (file:///E:/AI-Integrated-Car-Parking-Management-System-iPARK-/node_modules/croner/dist/croner.js:1:16204) {
  errors: {
    vehicleType: ValidatorError: Path `vehicleType` is required.
        at SchemaString.doValidate (E:\AI-Integrated-Car-Parking-Management-System-iPARK-\backend\node_modules\mongoose\lib\schemaType.js:1515:13)
        at model.validate (E:\AI-Integrated-Car-Parking-Management-System-iPARK-\backend\node_modules\mongoose\lib\document.js:2842:20)
        at process.processTicksAndRejections (node:internal/process/task_queues:105:5)
        at async model.$__save (E:\AI-Integrated-Car-Parking-Management-System-iPARK-\backend\node_modules\mongoose\lib\model.js:398:7)
        at async maybeTracedSave (E:\AI-Integrated-Car-Parking-Management-System-iPARK-\backend\node_modules\mongoose\lib\model.js:674:7)
        at async sendPrepaidReminders (E:\AI-Integrated-Car-Parking-Management-System-iPARK-\backend\src\services\reminder.service.ts:164:5)
        at async R.Cron.protect (E:\AI-Integrated-Car-Parking-Management-System-iPARK-\backend\src\services\scheduler.service.ts:42:28)
        at async R._trigger (file:///E:/AI-Integrated-Car-Parking-Management-System-iPARK-/node_modules/croner/dist/croner.js:1:16204) {
      properties: [Object],
      kind: 'required',
      path: 'vehicleType',
      value: undefined,
      reason: undefined,
      [Symbol(mongoose#validatorError)]: true
    }
  },
  _message: 'ParkingSession validation failed'
}
[Mail] Sent email to le492381@gmail.com: [iPARK] Nhắc nhở: Xe 18A12345 vẫn đang trong bãi
[Scheduler] Subscription job error: ValidationError: ParkingSession validation failed: vehicleType: Path `vehicleType` is required.
    at model.validate (E:\AI-Integrated-Car-Parking-Management-System-iPARK-\backend\node_modules\mongoose\lib\document.js:2864:36)
    at process.processTicksAndRejections (node:internal/process/task_queues:105:5)
    at async model.$__save (E:\AI-Integrated-Car-Parking-Management-System-iPARK-\backend\node_modules\mongoose\lib\model.js:398:7)
    at async maybeTracedSave (E:\AI-Integrated-Car-Parking-Management-System-iPARK-\backend\node_modules\mongoose\lib\model.js:674:7)
    at async sendPrepaidReminders (E:\AI-Integrated-Car-Parking-Management-System-iPARK-\backend\src\services\reminder.service.ts:164:5)
    at async R.Cron.protect (E:\AI-Integrated-Car-Parking-Management-System-iPARK-\backend\src\services\scheduler.service.ts:42:28)
    at async R._trigger (file:///E:/AI-Integrated-Car-Parking-Management-System-iPARK-/node_modules/croner/dist/croner.js:1:16204) {
  errors: {
    vehicleType: ValidatorError: Path `vehicleType` is required.
        at SchemaString.doValidate (E:\AI-Integrated-Car-Parking-Management-System-iPARK-\backend\node_modules\mongoose\lib\schemaType.js:1515:13)
        at model.validate (E:\AI-Integrated-Car-Parking-Management-System-iPARK-\backend\node_modules\mongoose\lib\document.js:2842:20)
        at process.processTicksAndRejections (node:internal/process/task_queues:105:5)
        at async model.$__save (E:\AI-Integrated-Car-Parking-Management-System-iPARK-\backend\node_modules\mongoose\lib\model.js:398:7)
        at async maybeTracedSave (E:\AI-Integrated-Car-Parking-Management-System-iPARK-\backend\node_modules\mongoose\lib\model.js:674:7)
        at async sendPrepaidReminders (E:\AI-Integrated-Car-Parking-Management-System-iPARK-\backend\src\services\reminder.service.ts:164:5)
        at async R.Cron.protect (E:\AI-Integrated-Car-Parking-Management-System-iPARK-\backend\src\services\scheduler.service.ts:42:28)
        at async R._trigger (file:///E:/AI-Integrated-Car-Parking-Management-System-iPARK-/node_modules/croner/dist/croner.js:1:16204) {
      properties: [Object],
      kind: 'required',
      path: 'vehicleType',
      value: undefined,
      reason: undefined,
      [Symbol(mongoose#validatorError)]: true
    }
  },
  _message: 'ParkingSession validation failed'
}
[Mail] Sent email to le492381@gmail.com: [iPARK] Nhắc nhở: Xe 18A12345 vẫn đang trong bãi
[Scheduler] Subscription job error: ValidationError: ParkingSession validation failed: vehicleType: Path `vehicleType` is required.
    at model.validate (E:\AI-Integrated-Car-Parking-Management-System-iPARK-\backend\node_modules\mongoose\lib\document.js:2864:36)
    at process.processTicksAndRejections (node:internal/process/task_queues:105:5)
    at async model.$__save (E:\AI-Integrated-Car-Parking-Management-System-iPARK-\backend\node_modules\mongoose\lib\model.js:398:7)
    at async maybeTracedSave (E:\AI-Integrated-Car-Parking-Management-System-iPARK-\backend\node_modules\mongoose\lib\model.js:674:7)
    at async sendPrepaidReminders (E:\AI-Integrated-Car-Parking-Management-System-iPARK-\backend\src\services\reminder.service.ts:164:5)
    at async R.Cron.protect (E:\AI-Integrated-Car-Parking-Management-System-iPARK-\backend\src\services\scheduler.service.ts:42:28)
    at async R._trigger (file:///E:/AI-Integrated-Car-Parking-Management-System-iPARK-/node_modules/croner/dist/croner.js:1:16204) {
  errors: {
    vehicleType: ValidatorError: Path `vehicleType` is required.
        at SchemaString.doValidate (E:\AI-Integrated-Car-Parking-Management-System-iPARK-\backend\node_modules\mongoose\lib\schemaType.js:1515:13)
        at model.validate (E:\AI-Integrated-Car-Parking-Management-System-iPARK-\backend\node_modules\mongoose\lib\document.js:2842:20)
        at process.processTicksAndRejections (node:internal/process/task_queues:105:5)
        at async model.$__save (E:\AI-Integrated-Car-Parking-Management-System-iPARK-\backend\node_modules\mongoose\lib\model.js:398:7)
        at async maybeTracedSave (E:\AI-Integrated-Car-Parking-Management-System-iPARK-\backend\node_modules\mongoose\lib\model.js:674:7)
        at async sendPrepaidReminders (E:\AI-Integrated-Car-Parking-Management-System-iPARK-\backend\src\services\reminder.service.ts:164:5)
        at async R.Cron.protect (E:\AI-Integrated-Car-Parking-Management-System-iPARK-\backend\src\services\scheduler.service.ts:42:28)
        at async R._trigger (file:///E:/AI-Integrated-Car-Parking-Management-System-iPARK-/node_modules/croner/dist/croner.js:1:16204) {
      properties: [Object],
      kind: 'required',
      path: 'vehicleType',
      value: undefined,
      reason: undefined,
      [Symbol(mongoose#validatorError)]: true
    }
  },
  _message: 'ParkingSession validation failed'
}
[Mail] Sent email to le492381@gmail.com: [iPARK] Nhắc nhở: Xe 18A12345 vẫn đang trong bãi
[Scheduler] Subscription job error: ValidationError: ParkingSession validation failed: vehicleType: Path `vehicleType` is required.
    at model.validate (E:\AI-Integrated-Car-Parking-Management-System-iPARK-\backend\node_modules\mongoose\lib\document.js:2864:36)
    at process.processTicksAndRejections (node:internal/process/task_queues:105:5)
    at async model.$__save (E:\AI-Integrated-Car-Parking-Management-System-iPARK-\backend\node_modules\mongoose\lib\model.js:398:7)
    at async maybeTracedSave (E:\AI-Integrated-Car-Parking-Management-System-iPARK-\backend\node_modules\mongoose\lib\model.js:674:7)
    at async sendPrepaidReminders (E:\AI-Integrated-Car-Parking-Management-System-iPARK-\backend\src\services\reminder.service.ts:164:5)
    at async R.Cron.protect (E:\AI-Integrated-Car-Parking-Management-System-iPARK-\backend\src\services\scheduler.service.ts:42:28)
    at async R._trigger (file:///E:/AI-Integrated-Car-Parking-Management-System-iPARK-/node_modules/croner/dist/croner.js:1:16204) {
  errors: {
    vehicleType: ValidatorError: Path `vehicleType` is required.
        at SchemaString.doValidate (E:\AI-Integrated-Car-Parking-Management-System-iPARK-\backend\node_modules\mongoose\lib\schemaType.js:1515:13)
        at model.validate (E:\AI-Integrated-Car-Parking-Management-System-iPARK-\backend\node_modules\mongoose\lib\document.js:2842:20)
        at process.processTicksAndRejections (node:internal/process/task_queues:105:5)
        at async model.$__save (E:\AI-Integrated-Car-Parking-Management-System-iPARK-\backend\node_modules\mongoose\lib\model.js:398:7)
        at async maybeTracedSave (E:\AI-Integrated-Car-Parking-Management-System-iPARK-\backend\node_modules\mongoose\lib\model.js:674:7)
        at async sendPrepaidReminders (E:\AI-Integrated-Car-Parking-Management-System-iPARK-\backend\src\services\reminder.service.ts:164:5)
        at async R.Cron.protect (E:\AI-Integrated-Car-Parking-Management-System-iPARK-\backend\src\services\scheduler.service.ts:42:28)
        at async R._trigger (file:///E:/AI-Integrated-Car-Parking-Management-System-iPARK-/node_modules/croner/dist/croner.js:1:16204) {
      properties: [Object],
      kind: 'required',
      path: 'vehicleType',
      value: undefined,
      reason: undefined,
      [Symbol(mongoose#validatorError)]: true
    }
  },
  _message: 'ParkingSession validation failed'
}
[Mail] Sent email to le492381@gmail.com: [iPARK] Nhắc nhở: Xe 18A12345 vẫn đang trong bãi
[Scheduler] Subscription job error: ValidationError: ParkingSession validation failed: vehicleType: Path `vehicleType` is required.
    at model.validate (E:\AI-Integrated-Car-Parking-Management-System-iPARK-\backend\node_modules\mongoose\lib\document.js:2864:36)
    at process.processTicksAndRejections (node:internal/process/task_queues:105:5)
    at async model.$__save (E:\AI-Integrated-Car-Parking-Management-System-iPARK-\backend\node_modules\mongoose\lib\model.js:398:7)
    at async maybeTracedSave (E:\AI-Integrated-Car-Parking-Management-System-iPARK-\backend\node_modules\mongoose\lib\model.js:674:7)
    at async sendPrepaidReminders (E:\AI-Integrated-Car-Parking-Management-System-iPARK-\backend\src\services\reminder.service.ts:164:5)
    at async R.Cron.protect (E:\AI-Integrated-Car-Parking-Management-System-iPARK-\backend\src\services\scheduler.service.ts:42:28)
    at async R._trigger (file:///E:/AI-Integrated-Car-Parking-Management-System-iPARK-/node_modules/croner/dist/croner.js:1:16204) {
  errors: {
    vehicleType: ValidatorError: Path `vehicleType` is required.
        at SchemaString.doValidate (E:\AI-Integrated-Car-Parking-Management-System-iPARK-\backend\node_modules\mongoose\lib\schemaType.js:1515:13)
        at model.validate (E:\AI-Integrated-Car-Parking-Management-System-iPARK-\backend\node_modules\mongoose\lib\document.js:2842:20)
        at process.processTicksAndRejections (node:internal/process/task_queues:105:5)
        at async model.$__save (E:\AI-Integrated-Car-Parking-Management-System-iPARK-\backend\node_modules\mongoose\lib\model.js:398:7)
        at async maybeTracedSave (E:\AI-Integrated-Car-Parking-Management-System-iPARK-\backend\node_modules\mongoose\lib\model.js:674:7)
        at async sendPrepaidReminders (E:\AI-Integrated-Car-Parking-Management-System-iPARK-\backend\src\services\reminder.service.ts:164:5)
        at async R.Cron.protect (E:\AI-Integrated-Car-Parking-Management-System-iPARK-\backend\src\services\scheduler.service.ts:42:28)
        at async R._trigger (file:///E:/AI-Integrated-Car-Parking-Management-System-iPARK-/node_modules/croner/dist/croner.js:1:16204) {
      properties: [Object],
      kind: 'required',
      path: 'vehicleType',
      value: undefined,
      reason: undefined,
      [Symbol(mongoose#validatorError)]: true
    }
  },
  _message: 'ParkingSession validation failed'
}
[Mail] Sent email to le492381@gmail.com: [iPARK] Nhắc nhở: Xe 18A12345 vẫn đang trong bãi
[Scheduler] Subscription job error: ValidationError: ParkingSession validation failed: vehicleType: Path `vehicleType` is required.
    at model.validate (E:\AI-Integrated-Car-Parking-Management-System-iPARK-\backend\node_modules\mongoose\lib\document.js:2864:36)
    at process.processTicksAndRejections (node:internal/process/task_queues:105:5)
    at async model.$__save (E:\AI-Integrated-Car-Parking-Management-System-iPARK-\backend\node_modules\mongoose\lib\model.js:398:7)
    at async maybeTracedSave (E:\AI-Integrated-Car-Parking-Management-System-iPARK-\backend\node_modules\mongoose\lib\model.js:674:7)
    at async sendPrepaidReminders (E:\AI-Integrated-Car-Parking-Management-System-iPARK-\backend\src\services\reminder.service.ts:164:5)
    at async R.Cron.protect (E:\AI-Integrated-Car-Parking-Management-System-iPARK-\backend\src\services\scheduler.service.ts:42:28)
    at async R._trigger (file:///E:/AI-Integrated-Car-Parking-Management-System-iPARK-/node_modules/croner/dist/croner.js:1:16204) {
  errors: {
    vehicleType: ValidatorError: Path `vehicleType` is required.
        at SchemaString.doValidate (E:\AI-Integrated-Car-Parking-Management-System-iPARK-\backend\node_modules\mongoose\lib\schemaType.js:1515:13)
        at model.validate (E:\AI-Integrated-Car-Parking-Management-System-iPARK-\backend\node_modules\mongoose\lib\document.js:2842:20)
        at process.processTicksAndRejections (node:internal/process/task_queues:105:5)
        at async model.$__save (E:\AI-Integrated-Car-Parking-Management-System-iPARK-\backend\node_modules\mongoose\lib\model.js:398:7)
        at async maybeTracedSave (E:\AI-Integrated-Car-Parking-Management-System-iPARK-\backend\node_modules\mongoose\lib\model.js:674:7)
        at async sendPrepaidReminders (E:\AI-Integrated-Car-Parking-Management-System-iPARK-\backend\src\services\reminder.service.ts:164:5)
        at async R.Cron.protect (E:\AI-Integrated-Car-Parking-Management-System-iPARK-\backend\src\services\scheduler.service.ts:42:28)
        at async R._trigger (file:///E:/AI-Integrated-Car-Parking-Management-System-iPARK-/node_modules/croner/dist/croner.js:1:16204) {
      properties: [Object],
      kind: 'required',
      path: 'vehicleType',
      value: undefined,
      reason: undefined,
      [Symbol(mongoose#validatorError)]: true
    }
  },
  _message: 'ParkingSession validation failed'
}
[Mail] Sent email to le492381@gmail.com: [iPARK] Nhắc nhở: Xe 18A12345 vẫn đang trong bãi
[Scheduler] Subscription job error: ValidationError: ParkingSession validation failed: vehicleType: Path `vehicleType` is required.
    at model.validate (E:\AI-Integrated-Car-Parking-Management-System-iPARK-\backend\node_modules\mongoose\lib\document.js:2864:36)
    at process.processTicksAndRejections (node:internal/process/task_queues:105:5)
    at async model.$__save (E:\AI-Integrated-Car-Parking-Management-System-iPARK-\backend\node_modules\mongoose\lib\model.js:398:7)
    at async maybeTracedSave (E:\AI-Integrated-Car-Parking-Management-System-iPARK-\backend\node_modules\mongoose\lib\model.js:674:7)
    at async sendPrepaidReminders (E:\AI-Integrated-Car-Parking-Management-System-iPARK-\backend\src\services\reminder.service.ts:164:5)
    at async R.Cron.protect (E:\AI-Integrated-Car-Parking-Management-System-iPARK-\backend\src\services\scheduler.service.ts:42:28)
    at async R._trigger (file:///E:/AI-Integrated-Car-Parking-Management-System-iPARK-/node_modules/croner/dist/croner.js:1:16204) {
  errors: {
    vehicleType: ValidatorError: Path `vehicleType` is required.
        at SchemaString.doValidate (E:\AI-Integrated-Car-Parking-Management-System-iPARK-\backend\node_modules\mongoose\lib\schemaType.js:1515:13)
        at model.validate (E:\AI-Integrated-Car-Parking-Management-System-iPARK-\backend\node_modules\mongoose\lib\document.js:2842:20)
        at process.processTicksAndRejections (node:internal/process/task_queues:105:5)
        at async model.$__save (E:\AI-Integrated-Car-Parking-Management-System-iPARK-\backend\node_modules\mongoose\lib\model.js:398:7)
        at async maybeTracedSave (E:\AI-Integrated-Car-Parking-Management-System-iPARK-\backend\node_modules\mongoose\lib\model.js:674:7)
        at async sendPrepaidReminders (E:\AI-Integrated-Car-Parking-Management-System-iPARK-\backend\src\services\reminder.service.ts:164:5)
        at async R.Cron.protect (E:\AI-Integrated-Car-Parking-Management-System-iPARK-\backend\src\services\scheduler.service.ts:42:28)
        at async R._trigger (file:///E:/AI-Integrated-Car-Parking-Management-System-iPARK-/node_modules/croner/dist/croner.js:1:16204) {
      properties: [Object],
      kind: 'required',
      path: 'vehicleType',
      value: undefined,
      reason: undefined,
      [Symbol(mongoose#validatorError)]: true
    }
  },
  _message: 'ParkingSession validation failed'
}
[Mail] Sent email to le492381@gmail.com: [iPARK] Nhắc nhở: Xe 18A12345 vẫn đang trong bãi
[Scheduler] Subscription job error: ValidationError: ParkingSession validation failed: vehicleType: Path `vehicleType` is required.
    at model.validate (E:\AI-Integrated-Car-Parking-Management-System-iPARK-\backend\node_modules\mongoose\lib\document.js:2864:36)
    at process.processTicksAndRejections (node:internal/process/task_queues:105:5)
    at async model.$__save (E:\AI-Integrated-Car-Parking-Management-System-iPARK-\backend\node_modules\mongoose\lib\model.js:398:7)
    at async maybeTracedSave (E:\AI-Integrated-Car-Parking-Management-System-iPARK-\backend\node_modules\mongoose\lib\model.js:674:7)
    at async sendPrepaidReminders (E:\AI-Integrated-Car-Parking-Management-System-iPARK-\backend\src\services\reminder.service.ts:164:5)
    at async R.Cron.protect (E:\AI-Integrated-Car-Parking-Management-System-iPARK-\backend\src\services\scheduler.service.ts:42:28)
    at async R._trigger (file:///E:/AI-Integrated-Car-Parking-Management-System-iPARK-/node_modules/croner/dist/croner.js:1:16204) {
  errors: {
    vehicleType: ValidatorError: Path `vehicleType` is required.
        at SchemaString.doValidate (E:\AI-Integrated-Car-Parking-Management-System-iPARK-\backend\node_modules\mongoose\lib\schemaType.js:1515:13)
        at model.validate (E:\AI-Integrated-Car-Parking-Management-System-iPARK-\backend\node_modules\mongoose\lib\document.js:2842:20)
        at process.processTicksAndRejections (node:internal/process/task_queues:105:5)
        at async model.$__save (E:\AI-Integrated-Car-Parking-Management-System-iPARK-\backend\node_modules\mongoose\lib\model.js:398:7)
        at async maybeTracedSave (E:\AI-Integrated-Car-Parking-Management-System-iPARK-\backend\node_modules\mongoose\lib\model.js:674:7)
        at async sendPrepaidReminders (E:\AI-Integrated-Car-Parking-Management-System-iPARK-\backend\src\services\reminder.service.ts:164:5)
        at async R.Cron.protect (E:\AI-Integrated-Car-Parking-Management-System-iPARK-\backend\src\services\scheduler.service.ts:42:28)
        at async R._trigger (file:///E:/AI-Integrated-Car-Parking-Management-System-iPARK-/node_modules/croner/dist/croner.js:1:16204) {
      properties: [Object],
      kind: 'required',
      path: 'vehicleType',
      value: undefined,
      reason: undefined,
      [Symbol(mongoose#validatorError)]: true
    }
  },
  _message: 'ParkingSession validation failed'
}
[Mail] Sent email to le492381@gmail.com: [iPARK] Nhắc nhở: Xe 18A12345 vẫn đang trong bãi
[Scheduler] Subscription job error: ValidationError: ParkingSession validation failed: vehicleType: Path `vehicleType` is required.
    at model.validate (E:\AI-Integrated-Car-Parking-Management-System-iPARK-\backend\node_modules\mongoose\lib\document.js:2864:36)
    at process.processTicksAndRejections (node:internal/process/task_queues:105:5)
    at async model.$__save (E:\AI-Integrated-Car-Parking-Management-System-iPARK-\backend\node_modules\mongoose\lib\model.js:398:7)
    at async maybeTracedSave (E:\AI-Integrated-Car-Parking-Management-System-iPARK-\backend\node_modules\mongoose\lib\model.js:674:7)
    at async sendPrepaidReminders (E:\AI-Integrated-Car-Parking-Management-System-iPARK-\backend\src\services\reminder.service.ts:164:5)
    at async R.Cron.protect (E:\AI-Integrated-Car-Parking-Management-System-iPARK-\backend\src\services\scheduler.service.ts:42:28)
    at async R._trigger (file:///E:/AI-Integrated-Car-Parking-Management-System-iPARK-/node_modules/croner/dist/croner.js:1:16204) {
  errors: {
    vehicleType: ValidatorError: Path `vehicleType` is required.
        at SchemaString.doValidate (E:\AI-Integrated-Car-Parking-Management-System-iPARK-\backend\node_modules\mongoose\lib\schemaType.js:1515:13)
        at model.validate (E:\AI-Integrated-Car-Parking-Management-System-iPARK-\backend\node_modules\mongoose\lib\document.js:2842:20)
        at process.processTicksAndRejections (node:internal/process/task_queues:105:5)
        at async model.$__save (E:\AI-Integrated-Car-Parking-Management-System-iPARK-\backend\node_modules\mongoose\lib\model.js:398:7)
        at async maybeTracedSave (E:\AI-Integrated-Car-Parking-Management-System-iPARK-\backend\node_modules\mongoose\lib\model.js:674:7)
        at async sendPrepaidReminders (E:\AI-Integrated-Car-Parking-Management-System-iPARK-\backend\src\services\reminder.service.ts:164:5)
        at async R.Cron.protect (E:\AI-Integrated-Car-Parking-Management-System-iPARK-\backend\src\services\scheduler.service.ts:42:28)
        at async R._trigger (file:///E:/AI-Integrated-Car-Parking-Management-System-iPARK-/node_modules/croner/dist/croner.js:1:16204) {
      properties: [Object],
      kind: 'required',
      path: 'vehicleType',
      value: undefined,
      reason: undefined,
      [Symbol(mongoose#validatorError)]: true
    }
  },
  _message: 'ParkingSession validation failed'
}
[Mail] Sent email to le492381@gmail.com: [iPARK] Nhắc nhở: Xe 18A12345 vẫn đang trong bãi
[Scheduler] Subscription job error: ValidationError: ParkingSession validation failed: vehicleType: Path `vehicleType` is required.
    at model.validate (E:\AI-Integrated-Car-Parking-Management-System-iPARK-\backend\node_modules\mongoose\lib\document.js:2864:36)
    at process.processTicksAndRejections (node:internal/process/task_queues:105:5)
    at async model.$__save (E:\AI-Integrated-Car-Parking-Management-System-iPARK-\backend\node_modules\mongoose\lib\model.js:398:7)
    at async maybeTracedSave (E:\AI-Integrated-Car-Parking-Management-System-iPARK-\backend\node_modules\mongoose\lib\model.js:674:7)
    at async sendPrepaidReminders (E:\AI-Integrated-Car-Parking-Management-System-iPARK-\backend\src\services\reminder.service.ts:164:5)
    at async R.Cron.protect (E:\AI-Integrated-Car-Parking-Management-System-iPARK-\backend\src\services\scheduler.service.ts:42:28)
    at async R._trigger (file:///E:/AI-Integrated-Car-Parking-Management-System-iPARK-/node_modules/croner/dist/croner.js:1:16204) {
  errors: {
    vehicleType: ValidatorError: Path `vehicleType` is required.
        at SchemaString.doValidate (E:\AI-Integrated-Car-Parking-Management-System-iPARK-\backend\node_modules\mongoose\lib\schemaType.js:1515:13)
        at model.validate (E:\AI-Integrated-Car-Parking-Management-System-iPARK-\backend\node_modules\mongoose\lib\document.js:2842:20)
        at process.processTicksAndRejections (node:internal/process/task_queues:105:5)
        at async model.$__save (E:\AI-Integrated-Car-Parking-Management-System-iPARK-\backend\node_modules\mongoose\lib\model.js:398:7)
        at async maybeTracedSave (E:\AI-Integrated-Car-Parking-Management-System-iPARK-\backend\node_modules\mongoose\lib\model.js:674:7)
        at async sendPrepaidReminders (E:\AI-Integrated-Car-Parking-Management-System-iPARK-\backend\src\services\reminder.service.ts:164:5)
        at async R.Cron.protect (E:\AI-Integrated-Car-Parking-Management-System-iPARK-\backend\src\services\scheduler.service.ts:42:28)
        at async R._trigger (file:///E:/AI-Integrated-Car-Parking-Management-System-iPARK-/node_modules/croner/dist/croner.js:1:16204) {
      properties: [Object],
      kind: 'required',
      path: 'vehicleType',
      value: undefined,
      reason: undefined,
      [Symbol(mongoose#validatorError)]: true
    }
  },
  _message: 'ParkingSession validation failed'
}
[Mail] Sent email to le492381@gmail.com: [iPARK] Nhắc nhở: Xe 18A12345 vẫn đang trong bãi
[Scheduler] Subscription job error: ValidationError: ParkingSession validation failed: vehicleType: Path `vehicleType` is required.
    at model.validate (E:\AI-Integrated-Car-Parking-Management-System-iPARK-\backend\node_modules\mongoose\lib\document.js:2864:36)
    at process.processTicksAndRejections (node:internal/process/task_queues:105:5)
    at async model.$__save (E:\AI-Integrated-Car-Parking-Management-System-iPARK-\backend\node_modules\mongoose\lib\model.js:398:7)
    at async maybeTracedSave (E:\AI-Integrated-Car-Parking-Management-System-iPARK-\backend\node_modules\mongoose\lib\model.js:674:7)
    at async sendPrepaidReminders (E:\AI-Integrated-Car-Parking-Management-System-iPARK-\backend\src\services\reminder.service.ts:164:5)
    at async R.Cron.protect (E:\AI-Integrated-Car-Parking-Management-System-iPARK-\backend\src\services\scheduler.service.ts:42:28)
    at async R._trigger (file:///E:/AI-Integrated-Car-Parking-Management-System-iPARK-/node_modules/croner/dist/croner.js:1:16204) {
  errors: {
    vehicleType: ValidatorError: Path `vehicleType` is required.
        at SchemaString.doValidate (E:\AI-Integrated-Car-Parking-Management-System-iPARK-\backend\node_modules\mongoose\lib\schemaType.js:1515:13)
        at model.validate (E:\AI-Integrated-Car-Parking-Management-System-iPARK-\backend\node_modules\mongoose\lib\document.js:2842:20)
        at process.processTicksAndRejections (node:internal/process/task_queues:105:5)
        at async model.$__save (E:\AI-Integrated-Car-Parking-Management-System-iPARK-\backend\node_modules\mongoose\lib\model.js:398:7)
        at async maybeTracedSave (E:\AI-Integrated-Car-Parking-Management-System-iPARK-\backend\node_modules\mongoose\lib\model.js:674:7)
        at async sendPrepaidReminders (E:\AI-Integrated-Car-Parking-Management-System-iPARK-\backend\src\services\reminder.service.ts:164:5)
        at async R.Cron.protect (E:\AI-Integrated-Car-Parking-Management-System-iPARK-\backend\src\services\scheduler.service.ts:42:28)
        at async R._trigger (file:///E:/AI-Integrated-Car-Parking-Management-System-iPARK-/node_modules/croner/dist/croner.js:1:16204) {
      properties: [Object],
      kind: 'required',
      path: 'vehicleType',
      value: undefined,
      reason: undefined,
      [Symbol(mongoose#validatorError)]: true
    }
  },
  _message: 'ParkingSession validation failed'
}
[Mail] Sent email to le492381@gmail.com: [iPARK] Nhắc nhở: Xe 18A12345 vẫn đang trong bãi
[Scheduler] Subscription job error: ValidationError: ParkingSession validation failed: vehicleType: Path `vehicleType` is required.
    at model.validate (E:\AI-Integrated-Car-Parking-Management-System-iPARK-\backend\node_modules\mongoose\lib\document.js:2864:36)
    at process.processTicksAndRejections (node:internal/process/task_queues:105:5)
    at async model.$__save (E:\AI-Integrated-Car-Parking-Management-System-iPARK-\backend\node_modules\mongoose\lib\model.js:398:7)
    at async maybeTracedSave (E:\AI-Integrated-Car-Parking-Management-System-iPARK-\backend\node_modules\mongoose\lib\model.js:674:7)
    at async sendPrepaidReminders (E:\AI-Integrated-Car-Parking-Management-System-iPARK-\backend\src\services\reminder.service.ts:164:5)
    at async R.Cron.protect (E:\AI-Integrated-Car-Parking-Management-System-iPARK-\backend\src\services\scheduler.service.ts:42:28)
    at async R._trigger (file:///E:/AI-Integrated-Car-Parking-Management-System-iPARK-/node_modules/croner/dist/croner.js:1:16204) {
  errors: {
    vehicleType: ValidatorError: Path `vehicleType` is required.
        at SchemaString.doValidate (E:\AI-Integrated-Car-Parking-Management-System-iPARK-\backend\node_modules\mongoose\lib\schemaType.js:1515:13)
        at model.validate (E:\AI-Integrated-Car-Parking-Management-System-iPARK-\backend\node_modules\mongoose\lib\document.js:2842:20)
        at process.processTicksAndRejections (node:internal/process/task_queues:105:5)
        at async model.$__save (E:\AI-Integrated-Car-Parking-Management-System-iPARK-\backend\node_modules\mongoose\lib\model.js:398:7)
        at async maybeTracedSave (E:\AI-Integrated-Car-Parking-Management-System-iPARK-\backend\node_modules\mongoose\lib\model.js:674:7)
        at async sendPrepaidReminders (E:\AI-Integrated-Car-Parking-Management-System-iPARK-\backend\src\services\reminder.service.ts:164:5)
        at async R.Cron.protect (E:\AI-Integrated-Car-Parking-Management-System-iPARK-\backend\src\services\scheduler.service.ts:42:28)
        at async R._trigger (file:///E:/AI-Integrated-Car-Parking-Management-System-iPARK-/node_modules/croner/dist/croner.js:1:16204) {
      properties: [Object],
      kind: 'required',
      path: 'vehicleType',
      value: undefined,
      reason: undefined,
      [Symbol(mongoose#validatorError)]: true
    }
  },
  _message: 'ParkingSession validation failed'
}
[Mail] Sent email to le492381@gmail.com: [iPARK] Nhắc nhở: Xe 18A12345 vẫn đang trong bãi
[Scheduler] Subscription job error: ValidationError: ParkingSession validation failed: vehicleType: Path `vehicleType` is required.
    at model.validate (E:\AI-Integrated-Car-Parking-Management-System-iPARK-\backend\node_modules\mongoose\lib\document.js:2864:36)
    at process.processTicksAndRejections (node:internal/process/task_queues:105:5)
    at async model.$__save (E:\AI-Integrated-Car-Parking-Management-System-iPARK-\backend\node_modules\mongoose\lib\model.js:398:7)
    at async maybeTracedSave (E:\AI-Integrated-Car-Parking-Management-System-iPARK-\backend\node_modules\mongoose\lib\model.js:674:7)
    at async sendPrepaidReminders (E:\AI-Integrated-Car-Parking-Management-System-iPARK-\backend\src\services\reminder.service.ts:164:5)
    at async R.Cron.protect (E:\AI-Integrated-Car-Parking-Management-System-iPARK-\backend\src\services\scheduler.service.ts:42:28)
    at async R._trigger (file:///E:/AI-Integrated-Car-Parking-Management-System-iPARK-/node_modules/croner/dist/croner.js:1:16204) {
  errors: {
    vehicleType: ValidatorError: Path `vehicleType` is required.
        at SchemaString.doValidate (E:\AI-Integrated-Car-Parking-Management-System-iPARK-\backend\node_modules\mongoose\lib\schemaType.js:1515:13)
        at model.validate (E:\AI-Integrated-Car-Parking-Management-System-iPARK-\backend\node_modules\mongoose\lib\document.js:2842:20)
        at process.processTicksAndRejections (node:internal/process/task_queues:105:5)
        at async model.$__save (E:\AI-Integrated-Car-Parking-Management-System-iPARK-\backend\node_modules\mongoose\lib\model.js:398:7)
        at async maybeTracedSave (E:\AI-Integrated-Car-Parking-Management-System-iPARK-\backend\node_modules\mongoose\lib\model.js:674:7)
        at async sendPrepaidReminders (E:\AI-Integrated-Car-Parking-Management-System-iPARK-\backend\src\services\reminder.service.ts:164:5)
        at async R.Cron.protect (E:\AI-Integrated-Car-Parking-Management-System-iPARK-\backend\src\services\scheduler.service.ts:42:28)
        at async R._trigger (file:///E:/AI-Integrated-Car-Parking-Management-System-iPARK-/node_modules/croner/dist/croner.js:1:16204) {
      properties: [Object],
      kind: 'required',
      path: 'vehicleType',
      value: undefined,
      reason: undefined,
      [Symbol(mongoose#validatorError)]: true
    }
  },
  _message: 'ParkingSession validation failed'
}
[Mail] Sent email to le492381@gmail.com: [iPARK] Nhắc nhở: Xe 18A12345 vẫn đang trong bãi
[Scheduler] Subscription job error: ValidationError: ParkingSession validation failed: vehicleType: Path `vehicleType` is required.
    at model.validate (E:\AI-Integrated-Car-Parking-Management-System-iPARK-\backend\node_modules\mongoose\lib\document.js:2864:36)
    at process.processTicksAndRejections (node:internal/process/task_queues:105:5)
    at async model.$__save (E:\AI-Integrated-Car-Parking-Management-System-iPARK-\backend\node_modules\mongoose\lib\model.js:398:7)
    at async maybeTracedSave (E:\AI-Integrated-Car-Parking-Management-System-iPARK-\backend\node_modules\mongoose\lib\model.js:674:7)
    at async sendPrepaidReminders (E:\AI-Integrated-Car-Parking-Management-System-iPARK-\backend\src\services\reminder.service.ts:164:5)
    at async R.Cron.protect (E:\AI-Integrated-Car-Parking-Management-System-iPARK-\backend\src\services\scheduler.service.ts:42:28)
    at async R._trigger (file:///E:/AI-Integrated-Car-Parking-Management-System-iPARK-/node_modules/croner/dist/croner.js:1:16204) {
  errors: {
    vehicleType: ValidatorError: Path `vehicleType` is required.
        at SchemaString.doValidate (E:\AI-Integrated-Car-Parking-Management-System-iPARK-\backend\node_modules\mongoose\lib\schemaType.js:1515:13)
        at model.validate (E:\AI-Integrated-Car-Parking-Management-System-iPARK-\backend\node_modules\mongoose\lib\document.js:2842:20)
        at process.processTicksAndRejections (node:internal/process/task_queues:105:5)
        at async model.$__save (E:\AI-Integrated-Car-Parking-Management-System-iPARK-\backend\node_modules\mongoose\lib\model.js:398:7)
        at async maybeTracedSave (E:\AI-Integrated-Car-Parking-Management-System-iPARK-\backend\node_modules\mongoose\lib\model.js:674:7)
        at async sendPrepaidReminders (E:\AI-Integrated-Car-Parking-Management-System-iPARK-\backend\src\services\reminder.service.ts:164:5)
        at async R.Cron.protect (E:\AI-Integrated-Car-Parking-Management-System-iPARK-\backend\src\services\scheduler.service.ts:42:28)
        at async R._trigger (file:///E:/AI-Integrated-Car-Parking-Management-System-iPARK-/node_modules/croner/dist/croner.js:1:16204) {
      properties: [Object],
      kind: 'required',
      path: 'vehicleType',
      value: undefined,
      reason: undefined,
      [Symbol(mongoose#validatorError)]: true
    }
  },
  _message: 'ParkingSession validation failed'
}
[Mail] Sent email to le492381@gmail.com: [iPARK] Nhắc nhở: Xe 18A12345 vẫn đang trong bãi
[Scheduler] Subscription job error: ValidationError: ParkingSession validation failed: vehicleType: Path `vehicleType` is required.
    at model.validate (E:\AI-Integrated-Car-Parking-Management-System-iPARK-\backend\node_modules\mongoose\lib\document.js:2864:36)
    at process.processTicksAndRejections (node:internal/process/task_queues:105:5)
    at async model.$__save (E:\AI-Integrated-Car-Parking-Management-System-iPARK-\backend\node_modules\mongoose\lib\model.js:398:7)
    at async maybeTracedSave (E:\AI-Integrated-Car-Parking-Management-System-iPARK-\backend\node_modules\mongoose\lib\model.js:674:7)
    at async sendPrepaidReminders (E:\AI-Integrated-Car-Parking-Management-System-iPARK-\backend\src\services\reminder.service.ts:164:5)
    at async R.Cron.protect (E:\AI-Integrated-Car-Parking-Management-System-iPARK-\backend\src\services\scheduler.service.ts:42:28)
    at async R._trigger (file:///E:/AI-Integrated-Car-Parking-Management-System-iPARK-/node_modules/croner/dist/croner.js:1:16204) {
  errors: {
    vehicleType: ValidatorError: Path `vehicleType` is required.
        at SchemaString.doValidate (E:\AI-Integrated-Car-Parking-Management-System-iPARK-\backend\node_modules\mongoose\lib\schemaType.js:1515:13)
        at model.validate (E:\AI-Integrated-Car-Parking-Management-System-iPARK-\backend\node_modules\mongoose\lib\document.js:2842:20)
        at process.processTicksAndRejections (node:internal/process/task_queues:105:5)
        at async model.$__save (E:\AI-Integrated-Car-Parking-Management-System-iPARK-\backend\node_modules\mongoose\lib\model.js:398:7)
        at async maybeTracedSave (E:\AI-Integrated-Car-Parking-Management-System-iPARK-\backend\node_modules\mongoose\lib\model.js:674:7)
        at async sendPrepaidReminders (E:\AI-Integrated-Car-Parking-Management-System-iPARK-\backend\src\services\reminder.service.ts:164:5)
        at async R.Cron.protect (E:\AI-Integrated-Car-Parking-Management-System-iPARK-\backend\src\services\scheduler.service.ts:42:28)
        at async R._trigger (file:///E:/AI-Integrated-Car-Parking-Management-System-iPARK-/node_modules/croner/dist/croner.js:1:16204) {
      properties: [Object],
      kind: 'required',
      path: 'vehicleType',
      value: undefined,
      reason: undefined,
      [Symbol(mongoose#validatorError)]: true
    }
  },
  _message: 'ParkingSession validation failed'
}
[Mail] Sent email to le492381@gmail.com: [iPARK] Nhắc nhở: Xe 18A12345 vẫn đang trong bãi
[Scheduler] Subscription job error: ValidationError: ParkingSession validation failed: vehicleType: Path `vehicleType` is required.
    at model.validate (E:\AI-Integrated-Car-Parking-Management-System-iPARK-\backend\node_modules\mongoose\lib\document.js:2864:36)
    at process.processTicksAndRejections (node:internal/process/task_queues:105:5)
    at async model.$__save (E:\AI-Integrated-Car-Parking-Management-System-iPARK-\backend\node_modules\mongoose\lib\model.js:398:7)
    at async maybeTracedSave (E:\AI-Integrated-Car-Parking-Management-System-iPARK-\backend\node_modules\mongoose\lib\model.js:674:7)
    at async sendPrepaidReminders (E:\AI-Integrated-Car-Parking-Management-System-iPARK-\backend\src\services\reminder.service.ts:164:5)
    at async R.Cron.protect (E:\AI-Integrated-Car-Parking-Management-System-iPARK-\backend\src\services\scheduler.service.ts:42:28)
    at async R._trigger (file:///E:/AI-Integrated-Car-Parking-Management-System-iPARK-/node_modules/croner/dist/croner.js:1:16204) {
  errors: {
    vehicleType: ValidatorError: Path `vehicleType` is required.
        at SchemaString.doValidate (E:\AI-Integrated-Car-Parking-Management-System-iPARK-\backend\node_modules\mongoose\lib\schemaType.js:1515:13)
        at model.validate (E:\AI-Integrated-Car-Parking-Management-System-iPARK-\backend\node_modules\mongoose\lib\document.js:2842:20)
        at process.processTicksAndRejections (node:internal/process/task_queues:105:5)
        at async model.$__save (E:\AI-Integrated-Car-Parking-Management-System-iPARK-\backend\node_modules\mongoose\lib\model.js:398:7)
        at async maybeTracedSave (E:\AI-Integrated-Car-Parking-Management-System-iPARK-\backend\node_modules\mongoose\lib\model.js:674:7)
        at async sendPrepaidReminders (E:\AI-Integrated-Car-Parking-Management-System-iPARK-\backend\src\services\reminder.service.ts:164:5)
        at async R.Cron.protect (E:\AI-Integrated-Car-Parking-Management-System-iPARK-\backend\src\services\scheduler.service.ts:42:28)
        at async R._trigger (file:///E:/AI-Integrated-Car-Parking-Management-System-iPARK-/node_modules/croner/dist/croner.js:1:16204) {
      properties: [Object],
      kind: 'required',
      path: 'vehicleType',
      value: undefined,
      reason: undefined,
      [Symbol(mongoose#validatorError)]: true
    }
  },
  _message: 'ParkingSession validation failed'
}
[Mail] Sent email to le492381@gmail.com: [iPARK] Nhắc nhở: Xe 18A12345 vẫn đang trong bãi
[Scheduler] Subscription job error: ValidationError: ParkingSession validation failed: vehicleType: Path `vehicleType` is required.
    at model.validate (E:\AI-Integrated-Car-Parking-Management-System-iPARK-\backend\node_modules\mongoose\lib\document.js:2864:36)
    at process.processTicksAndRejections (node:internal/process/task_queues:105:5)
    at async model.$__save (E:\AI-Integrated-Car-Parking-Management-System-iPARK-\backend\node_modules\mongoose\lib\model.js:398:7)
    at async maybeTracedSave (E:\AI-Integrated-Car-Parking-Management-System-iPARK-\backend\node_modules\mongoose\lib\model.js:674:7)
    at async sendPrepaidReminders (E:\AI-Integrated-Car-Parking-Management-System-iPARK-\backend\src\services\reminder.service.ts:164:5)
    at async R.Cron.protect (E:\AI-Integrated-Car-Parking-Management-System-iPARK-\backend\src\services\scheduler.service.ts:42:28)
    at async R._trigger (file:///E:/AI-Integrated-Car-Parking-Management-System-iPARK-/node_modules/croner/dist/croner.js:1:16204) {
  errors: {
    vehicleType: ValidatorError: Path `vehicleType` is required.
        at SchemaString.doValidate (E:\AI-Integrated-Car-Parking-Management-System-iPARK-\backend\node_modules\mongoose\lib\schemaType.js:1515:13)
        at model.validate (E:\AI-Integrated-Car-Parking-Management-System-iPARK-\backend\node_modules\mongoose\lib\document.js:2842:20)
        at process.processTicksAndRejections (node:internal/process/task_queues:105:5)
        at async model.$__save (E:\AI-Integrated-Car-Parking-Management-System-iPARK-\backend\node_modules\mongoose\lib\model.js:398:7)
        at async maybeTracedSave (E:\AI-Integrated-Car-Parking-Management-System-iPARK-\backend\node_modules\mongoose\lib\model.js:674:7)
        at async sendPrepaidReminders (E:\AI-Integrated-Car-Parking-Management-System-iPARK-\backend\src\services\reminder.service.ts:164:5)
        at async R.Cron.protect (E:\AI-Integrated-Car-Parking-Management-System-iPARK-\backend\src\services\scheduler.service.ts:42:28)
        at async R._trigger (file:///E:/AI-Integrated-Car-Parking-Management-System-iPARK-/node_modules/croner/dist/croner.js:1:16204) {
      properties: [Object],
      kind: 'required',
      path: 'vehicleType',
      value: undefined,
      reason: undefined,
      [Symbol(mongoose#validatorError)]: true
    }
  },
  _message: 'ParkingSession validation failed'
}
[Mail] Sent email to le492381@gmail.com: [iPARK] Nhắc nhở: Xe 18A12345 vẫn đang trong bãi
[Scheduler] Subscription job error: ValidationError: ParkingSession validation failed: vehicleType: Path `vehicleType` is required.
    at model.validate (E:\AI-Integrated-Car-Parking-Management-System-iPARK-\backend\node_modules\mongoose\lib\document.js:2864:36)
    at process.processTicksAndRejections (node:internal/process/task_queues:105:5)
    at async model.$__save (E:\AI-Integrated-Car-Parking-Management-System-iPARK-\backend\node_modules\mongoose\lib\model.js:398:7)
    at async maybeTracedSave (E:\AI-Integrated-Car-Parking-Management-System-iPARK-\backend\node_modules\mongoose\lib\model.js:674:7)
    at async sendPrepaidReminders (E:\AI-Integrated-Car-Parking-Management-System-iPARK-\backend\src\services\reminder.service.ts:164:5)
    at async R.Cron.protect (E:\AI-Integrated-Car-Parking-Management-System-iPARK-\backend\src\services\scheduler.service.ts:42:28)
    at async R._trigger (file:///E:/AI-Integrated-Car-Parking-Management-System-iPARK-/node_modules/croner/dist/croner.js:1:16204) {
  errors: {
    vehicleType: ValidatorError: Path `vehicleType` is required.
        at SchemaString.doValidate (E:\AI-Integrated-Car-Parking-Management-System-iPARK-\backend\node_modules\mongoose\lib\schemaType.js:1515:13)
        at model.validate (E:\AI-Integrated-Car-Parking-Management-System-iPARK-\backend\node_modules\mongoose\lib\document.js:2842:20)
        at process.processTicksAndRejections (node:internal/process/task_queues:105:5)
        at async model.$__save (E:\AI-Integrated-Car-Parking-Management-System-iPARK-\backend\node_modules\mongoose\lib\model.js:398:7)
        at async maybeTracedSave (E:\AI-Integrated-Car-Parking-Management-System-iPARK-\backend\node_modules\mongoose\lib\model.js:674:7)
        at async sendPrepaidReminders (E:\AI-Integrated-Car-Parking-Management-System-iPARK-\backend\src\services\reminder.service.ts:164:5)
        at async R.Cron.protect (E:\AI-Integrated-Car-Parking-Management-System-iPARK-\backend\src\services\scheduler.service.ts:42:28)
        at async R._trigger (file:///E:/AI-Integrated-Car-Parking-Management-System-iPARK-/node_modules/croner/dist/croner.js:1:16204) {
      properties: [Object],
      kind: 'required',
      path: 'vehicleType',
      value: undefined,
      reason: undefined,
      [Symbol(mongoose#validatorError)]: true
    }
  },
  _message: 'ParkingSession validation failed'
}
[Mail] Sent email to le492381@gmail.com: [iPARK] Nhắc nhở: Xe 18A12345 vẫn đang trong bãi
[Scheduler] Subscription job error: ValidationError: ParkingSession validation failed: vehicleType: Path `vehicleType` is required.
    at model.validate (E:\AI-Integrated-Car-Parking-Management-System-iPARK-\backend\node_modules\mongoose\lib\document.js:2864:36)
    at process.processTicksAndRejections (node:internal/process/task_queues:105:5)
    at async model.$__save (E:\AI-Integrated-Car-Parking-Management-System-iPARK-\backend\node_modules\mongoose\lib\model.js:398:7)
    at async maybeTracedSave (E:\AI-Integrated-Car-Parking-Management-System-iPARK-\backend\node_modules\mongoose\lib\model.js:674:7)
    at async sendPrepaidReminders (E:\AI-Integrated-Car-Parking-Management-System-iPARK-\backend\src\services\reminder.service.ts:164:5)
    at async R.Cron.protect (E:\AI-Integrated-Car-Parking-Management-System-iPARK-\backend\src\services\scheduler.service.ts:42:28)
    at async R._trigger (file:///E:/AI-Integrated-Car-Parking-Management-System-iPARK-/node_modules/croner/dist/croner.js:1:16204) {
  errors: {
    vehicleType: ValidatorError: Path `vehicleType` is required.
        at SchemaString.doValidate (E:\AI-Integrated-Car-Parking-Management-System-iPARK-\backend\node_modules\mongoose\lib\schemaType.js:1515:13)
        at model.validate (E:\AI-Integrated-Car-Parking-Management-System-iPARK-\backend\node_modules\mongoose\lib\document.js:2842:20)
        at process.processTicksAndRejections (node:internal/process/task_queues:105:5)
        at async model.$__save (E:\AI-Integrated-Car-Parking-Management-System-iPARK-\backend\node_modules\mongoose\lib\model.js:398:7)
        at async maybeTracedSave (E:\AI-Integrated-Car-Parking-Management-System-iPARK-\backend\node_modules\mongoose\lib\model.js:674:7)
        at async sendPrepaidReminders (E:\AI-Integrated-Car-Parking-Management-System-iPARK-\backend\src\services\reminder.service.ts:164:5)
        at async R.Cron.protect (E:\AI-Integrated-Car-Parking-Management-System-iPARK-\backend\src\services\scheduler.service.ts:42:28)
        at async R._trigger (file:///E:/AI-Integrated-Car-Parking-Management-System-iPARK-/node_modules/croner/dist/croner.js:1:16204) {
      properties: [Object],
      kind: 'required',
      path: 'vehicleType',
      value: undefined,
      reason: undefined,
      [Symbol(mongoose#validatorError)]: true
    }
  },
  _message: 'ParkingSession validation failed'
}
[Mail] Sent email to le492381@gmail.com: [iPARK] Nhắc nhở: Xe 18A12345 vẫn đang trong bãi
[Scheduler] Subscription job error: ValidationError: ParkingSession validation failed: vehicleType: Path `vehicleType` is required.
    at model.validate (E:\AI-Integrated-Car-Parking-Management-System-iPARK-\backend\node_modules\mongoose\lib\document.js:2864:36)
    at process.processTicksAndRejections (node:internal/process/task_queues:105:5)
    at async model.$__save (E:\AI-Integrated-Car-Parking-Management-System-iPARK-\backend\node_modules\mongoose\lib\model.js:398:7)
    at async maybeTracedSave (E:\AI-Integrated-Car-Parking-Management-System-iPARK-\backend\node_modules\mongoose\lib\model.js:674:7)
    at async sendPrepaidReminders (E:\AI-Integrated-Car-Parking-Management-System-iPARK-\backend\src\services\reminder.service.ts:164:5)
    at async R.Cron.protect (E:\AI-Integrated-Car-Parking-Management-System-iPARK-\backend\src\services\scheduler.service.ts:42:28)
    at async R._trigger (file:///E:/AI-Integrated-Car-Parking-Management-System-iPARK-/node_modules/croner/dist/croner.js:1:16204) {
  errors: {
    vehicleType: ValidatorError: Path `vehicleType` is required.
        at SchemaString.doValidate (E:\AI-Integrated-Car-Parking-Management-System-iPARK-\backend\node_modules\mongoose\lib\schemaType.js:1515:13)
        at model.validate (E:\AI-Integrated-Car-Parking-Management-System-iPARK-\backend\node_modules\mongoose\lib\document.js:2842:20)
        at process.processTicksAndRejections (node:internal/process/task_queues:105:5)
        at async model.$__save (E:\AI-Integrated-Car-Parking-Management-System-iPARK-\backend\node_modules\mongoose\lib\model.js:398:7)
        at async maybeTracedSave (E:\AI-Integrated-Car-Parking-Management-System-iPARK-\backend\node_modules\mongoose\lib\model.js:674:7)
        at async sendPrepaidReminders (E:\AI-Integrated-Car-Parking-Management-System-iPARK-\backend\src\services\reminder.service.ts:164:5)
        at async R.Cron.protect (E:\AI-Integrated-Car-Parking-Management-System-iPARK-\backend\src\services\scheduler.service.ts:42:28)
        at async R._trigger (file:///E:/AI-Integrated-Car-Parking-Management-System-iPARK-/node_modules/croner/dist/croner.js:1:16204) {
      properties: [Object],
      kind: 'required',
      path: 'vehicleType',
      value: undefined,
      reason: undefined,
      [Symbol(mongoose#validatorError)]: true
    }
  },
  _message: 'ParkingSession validation failed'
}
[Mail] Sent email to le492381@gmail.com: [iPARK] Nhắc nhở: Xe 18A12345 vẫn đang trong bãi
[Scheduler] Subscription job error: ValidationError: ParkingSession validation failed: vehicleType: Path `vehicleType` is required.
    at model.validate (E:\AI-Integrated-Car-Parking-Management-System-iPARK-\backend\node_modules\mongoose\lib\document.js:2864:36)
    at process.processTicksAndRejections (node:internal/process/task_queues:105:5)
    at async model.$__save (E:\AI-Integrated-Car-Parking-Management-System-iPARK-\backend\node_modules\mongoose\lib\model.js:398:7)
    at async maybeTracedSave (E:\AI-Integrated-Car-Parking-Management-System-iPARK-\backend\node_modules\mongoose\lib\model.js:674:7)
    at async sendPrepaidReminders (E:\AI-Integrated-Car-Parking-Management-System-iPARK-\backend\src\services\reminder.service.ts:164:5)
    at async R.Cron.protect (E:\AI-Integrated-Car-Parking-Management-System-iPARK-\backend\src\services\scheduler.service.ts:42:28)
    at async R._trigger (file:///E:/AI-Integrated-Car-Parking-Management-System-iPARK-/node_modules/croner/dist/croner.js:1:16204) {
  errors: {
    vehicleType: ValidatorError: Path `vehicleType` is required.
        at SchemaString.doValidate (E:\AI-Integrated-Car-Parking-Management-System-iPARK-\backend\node_modules\mongoose\lib\schemaType.js:1515:13)
        at model.validate (E:\AI-Integrated-Car-Parking-Management-System-iPARK-\backend\node_modules\mongoose\lib\document.js:2842:20)
        at process.processTicksAndRejections (node:internal/process/task_queues:105:5)
        at async model.$__save (E:\AI-Integrated-Car-Parking-Management-System-iPARK-\backend\node_modules\mongoose\lib\model.js:398:7)
        at async maybeTracedSave (E:\AI-Integrated-Car-Parking-Management-System-iPARK-\backend\node_modules\mongoose\lib\model.js:674:7)
        at async sendPrepaidReminders (E:\AI-Integrated-Car-Parking-Management-System-iPARK-\backend\src\services\reminder.service.ts:164:5)
        at async R.Cron.protect (E:\AI-Integrated-Car-Parking-Management-System-iPARK-\backend\src\services\scheduler.service.ts:42:28)
        at async R._trigger (file:///E:/AI-Integrated-Car-Parking-Management-System-iPARK-/node_modules/croner/dist/croner.js:1:16204) {
      properties: [Object],
      kind: 'required',
      path: 'vehicleType',
      value: undefined,
      reason: undefined,
      [Symbol(mongoose#validatorError)]: true
    }
  },
  _message: 'ParkingSession validation failed'
}
[Mail] Sent email to le492381@gmail.com: [iPARK] Nhắc nhở: Xe 18A12345 vẫn đang trong bãi
[Scheduler] Subscription job error: ValidationError: ParkingSession validation failed: vehicleType: Path `vehicleType` is required.
    at model.validate (E:\AI-Integrated-Car-Parking-Management-System-iPARK-\backend\node_modules\mongoose\lib\document.js:2864:36)
    at process.processTicksAndRejections (node:internal/process/task_queues:105:5)
    at async model.$__save (E:\AI-Integrated-Car-Parking-Management-System-iPARK-\backend\node_modules\mongoose\lib\model.js:398:7)
    at async maybeTracedSave (E:\AI-Integrated-Car-Parking-Management-System-iPARK-\backend\node_modules\mongoose\lib\model.js:674:7)
    at async sendPrepaidReminders (E:\AI-Integrated-Car-Parking-Management-System-iPARK-\backend\src\services\reminder.service.ts:164:5)
    at async R.Cron.protect (E:\AI-Integrated-Car-Parking-Management-System-iPARK-\backend\src\services\scheduler.service.ts:42:28)
    at async R._trigger (file:///E:/AI-Integrated-Car-Parking-Management-System-iPARK-/node_modules/croner/dist/croner.js:1:16204) {
  errors: {
    vehicleType: ValidatorError: Path `vehicleType` is required.
        at SchemaString.doValidate (E:\AI-Integrated-Car-Parking-Management-System-iPARK-\backend\node_modules\mongoose\lib\schemaType.js:1515:13)
        at model.validate (E:\AI-Integrated-Car-Parking-Management-System-iPARK-\backend\node_modules\mongoose\lib\document.js:2842:20)
        at process.processTicksAndRejections (node:internal/process/task_queues:105:5)
        at async model.$__save (E:\AI-Integrated-Car-Parking-Management-System-iPARK-\backend\node_modules\mongoose\lib\model.js:398:7)
        at async maybeTracedSave (E:\AI-Integrated-Car-Parking-Management-System-iPARK-\backend\node_modules\mongoose\lib\model.js:674:7)
        at async sendPrepaidReminders (E:\AI-Integrated-Car-Parking-Management-System-iPARK-\backend\src\services\reminder.service.ts:164:5)
        at async R.Cron.protect (E:\AI-Integrated-Car-Parking-Management-System-iPARK-\backend\src\services\scheduler.service.ts:42:28)
        at async R._trigger (file:///E:/AI-Integrated-Car-Parking-Management-System-iPARK-/node_modules/croner/dist/croner.js:1:16204) {
      properties: [Object],
      kind: 'required',
      path: 'vehicleType',
      value: undefined,
      reason: undefined,
      [Symbol(mongoose#validatorError)]: true
    }
  },
  _message: 'ParkingSession validation failed'
}
[Mail] Sent email to le492381@gmail.com: [iPARK] Nhắc nhở: Xe 18A12345 vẫn đang trong bãi
[Scheduler] Subscription job error: ValidationError: ParkingSession validation failed: vehicleType: Path `vehicleType` is required.
    at model.validate (E:\AI-Integrated-Car-Parking-Management-System-iPARK-\backend\node_modules\mongoose\lib\document.js:2864:36)
    at process.processTicksAndRejections (node:internal/process/task_queues:105:5)
    at async model.$__save (E:\AI-Integrated-Car-Parking-Management-System-iPARK-\backend\node_modules\mongoose\lib\model.js:398:7)
    at async maybeTracedSave (E:\AI-Integrated-Car-Parking-Management-System-iPARK-\backend\node_modules\mongoose\lib\model.js:674:7)
    at async sendPrepaidReminders (E:\AI-Integrated-Car-Parking-Management-System-iPARK-\backend\src\services\reminder.service.ts:164:5)
    at async R.Cron.protect (E:\AI-Integrated-Car-Parking-Management-System-iPARK-\backend\src\services\scheduler.service.ts:42:28)
    at async R._trigger (file:///E:/AI-Integrated-Car-Parking-Management-System-iPARK-/node_modules/croner/dist/croner.js:1:16204) {
  errors: {
    vehicleType: ValidatorError: Path `vehicleType` is required.
        at SchemaString.doValidate (E:\AI-Integrated-Car-Parking-Management-System-iPARK-\backend\node_modules\mongoose\lib\schemaType.js:1515:13)
        at model.validate (E:\AI-Integrated-Car-Parking-Management-System-iPARK-\backend\node_modules\mongoose\lib\document.js:2842:20)
        at process.processTicksAndRejections (node:internal/process/task_queues:105:5)
        at async model.$__save (E:\AI-Integrated-Car-Parking-Management-System-iPARK-\backend\node_modules\mongoose\lib\model.js:398:7)
        at async maybeTracedSave (E:\AI-Integrated-Car-Parking-Management-System-iPARK-\backend\node_modules\mongoose\lib\model.js:674:7)
        at async sendPrepaidReminders (E:\AI-Integrated-Car-Parking-Management-System-iPARK-\backend\src\services\reminder.service.ts:164:5)
        at async R.Cron.protect (E:\AI-Integrated-Car-Parking-Management-System-iPARK-\backend\src\services\scheduler.service.ts:42:28)
        at async R._trigger (file:///E:/AI-Integrated-Car-Parking-Management-System-iPARK-/node_modules/croner/dist/croner.js:1:16204) {
      properties: [Object],
      kind: 'required',
      path: 'vehicleType',
      value: undefined,
      reason: undefined,
      [Symbol(mongoose#validatorError)]: true
    }
  },
  _message: 'ParkingSession validation failed'
}
[Mail] Sent email to le492381@gmail.com: [iPARK] Nhắc nhở: Xe 18A12345 vẫn đang trong bãi
[Scheduler] Subscription job error: ValidationError: ParkingSession validation failed: vehicleType: Path `vehicleType` is required.
    at model.validate (E:\AI-Integrated-Car-Parking-Management-System-iPARK-\backend\node_modules\mongoose\lib\document.js:2864:36)
    at process.processTicksAndRejections (node:internal/process/task_queues:105:5)
    at async model.$__save (E:\AI-Integrated-Car-Parking-Management-System-iPARK-\backend\node_modules\mongoose\lib\model.js:398:7)
    at async maybeTracedSave (E:\AI-Integrated-Car-Parking-Management-System-iPARK-\backend\node_modules\mongoose\lib\model.js:674:7)
    at async sendPrepaidReminders (E:\AI-Integrated-Car-Parking-Management-System-iPARK-\backend\src\services\reminder.service.ts:164:5)
    at async R.Cron.protect (E:\AI-Integrated-Car-Parking-Management-System-iPARK-\backend\src\services\scheduler.service.ts:42:28)
    at async R._trigger (file:///E:/AI-Integrated-Car-Parking-Management-System-iPARK-/node_modules/croner/dist/croner.js:1:16204) {
  errors: {
    vehicleType: ValidatorError: Path `vehicleType` is required.
        at SchemaString.doValidate (E:\AI-Integrated-Car-Parking-Management-System-iPARK-\backend\node_modules\mongoose\lib\schemaType.js:1515:13)
        at model.validate (E:\AI-Integrated-Car-Parking-Management-System-iPARK-\backend\node_modules\mongoose\lib\document.js:2842:20)
        at process.processTicksAndRejections (node:internal/process/task_queues:105:5)
        at async model.$__save (E:\AI-Integrated-Car-Parking-Management-System-iPARK-\backend\node_modules\mongoose\lib\model.js:398:7)
        at async maybeTracedSave (E:\AI-Integrated-Car-Parking-Management-System-iPARK-\backend\node_modules\mongoose\lib\model.js:674:7)
        at async sendPrepaidReminders (E:\AI-Integrated-Car-Parking-Management-System-iPARK-\backend\src\services\reminder.service.ts:164:5)
        at async R.Cron.protect (E:\AI-Integrated-Car-Parking-Management-System-iPARK-\backend\src\services\scheduler.service.ts:42:28)
        at async R._trigger (file:///E:/AI-Integrated-Car-Parking-Management-System-iPARK-/node_modules/croner/dist/croner.js:1:16204) {
      properties: [Object],
      kind: 'required',
      path: 'vehicleType',
      value: undefined,
      reason: undefined,
      [Symbol(mongoose#validatorError)]: true
    }
  },
  _message: 'ParkingSession validation failed'
}
[Mail] Sent email to le492381@gmail.com: [iPARK] Nhắc nhở: Xe 18A12345 vẫn đang trong bãi
[Scheduler] Subscription job error: ValidationError: ParkingSession validation failed: vehicleType: Path `vehicleType` is required.
    at model.validate (E:\AI-Integrated-Car-Parking-Management-System-iPARK-\backend\node_modules\mongoose\lib\document.js:2864:36)
    at process.processTicksAndRejections (node:internal/process/task_queues:105:5)
    at async model.$__save (E:\AI-Integrated-Car-Parking-Management-System-iPARK-\backend\node_modules\mongoose\lib\model.js:398:7)
    at async maybeTracedSave (E:\AI-Integrated-Car-Parking-Management-System-iPARK-\backend\node_modules\mongoose\lib\model.js:674:7)
    at async sendPrepaidReminders (E:\AI-Integrated-Car-Parking-Management-System-iPARK-\backend\src\services\reminder.service.ts:164:5)
    at async R.Cron.protect (E:\AI-Integrated-Car-Parking-Management-System-iPARK-\backend\src\services\scheduler.service.ts:42:28)
    at async R._trigger (file:///E:/AI-Integrated-Car-Parking-Management-System-iPARK-/node_modules/croner/dist/croner.js:1:16204) {
  errors: {
    vehicleType: ValidatorError: Path `vehicleType` is required.
        at SchemaString.doValidate (E:\AI-Integrated-Car-Parking-Management-System-iPARK-\backend\node_modules\mongoose\lib\schemaType.js:1515:13)
        at model.validate (E:\AI-Integrated-Car-Parking-Management-System-iPARK-\backend\node_modules\mongoose\lib\document.js:2842:20)
        at process.processTicksAndRejections (node:internal/process/task_queues:105:5)
        at async model.$__save (E:\AI-Integrated-Car-Parking-Management-System-iPARK-\backend\node_modules\mongoose\lib\model.js:398:7)
        at async maybeTracedSave (E:\AI-Integrated-Car-Parking-Management-System-iPARK-\backend\node_modules\mongoose\lib\model.js:674:7)
        at async sendPrepaidReminders (E:\AI-Integrated-Car-Parking-Management-System-iPARK-\backend\src\services\reminder.service.ts:164:5)
        at async R.Cron.protect (E:\AI-Integrated-Car-Parking-Management-System-iPARK-\backend\src\services\scheduler.service.ts:42:28)
        at async R._trigger (file:///E:/AI-Integrated-Car-Parking-Management-System-iPARK-/node_modules/croner/dist/croner.js:1:16204) {
      properties: [Object],
      kind: 'required',
      path: 'vehicleType',
      value: undefined,
      reason: undefined,
      [Symbol(mongoose#validatorError)]: true
    }
  },
  _message: 'ParkingSession validation failed'
}
[Mail] Sent email to le492381@gmail.com: [iPARK] Nhắc nhở: Xe 18A12345 vẫn đang trong bãi
[Scheduler] Subscription job error: ValidationError: ParkingSession validation failed: vehicleType: Path `vehicleType` is required.
    at model.validate (E:\AI-Integrated-Car-Parking-Management-System-iPARK-\backend\node_modules\mongoose\lib\document.js:2864:36)
    at process.processTicksAndRejections (node:internal/process/task_queues:105:5)
    at async model.$__save (E:\AI-Integrated-Car-Parking-Management-System-iPARK-\backend\node_modules\mongoose\lib\model.js:398:7)
    at async maybeTracedSave (E:\AI-Integrated-Car-Parking-Management-System-iPARK-\backend\node_modules\mongoose\lib\model.js:674:7)
    at async sendPrepaidReminders (E:\AI-Integrated-Car-Parking-Management-System-iPARK-\backend\src\services\reminder.service.ts:164:5)
    at async R.Cron.protect (E:\AI-Integrated-Car-Parking-Management-System-iPARK-\backend\src\services\scheduler.service.ts:42:28)
    at async R._trigger (file:///E:/AI-Integrated-Car-Parking-Management-System-iPARK-/node_modules/croner/dist/croner.js:1:16204) {
  errors: {
    vehicleType: ValidatorError: Path `vehicleType` is required.
        at SchemaString.doValidate (E:\AI-Integrated-Car-Parking-Management-System-iPARK-\backend\node_modules\mongoose\lib\schemaType.js:1515:13)
        at model.validate (E:\AI-Integrated-Car-Parking-Management-System-iPARK-\backend\node_modules\mongoose\lib\document.js:2842:20)
        at process.processTicksAndRejections (node:internal/process/task_queues:105:5)
        at async model.$__save (E:\AI-Integrated-Car-Parking-Management-System-iPARK-\backend\node_modules\mongoose\lib\model.js:398:7)
        at async maybeTracedSave (E:\AI-Integrated-Car-Parking-Management-System-iPARK-\backend\node_modules\mongoose\lib\model.js:674:7)
        at async sendPrepaidReminders (E:\AI-Integrated-Car-Parking-Management-System-iPARK-\backend\src\services\reminder.service.ts:164:5)
        at async R.Cron.protect (E:\AI-Integrated-Car-Parking-Management-System-iPARK-\backend\src\services\scheduler.service.ts:42:28)
        at async R._trigger (file:///E:/AI-Integrated-Car-Parking-Management-System-iPARK-/node_modules/croner/dist/croner.js:1:16204) {
      properties: [Object],
      kind: 'required',
      path: 'vehicleType',
      value: undefined,
      reason: undefined,
      [Symbol(mongoose#validatorError)]: true
    }
  },
  _message: 'ParkingSession validation failed'
}
[Mail] Sent email to le492381@gmail.com: [iPARK] Nhắc nhở: Xe 18A12345 vẫn đang trong bãi
[Scheduler] Subscription job error: ValidationError: ParkingSession validation failed: vehicleType: Path `vehicleType` is required.
    at model.validate (E:\AI-Integrated-Car-Parking-Management-System-iPARK-\backend\node_modules\mongoose\lib\document.js:2864:36)
    at process.processTicksAndRejections (node:internal/process/task_queues:105:5)
    at async model.$__save (E:\AI-Integrated-Car-Parking-Management-System-iPARK-\backend\node_modules\mongoose\lib\model.js:398:7)
    at async maybeTracedSave (E:\AI-Integrated-Car-Parking-Management-System-iPARK-\backend\node_modules\mongoose\lib\model.js:674:7)
    at async sendPrepaidReminders (E:\AI-Integrated-Car-Parking-Management-System-iPARK-\backend\src\services\reminder.service.ts:164:5)
    at async R.Cron.protect (E:\AI-Integrated-Car-Parking-Management-System-iPARK-\backend\src\services\scheduler.service.ts:42:28)
    at async R._trigger (file:///E:/AI-Integrated-Car-Parking-Management-System-iPARK-/node_modules/croner/dist/croner.js:1:16204) {
  errors: {
    vehicleType: ValidatorError: Path `vehicleType` is required.
        at SchemaString.doValidate (E:\AI-Integrated-Car-Parking-Management-System-iPARK-\backend\node_modules\mongoose\lib\schemaType.js:1515:13)
        at model.validate (E:\AI-Integrated-Car-Parking-Management-System-iPARK-\backend\node_modules\mongoose\lib\document.js:2842:20)
        at process.processTicksAndRejections (node:internal/process/task_queues:105:5)
        at async model.$__save (E:\AI-Integrated-Car-Parking-Management-System-iPARK-\backend\node_modules\mongoose\lib\model.js:398:7)
        at async maybeTracedSave (E:\AI-Integrated-Car-Parking-Management-System-iPARK-\backend\node_modules\mongoose\lib\model.js:674:7)
        at async sendPrepaidReminders (E:\AI-Integrated-Car-Parking-Management-System-iPARK-\backend\src\services\reminder.service.ts:164:5)
        at async R.Cron.protect (E:\AI-Integrated-Car-Parking-Management-System-iPARK-\backend\src\services\scheduler.service.ts:42:28)
        at async R._trigger (file:///E:/AI-Integrated-Car-Parking-Management-System-iPARK-/node_modules/croner/dist/croner.js:1:16204) {
      properties: [Object],
      kind: 'required',
      path: 'vehicleType',
      value: undefined,
      reason: undefined,
      [Symbol(mongoose#validatorError)]: true
    }
  },
  _message: 'ParkingSession validation failed'
}
[Mail] Sent email to le492381@gmail.com: [iPARK] Nhắc nhở: Xe 18A12345 vẫn đang trong bãi
[Scheduler] Subscription job error: ValidationError: ParkingSession validation failed: vehicleType: Path `vehicleType` is required.
    at model.validate (E:\AI-Integrated-Car-Parking-Management-System-iPARK-\backend\node_modules\mongoose\lib\document.js:2864:36)
    at process.processTicksAndRejections (node:internal/process/task_queues:105:5)
    at async model.$__save (E:\AI-Integrated-Car-Parking-Management-System-iPARK-\backend\node_modules\mongoose\lib\model.js:398:7)
    at async maybeTracedSave (E:\AI-Integrated-Car-Parking-Management-System-iPARK-\backend\node_modules\mongoose\lib\model.js:674:7)
    at async sendPrepaidReminders (E:\AI-Integrated-Car-Parking-Management-System-iPARK-\backend\src\services\reminder.service.ts:164:5)
    at async R.Cron.protect (E:\AI-Integrated-Car-Parking-Management-System-iPARK-\backend\src\services\scheduler.service.ts:42:28)
    at async R._trigger (file:///E:/AI-Integrated-Car-Parking-Management-System-iPARK-/node_modules/croner/dist/croner.js:1:16204) {
  errors: {
    vehicleType: ValidatorError: Path `vehicleType` is required.
        at SchemaString.doValidate (E:\AI-Integrated-Car-Parking-Management-System-iPARK-\backend\node_modules\mongoose\lib\schemaType.js:1515:13)
        at model.validate (E:\AI-Integrated-Car-Parking-Management-System-iPARK-\backend\node_modules\mongoose\lib\document.js:2842:20)
        at process.processTicksAndRejections (node:internal/process/task_queues:105:5)
        at async model.$__save (E:\AI-Integrated-Car-Parking-Management-System-iPARK-\backend\node_modules\mongoose\lib\model.js:398:7)
        at async maybeTracedSave (E:\AI-Integrated-Car-Parking-Management-System-iPARK-\backend\node_modules\mongoose\lib\model.js:674:7)
        at async sendPrepaidReminders (E:\AI-Integrated-Car-Parking-Management-System-iPARK-\backend\src\services\reminder.service.ts:164:5)
        at async R.Cron.protect (E:\AI-Integrated-Car-Parking-Management-System-iPARK-\backend\src\services\scheduler.service.ts:42:28)
        at async R._trigger (file:///E:/AI-Integrated-Car-Parking-Management-System-iPARK-/node_modules/croner/dist/croner.js:1:16204) {
      properties: [Object],
      kind: 'required',
      path: 'vehicleType',
      value: undefined,
      reason: undefined,
      [Symbol(mongoose#validatorError)]: true
    }
  },
  _message: 'ParkingSession validation failed'
}
[Mail] Sent email to le492381@gmail.com: [iPARK] Nhắc nhở: Xe 18A12345 vẫn đang trong bãi
[Scheduler] Subscription job error: ValidationError: ParkingSession validation failed: vehicleType: Path `vehicleType` is required.
    at model.validate (E:\AI-Integrated-Car-Parking-Management-System-iPARK-\backend\node_modules\mongoose\lib\document.js:2864:36)
    at process.processTicksAndRejections (node:internal/process/task_queues:105:5)
    at async model.$__save (E:\AI-Integrated-Car-Parking-Management-System-iPARK-\backend\node_modules\mongoose\lib\model.js:398:7)
    at async maybeTracedSave (E:\AI-Integrated-Car-Parking-Management-System-iPARK-\backend\node_modules\mongoose\lib\model.js:674:7)
    at async sendPrepaidReminders (E:\AI-Integrated-Car-Parking-Management-System-iPARK-\backend\src\services\reminder.service.ts:164:5)
    at async R.Cron.protect (E:\AI-Integrated-Car-Parking-Management-System-iPARK-\backend\src\services\scheduler.service.ts:42:28)
    at async R._trigger (file:///E:/AI-Integrated-Car-Parking-Management-System-iPARK-/node_modules/croner/dist/croner.js:1:16204) {
  errors: {
    vehicleType: ValidatorError: Path `vehicleType` is required.
        at SchemaString.doValidate (E:\AI-Integrated-Car-Parking-Management-System-iPARK-\backend\node_modules\mongoose\lib\schemaType.js:1515:13)
        at model.validate (E:\AI-Integrated-Car-Parking-Management-System-iPARK-\backend\node_modules\mongoose\lib\document.js:2842:20)
        at process.processTicksAndRejections (node:internal/process/task_queues:105:5)
        at async model.$__save (E:\AI-Integrated-Car-Parking-Management-System-iPARK-\backend\node_modules\mongoose\lib\model.js:398:7)
        at async maybeTracedSave (E:\AI-Integrated-Car-Parking-Management-System-iPARK-\backend\node_modules\mongoose\lib\model.js:674:7)
        at async sendPrepaidReminders (E:\AI-Integrated-Car-Parking-Management-System-iPARK-\backend\src\services\reminder.service.ts:164:5)
        at async R.Cron.protect (E:\AI-Integrated-Car-Parking-Management-System-iPARK-\backend\src\services\scheduler.service.ts:42:28)
        at async R._trigger (file:///E:/AI-Integrated-Car-Parking-Management-System-iPARK-/node_modules/croner/dist/croner.js:1:16204) {
      properties: [Object],
      kind: 'required',
      path: 'vehicleType',
      value: undefined,
      reason: undefined,
      [Symbol(mongoose#validatorError)]: true
    }
  },
  _message: 'ParkingSession validation failed'
}
[Mail] Sent email to le492381@gmail.com: [iPARK] Nhắc nhở: Xe 18A12345 vẫn đang trong bãi
[Scheduler] Subscription job error: ValidationError: ParkingSession validation failed: vehicleType: Path `vehicleType` is required.
    at model.validate (E:\AI-Integrated-Car-Parking-Management-System-iPARK-\backend\node_modules\mongoose\lib\document.js:2864:36)
    at process.processTicksAndRejections (node:internal/process/task_queues:105:5)
    at async model.$__save (E:\AI-Integrated-Car-Parking-Management-System-iPARK-\backend\node_modules\mongoose\lib\model.js:398:7)
    at async maybeTracedSave (E:\AI-Integrated-Car-Parking-Management-System-iPARK-\backend\node_modules\mongoose\lib\model.js:674:7)
    at async sendPrepaidReminders (E:\AI-Integrated-Car-Parking-Management-System-iPARK-\backend\src\services\reminder.service.ts:164:5)
    at async R.Cron.protect (E:\AI-Integrated-Car-Parking-Management-System-iPARK-\backend\src\services\scheduler.service.ts:42:28)
    at async R._trigger (file:///E:/AI-Integrated-Car-Parking-Management-System-iPARK-/node_modules/croner/dist/croner.js:1:16204) {
  errors: {
    vehicleType: ValidatorError: Path `vehicleType` is required.
        at SchemaString.doValidate (E:\AI-Integrated-Car-Parking-Management-System-iPARK-\backend\node_modules\mongoose\lib\schemaType.js:1515:13)
        at model.validate (E:\AI-Integrated-Car-Parking-Management-System-iPARK-\backend\node_modules\mongoose\lib\document.js:2842:20)
        at process.processTicksAndRejections (node:internal/process/task_queues:105:5)
        at async model.$__save (E:\AI-Integrated-Car-Parking-Management-System-iPARK-\backend\node_modules\mongoose\lib\model.js:398:7)
        at async maybeTracedSave (E:\AI-Integrated-Car-Parking-Management-System-iPARK-\backend\node_modules\mongoose\lib\model.js:674:7)
        at async sendPrepaidReminders (E:\AI-Integrated-Car-Parking-Management-System-iPARK-\backend\src\services\reminder.service.ts:164:5)
        at async R.Cron.protect (E:\AI-Integrated-Car-Parking-Management-System-iPARK-\backend\src\services\scheduler.service.ts:42:28)
        at async R._trigger (file:///E:/AI-Integrated-Car-Parking-Management-System-iPARK-/node_modules/croner/dist/croner.js:1:16204) {
      properties: [Object],
      kind: 'required',
      path: 'vehicleType',
      value: undefined,
      reason: undefined,
      [Symbol(mongoose#validatorError)]: true
    }
  },
  _message: 'ParkingSession validation failed'
}
[Mail] Sent email to le492381@gmail.com: [iPARK] Nhắc nhở: Xe 18A12345 vẫn đang trong bãi
[Scheduler] Subscription job error: ValidationError: ParkingSession validation failed: vehicleType: Path `vehicleType` is required.
    at model.validate (E:\AI-Integrated-Car-Parking-Management-System-iPARK-\backend\node_modules\mongoose\lib\document.js:2864:36)
    at process.processTicksAndRejections (node:internal/process/task_queues:105:5)
    at async model.$__save (E:\AI-Integrated-Car-Parking-Management-System-iPARK-\backend\node_modules\mongoose\lib\model.js:398:7)
    at async maybeTracedSave (E:\AI-Integrated-Car-Parking-Management-System-iPARK-\backend\node_modules\mongoose\lib\model.js:674:7)
    at async sendPrepaidReminders (E:\AI-Integrated-Car-Parking-Management-System-iPARK-\backend\src\services\reminder.service.ts:164:5)
    at async R.Cron.protect (E:\AI-Integrated-Car-Parking-Management-System-iPARK-\backend\src\services\scheduler.service.ts:42:28)
    at async R._trigger (file:///E:/AI-Integrated-Car-Parking-Management-System-iPARK-/node_modules/croner/dist/croner.js:1:16204) {
  errors: {
    vehicleType: ValidatorError: Path `vehicleType` is required.
        at SchemaString.doValidate (E:\AI-Integrated-Car-Parking-Management-System-iPARK-\backend\node_modules\mongoose\lib\schemaType.js:1515:13)
        at model.validate (E:\AI-Integrated-Car-Parking-Management-System-iPARK-\backend\node_modules\mongoose\lib\document.js:2842:20)
        at process.processTicksAndRejections (node:internal/process/task_queues:105:5)
        at async model.$__save (E:\AI-Integrated-Car-Parking-Management-System-iPARK-\backend\node_modules\mongoose\lib\model.js:398:7)
        at async maybeTracedSave (E:\AI-Integrated-Car-Parking-Management-System-iPARK-\backend\node_modules\mongoose\lib\model.js:674:7)
        at async sendPrepaidReminders (E:\AI-Integrated-Car-Parking-Management-System-iPARK-\backend\src\services\reminder.service.ts:164:5)
        at async R.Cron.protect (E:\AI-Integrated-Car-Parking-Management-System-iPARK-\backend\src\services\scheduler.service.ts:42:28)
        at async R._trigger (file:///E:/AI-Integrated-Car-Parking-Management-System-iPARK-/node_modules/croner/dist/croner.js:1:16204) {
      properties: [Object],
      kind: 'required',
      path: 'vehicleType',
      value: undefined,
      reason: undefined,
      [Symbol(mongoose#validatorError)]: true
    }
  },
  _message: 'ParkingSession validation failed'
}
[Mail] Sent email to le492381@gmail.com: [iPARK] Nhắc nhở: Xe 18A12345 vẫn đang trong bãi
[Scheduler] Subscription job error: ValidationError: ParkingSession validation failed: vehicleType: Path `vehicleType` is required.
    at model.validate (E:\AI-Integrated-Car-Parking-Management-System-iPARK-\backend\node_modules\mongoose\lib\document.js:2864:36)
    at process.processTicksAndRejections (node:internal/process/task_queues:105:5)
    at async model.$__save (E:\AI-Integrated-Car-Parking-Management-System-iPARK-\backend\node_modules\mongoose\lib\model.js:398:7)
    at async maybeTracedSave (E:\AI-Integrated-Car-Parking-Management-System-iPARK-\backend\node_modules\mongoose\lib\model.js:674:7)
    at async sendPrepaidReminders (E:\AI-Integrated-Car-Parking-Management-System-iPARK-\backend\src\services\reminder.service.ts:164:5)
    at async R.Cron.protect (E:\AI-Integrated-Car-Parking-Management-System-iPARK-\backend\src\services\scheduler.service.ts:42:28)
    at async R._trigger (file:///E:/AI-Integrated-Car-Parking-Management-System-iPARK-/node_modules/croner/dist/croner.js:1:16204) {
  errors: {
    vehicleType: ValidatorError: Path `vehicleType` is required.
        at SchemaString.doValidate (E:\AI-Integrated-Car-Parking-Management-System-iPARK-\backend\node_modules\mongoose\lib\schemaType.js:1515:13)
        at model.validate (E:\AI-Integrated-Car-Parking-Management-System-iPARK-\backend\node_modules\mongoose\lib\document.js:2842:20)
        at process.processTicksAndRejections (node:internal/process/task_queues:105:5)
        at async model.$__save (E:\AI-Integrated-Car-Parking-Management-System-iPARK-\backend\node_modules\mongoose\lib\model.js:398:7)
        at async maybeTracedSave (E:\AI-Integrated-Car-Parking-Management-System-iPARK-\backend\node_modules\mongoose\lib\model.js:674:7)
        at async sendPrepaidReminders (E:\AI-Integrated-Car-Parking-Management-System-iPARK-\backend\src\services\reminder.service.ts:164:5)
        at async R.Cron.protect (E:\AI-Integrated-Car-Parking-Management-System-iPARK-\backend\src\services\scheduler.service.ts:42:28)
        at async R._trigger (file:///E:/AI-Integrated-Car-Parking-Management-System-iPARK-/node_modules/croner/dist/croner.js:1:16204) {
      properties: [Object],
      kind: 'required',
      path: 'vehicleType',
      value: undefined,
      reason: undefined,
      [Symbol(mongoose#validatorError)]: true
    }
  },
  _message: 'ParkingSession validation failed'
}
[Mail] Sent email to le492381@gmail.com: [iPARK] Nhắc nhở: Xe 18A12345 vẫn đang trong bãi
[Scheduler] Subscription job error: ValidationError: ParkingSession validation failed: vehicleType: Path `vehicleType` is required.
    at model.validate (E:\AI-Integrated-Car-Parking-Management-System-iPARK-\backend\node_modules\mongoose\lib\document.js:2864:36)
    at process.processTicksAndRejections (node:internal/process/task_queues:105:5)
    at async model.$__save (E:\AI-Integrated-Car-Parking-Management-System-iPARK-\backend\node_modules\mongoose\lib\model.js:398:7)
    at async maybeTracedSave (E:\AI-Integrated-Car-Parking-Management-System-iPARK-\backend\node_modules\mongoose\lib\model.js:674:7)
    at async sendPrepaidReminders (E:\AI-Integrated-Car-Parking-Management-System-iPARK-\backend\src\services\reminder.service.ts:164:5)
    at async R.Cron.protect (E:\AI-Integrated-Car-Parking-Management-System-iPARK-\backend\src\services\scheduler.service.ts:42:28)
    at async R._trigger (file:///E:/AI-Integrated-Car-Parking-Management-System-iPARK-/node_modules/croner/dist/croner.js:1:16204) {
  errors: {
    vehicleType: ValidatorError: Path `vehicleType` is required.
        at SchemaString.doValidate (E:\AI-Integrated-Car-Parking-Management-System-iPARK-\backend\node_modules\mongoose\lib\schemaType.js:1515:13)
        at model.validate (E:\AI-Integrated-Car-Parking-Management-System-iPARK-\backend\node_modules\mongoose\lib\document.js:2842:20)
        at process.processTicksAndRejections (node:internal/process/task_queues:105:5)
        at async model.$__save (E:\AI-Integrated-Car-Parking-Management-System-iPARK-\backend\node_modules\mongoose\lib\model.js:398:7)
        at async maybeTracedSave (E:\AI-Integrated-Car-Parking-Management-System-iPARK-\backend\node_modules\mongoose\lib\model.js:674:7)
        at async sendPrepaidReminders (E:\AI-Integrated-Car-Parking-Management-System-iPARK-\backend\src\services\reminder.service.ts:164:5)
        at async R.Cron.protect (E:\AI-Integrated-Car-Parking-Management-System-iPARK-\backend\src\services\scheduler.service.ts:42:28)
        at async R._trigger (file:///E:/AI-Integrated-Car-Parking-Management-System-iPARK-/node_modules/croner/dist/croner.js:1:16204) {
      properties: [Object],
      kind: 'required',
      path: 'vehicleType',
      value: undefined,
      reason: undefined,
      [Symbol(mongoose#validatorError)]: true
    }
  },
  _message: 'ParkingSession validation failed'
}
[Mail] Sent email to le492381@gmail.com: [iPARK] Nhắc nhở: Xe 18A12345 vẫn đang trong bãi
[Scheduler] Subscription job error: ValidationError: ParkingSession validation failed: vehicleType: Path `vehicleType` is required.
    at model.validate (E:\AI-Integrated-Car-Parking-Management-System-iPARK-\backend\node_modules\mongoose\lib\document.js:2864:36)
    at process.processTicksAndRejections (node:internal/process/task_queues:105:5)
    at async model.$__save (E:\AI-Integrated-Car-Parking-Management-System-iPARK-\backend\node_modules\mongoose\lib\model.js:398:7)
    at async maybeTracedSave (E:\AI-Integrated-Car-Parking-Management-System-iPARK-\backend\node_modules\mongoose\lib\model.js:674:7)
    at async sendPrepaidReminders (E:\AI-Integrated-Car-Parking-Management-System-iPARK-\backend\src\services\reminder.service.ts:164:5)
    at async R.Cron.protect (E:\AI-Integrated-Car-Parking-Management-System-iPARK-\backend\src\services\scheduler.service.ts:42:28)
    at async R._trigger (file:///E:/AI-Integrated-Car-Parking-Management-System-iPARK-/node_modules/croner/dist/croner.js:1:16204) {
  errors: {
    vehicleType: ValidatorError: Path `vehicleType` is required.
        at SchemaString.doValidate (E:\AI-Integrated-Car-Parking-Management-System-iPARK-\backend\node_modules\mongoose\lib\schemaType.js:1515:13)
        at model.validate (E:\AI-Integrated-Car-Parking-Management-System-iPARK-\backend\node_modules\mongoose\lib\document.js:2842:20)
        at process.processTicksAndRejections (node:internal/process/task_queues:105:5)
        at async model.$__save (E:\AI-Integrated-Car-Parking-Management-System-iPARK-\backend\node_modules\mongoose\lib\model.js:398:7)
        at async maybeTracedSave (E:\AI-Integrated-Car-Parking-Management-System-iPARK-\backend\node_modules\mongoose\lib\model.js:674:7)
        at async sendPrepaidReminders (E:\AI-Integrated-Car-Parking-Management-System-iPARK-\backend\src\services\reminder.service.ts:164:5)
        at async R.Cron.protect (E:\AI-Integrated-Car-Parking-Management-System-iPARK-\backend\src\services\scheduler.service.ts:42:28)
        at async R._trigger (file:///E:/AI-Integrated-Car-Parking-Management-System-iPARK-/node_modules/croner/dist/croner.js:1:16204) {
      properties: [Object],
      kind: 'required',
      path: 'vehicleType',
      value: undefined,
      reason: undefined,
      [Symbol(mongoose#validatorError)]: true
    }
  },
  _message: 'ParkingSession validation failed'
}
[Mail] Sent email to le492381@gmail.com: [iPARK] Nhắc nhở: Xe 18A12345 vẫn đang trong bãi
[Scheduler] Subscription job error: ValidationError: ParkingSession validation failed: vehicleType: Path `vehicleType` is required.
    at model.validate (E:\AI-Integrated-Car-Parking-Management-System-iPARK-\backend\node_modules\mongoose\lib\document.js:2864:36)
    at process.processTicksAndRejections (node:internal/process/task_queues:105:5)
    at async model.$__save (E:\AI-Integrated-Car-Parking-Management-System-iPARK-\backend\node_modules\mongoose\lib\model.js:398:7)
    at async maybeTracedSave (E:\AI-Integrated-Car-Parking-Management-System-iPARK-\backend\node_modules\mongoose\lib\model.js:674:7)
    at async sendPrepaidReminders (E:\AI-Integrated-Car-Parking-Management-System-iPARK-\backend\src\services\reminder.service.ts:164:5)
    at async R.Cron.protect (E:\AI-Integrated-Car-Parking-Management-System-iPARK-\backend\src\services\scheduler.service.ts:42:28)
    at async R._trigger (file:///E:/AI-Integrated-Car-Parking-Management-System-iPARK-/node_modules/croner/dist/croner.js:1:16204) {
  errors: {
    vehicleType: ValidatorError: Path `vehicleType` is required.
        at SchemaString.doValidate (E:\AI-Integrated-Car-Parking-Management-System-iPARK-\backend\node_modules\mongoose\lib\schemaType.js:1515:13)
        at model.validate (E:\AI-Integrated-Car-Parking-Management-System-iPARK-\backend\node_modules\mongoose\lib\document.js:2842:20)
        at process.processTicksAndRejections (node:internal/process/task_queues:105:5)
        at async model.$__save (E:\AI-Integrated-Car-Parking-Management-System-iPARK-\backend\node_modules\mongoose\lib\model.js:398:7)
        at async maybeTracedSave (E:\AI-Integrated-Car-Parking-Management-System-iPARK-\backend\node_modules\mongoose\lib\model.js:674:7)
        at async sendPrepaidReminders (E:\AI-Integrated-Car-Parking-Management-System-iPARK-\backend\src\services\reminder.service.ts:164:5)
        at async R.Cron.protect (E:\AI-Integrated-Car-Parking-Management-System-iPARK-\backend\src\services\scheduler.service.ts:42:28)
        at async R._trigger (file:///E:/AI-Integrated-Car-Parking-Management-System-iPARK-/node_modules/croner/dist/croner.js:1:16204) {
      properties: [Object],
      kind: 'required',
      path: 'vehicleType',
      value: undefined,
      reason: undefined,
      [Symbol(mongoose#validatorError)]: true
    }
  },
  _message: 'ParkingSession validation failed'
}
[Mail] Sent email to le492381@gmail.com: [iPARK] Nhắc nhở: Xe 18A12345 vẫn đang trong bãi
[Scheduler] Subscription job error: ValidationError: ParkingSession validation failed: vehicleType: Path `vehicleType` is required.
    at model.validate (E:\AI-Integrated-Car-Parking-Management-System-iPARK-\backend\node_modules\mongoose\lib\document.js:2864:36)
    at process.processTicksAndRejections (node:internal/process/task_queues:105:5)
    at async model.$__save (E:\AI-Integrated-Car-Parking-Management-System-iPARK-\backend\node_modules\mongoose\lib\model.js:398:7)
    at async maybeTracedSave (E:\AI-Integrated-Car-Parking-Management-System-iPARK-\backend\node_modules\mongoose\lib\model.js:674:7)
    at async sendPrepaidReminders (E:\AI-Integrated-Car-Parking-Management-System-iPARK-\backend\src\services\reminder.service.ts:164:5)
    at async R.Cron.protect (E:\AI-Integrated-Car-Parking-Management-System-iPARK-\backend\src\services\scheduler.service.ts:42:28)
    at async R._trigger (file:///E:/AI-Integrated-Car-Parking-Management-System-iPARK-/node_modules/croner/dist/croner.js:1:16204) {
  errors: {
    vehicleType: ValidatorError: Path `vehicleType` is required.
        at SchemaString.doValidate (E:\AI-Integrated-Car-Parking-Management-System-iPARK-\backend\node_modules\mongoose\lib\schemaType.js:1515:13)
        at model.validate (E:\AI-Integrated-Car-Parking-Management-System-iPARK-\backend\node_modules\mongoose\lib\document.js:2842:20)
        at process.processTicksAndRejections (node:internal/process/task_queues:105:5)
        at async model.$__save (E:\AI-Integrated-Car-Parking-Management-System-iPARK-\backend\node_modules\mongoose\lib\model.js:398:7)
        at async maybeTracedSave (E:\AI-Integrated-Car-Parking-Management-System-iPARK-\backend\node_modules\mongoose\lib\model.js:674:7)
        at async sendPrepaidReminders (E:\AI-Integrated-Car-Parking-Management-System-iPARK-\backend\src\services\reminder.service.ts:164:5)
        at async R.Cron.protect (E:\AI-Integrated-Car-Parking-Management-System-iPARK-\backend\src\services\scheduler.service.ts:42:28)
        at async R._trigger (file:///E:/AI-Integrated-Car-Parking-Management-System-iPARK-/node_modules/croner/dist/croner.js:1:16204) {
      properties: [Object],
      kind: 'required',
      path: 'vehicleType',
      value: undefined,
      reason: undefined,
      [Symbol(mongoose#validatorError)]: true
    }
  },
  _message: 'ParkingSession validation failed'
}
[Mail] Sent email to le492381@gmail.com: [iPARK] Nhắc nhở: Xe 18A12345 vẫn đang trong bãi
[Scheduler] Subscription job error: ValidationError: ParkingSession validation failed: vehicleType: Path `vehicleType` is required.
    at model.validate (E:\AI-Integrated-Car-Parking-Management-System-iPARK-\backend\node_modules\mongoose\lib\document.js:2864:36)
    at process.processTicksAndRejections (node:internal/process/task_queues:105:5)
    at async model.$__save (E:\AI-Integrated-Car-Parking-Management-System-iPARK-\backend\node_modules\mongoose\lib\model.js:398:7)
    at async maybeTracedSave (E:\AI-Integrated-Car-Parking-Management-System-iPARK-\backend\node_modules\mongoose\lib\model.js:674:7)
    at async sendPrepaidReminders (E:\AI-Integrated-Car-Parking-Management-System-iPARK-\backend\src\services\reminder.service.ts:164:5)
    at async R.Cron.protect (E:\AI-Integrated-Car-Parking-Management-System-iPARK-\backend\src\services\scheduler.service.ts:42:28)
    at async R._trigger (file:///E:/AI-Integrated-Car-Parking-Management-System-iPARK-/node_modules/croner/dist/croner.js:1:16204) {
  errors: {
    vehicleType: ValidatorError: Path `vehicleType` is required.
        at SchemaString.doValidate (E:\AI-Integrated-Car-Parking-Management-System-iPARK-\backend\node_modules\mongoose\lib\schemaType.js:1515:13)
        at model.validate (E:\AI-Integrated-Car-Parking-Management-System-iPARK-\backend\node_modules\mongoose\lib\document.js:2842:20)
        at process.processTicksAndRejections (node:internal/process/task_queues:105:5)
        at async model.$__save (E:\AI-Integrated-Car-Parking-Management-System-iPARK-\backend\node_modules\mongoose\lib\model.js:398:7)
        at async maybeTracedSave (E:\AI-Integrated-Car-Parking-Management-System-iPARK-\backend\node_modules\mongoose\lib\model.js:674:7)
        at async sendPrepaidReminders (E:\AI-Integrated-Car-Parking-Management-System-iPARK-\backend\src\services\reminder.service.ts:164:5)
        at async R.Cron.protect (E:\AI-Integrated-Car-Parking-Management-System-iPARK-\backend\src\services\scheduler.service.ts:42:28)
        at async R._trigger (file:///E:/AI-Integrated-Car-Parking-Management-System-iPARK-/node_modules/croner/dist/croner.js:1:16204) {
      properties: [Object],
      kind: 'required',
      path: 'vehicleType',
      value: undefined,
      reason: undefined,
      [Symbol(mongoose#validatorError)]: true
    }
  },
  _message: 'ParkingSession validation failed'
}
[Mail] Sent email to le492381@gmail.com: [iPARK] Nhắc nhở: Xe 18A12345 vẫn đang trong bãi
[Scheduler] Subscription job error: ValidationError: ParkingSession validation failed: vehicleType: Path `vehicleType` is required.
    at model.validate (E:\AI-Integrated-Car-Parking-Management-System-iPARK-\backend\node_modules\mongoose\lib\document.js:2864:36)
    at process.processTicksAndRejections (node:internal/process/task_queues:105:5)
    at async model.$__save (E:\AI-Integrated-Car-Parking-Management-System-iPARK-\backend\node_modules\mongoose\lib\model.js:398:7)
    at async maybeTracedSave (E:\AI-Integrated-Car-Parking-Management-System-iPARK-\backend\node_modules\mongoose\lib\model.js:674:7)
    at async sendPrepaidReminders (E:\AI-Integrated-Car-Parking-Management-System-iPARK-\backend\src\services\reminder.service.ts:164:5)
    at async R.Cron.protect (E:\AI-Integrated-Car-Parking-Management-System-iPARK-\backend\src\services\scheduler.service.ts:42:28)
    at async R._trigger (file:///E:/AI-Integrated-Car-Parking-Management-System-iPARK-/node_modules/croner/dist/croner.js:1:16204) {
  errors: {
    vehicleType: ValidatorError: Path `vehicleType` is required.
        at SchemaString.doValidate (E:\AI-Integrated-Car-Parking-Management-System-iPARK-\backend\node_modules\mongoose\lib\schemaType.js:1515:13)
        at model.validate (E:\AI-Integrated-Car-Parking-Management-System-iPARK-\backend\node_modules\mongoose\lib\document.js:2842:20)
        at process.processTicksAndRejections (node:internal/process/task_queues:105:5)
        at async model.$__save (E:\AI-Integrated-Car-Parking-Management-System-iPARK-\backend\node_modules\mongoose\lib\model.js:398:7)
        at async maybeTracedSave (E:\AI-Integrated-Car-Parking-Management-System-iPARK-\backend\node_modules\mongoose\lib\model.js:674:7)
        at async sendPrepaidReminders (E:\AI-Integrated-Car-Parking-Management-System-iPARK-\backend\src\services\reminder.service.ts:164:5)
        at async R.Cron.protect (E:\AI-Integrated-Car-Parking-Management-System-iPARK-\backend\src\services\scheduler.service.ts:42:28)
        at async R._trigger (file:///E:/AI-Integrated-Car-Parking-Management-System-iPARK-/node_modules/croner/dist/croner.js:1:16204) {
      properties: [Object],
      kind: 'required',
      path: 'vehicleType',
      value: undefined,
      reason: undefined,
      [Symbol(mongoose#validatorError)]: true
    }
  },
  _message: 'ParkingSession validation failed'
}
[Mail] Sent email to le492381@gmail.com: [iPARK] Nhắc nhở: Xe 18A12345 vẫn đang trong bãi
[Scheduler] Subscription job error: ValidationError: ParkingSession validation failed: vehicleType: Path `vehicleType` is required.
    at model.validate (E:\AI-Integrated-Car-Parking-Management-System-iPARK-\backend\node_modules\mongoose\lib\document.js:2864:36)
    at process.processTicksAndRejections (node:internal/process/task_queues:105:5)
    at async model.$__save (E:\AI-Integrated-Car-Parking-Management-System-iPARK-\backend\node_modules\mongoose\lib\model.js:398:7)
    at async maybeTracedSave (E:\AI-Integrated-Car-Parking-Management-System-iPARK-\backend\node_modules\mongoose\lib\model.js:674:7)
    at async sendPrepaidReminders (E:\AI-Integrated-Car-Parking-Management-System-iPARK-\backend\src\services\reminder.service.ts:164:5)
    at async R.Cron.protect (E:\AI-Integrated-Car-Parking-Management-System-iPARK-\backend\src\services\scheduler.service.ts:42:28)
    at async R._trigger (file:///E:/AI-Integrated-Car-Parking-Management-System-iPARK-/node_modules/croner/dist/croner.js:1:16204) {
  errors: {
    vehicleType: ValidatorError: Path `vehicleType` is required.
        at SchemaString.doValidate (E:\AI-Integrated-Car-Parking-Management-System-iPARK-\backend\node_modules\mongoose\lib\schemaType.js:1515:13)
        at model.validate (E:\AI-Integrated-Car-Parking-Management-System-iPARK-\backend\node_modules\mongoose\lib\document.js:2842:20)
        at process.processTicksAndRejections (node:internal/process/task_queues:105:5)
        at async model.$__save (E:\AI-Integrated-Car-Parking-Management-System-iPARK-\backend\node_modules\mongoose\lib\model.js:398:7)
        at async maybeTracedSave (E:\AI-Integrated-Car-Parking-Management-System-iPARK-\backend\node_modules\mongoose\lib\model.js:674:7)
        at async sendPrepaidReminders (E:\AI-Integrated-Car-Parking-Management-System-iPARK-\backend\src\services\reminder.service.ts:164:5)
        at async R.Cron.protect (E:\AI-Integrated-Car-Parking-Management-System-iPARK-\backend\src\services\scheduler.service.ts:42:28)
        at async R._trigger (file:///E:/AI-Integrated-Car-Parking-Management-System-iPARK-/node_modules/croner/dist/croner.js:1:16204) {
      properties: [Object],
      kind: 'required',
      path: 'vehicleType',
      value: undefined,
      reason: undefined,
      [Symbol(mongoose#validatorError)]: true
    }
  },
  _message: 'ParkingSession validation failed'
}
[Mail] Sent email to le492381@gmail.com: [iPARK] Nhắc nhở: Xe 18A12345 vẫn đang trong bãi
[Scheduler] Subscription job error: ValidationError: ParkingSession validation failed: vehicleType: Path `vehicleType` is required.
    at model.validate (E:\AI-Integrated-Car-Parking-Management-System-iPARK-\backend\node_modules\mongoose\lib\document.js:2864:36)
    at process.processTicksAndRejections (node:internal/process/task_queues:105:5)
    at async model.$__save (E:\AI-Integrated-Car-Parking-Management-System-iPARK-\backend\node_modules\mongoose\lib\model.js:398:7)
    at async maybeTracedSave (E:\AI-Integrated-Car-Parking-Management-System-iPARK-\backend\node_modules\mongoose\lib\model.js:674:7)
    at async sendPrepaidReminders (E:\AI-Integrated-Car-Parking-Management-System-iPARK-\backend\src\services\reminder.service.ts:164:5)
    at async R.Cron.protect (E:\AI-Integrated-Car-Parking-Management-System-iPARK-\backend\src\services\scheduler.service.ts:42:28)
    at async R._trigger (file:///E:/AI-Integrated-Car-Parking-Management-System-iPARK-/node_modules/croner/dist/croner.js:1:16204) {
  errors: {
    vehicleType: ValidatorError: Path `vehicleType` is required.
        at SchemaString.doValidate (E:\AI-Integrated-Car-Parking-Management-System-iPARK-\backend\node_modules\mongoose\lib\schemaType.js:1515:13)
        at model.validate (E:\AI-Integrated-Car-Parking-Management-System-iPARK-\backend\node_modules\mongoose\lib\document.js:2842:20)
        at process.processTicksAndRejections (node:internal/process/task_queues:105:5)
        at async model.$__save (E:\AI-Integrated-Car-Parking-Management-System-iPARK-\backend\node_modules\mongoose\lib\model.js:398:7)
        at async maybeTracedSave (E:\AI-Integrated-Car-Parking-Management-System-iPARK-\backend\node_modules\mongoose\lib\model.js:674:7)
        at async sendPrepaidReminders (E:\AI-Integrated-Car-Parking-Management-System-iPARK-\backend\src\services\reminder.service.ts:164:5)
        at async R.Cron.protect (E:\AI-Integrated-Car-Parking-Management-System-iPARK-\backend\src\services\scheduler.service.ts:42:28)
        at async R._trigger (file:///E:/AI-Integrated-Car-Parking-Management-System-iPARK-/node_modules/croner/dist/croner.js:1:16204) {
      properties: [Object],
      kind: 'required',
      path: 'vehicleType',
      value: undefined,
      reason: undefined,
      [Symbol(mongoose#validatorError)]: true
    }
  },
  _message: 'ParkingSession validation failed'
}
[Mail] Sent email to le492381@gmail.com: [iPARK] Nhắc nhở: Xe 18A12345 vẫn đang trong bãi
[Scheduler] Subscription job error: ValidationError: ParkingSession validation failed: vehicleType: Path `vehicleType` is required.
    at model.validate (E:\AI-Integrated-Car-Parking-Management-System-iPARK-\backend\node_modules\mongoose\lib\document.js:2864:36)
    at process.processTicksAndRejections (node:internal/process/task_queues:105:5)
    at async model.$__save (E:\AI-Integrated-Car-Parking-Management-System-iPARK-\backend\node_modules\mongoose\lib\model.js:398:7)
    at async maybeTracedSave (E:\AI-Integrated-Car-Parking-Management-System-iPARK-\backend\node_modules\mongoose\lib\model.js:674:7)
    at async sendPrepaidReminders (E:\AI-Integrated-Car-Parking-Management-System-iPARK-\backend\src\services\reminder.service.ts:164:5)
    at async R.Cron.protect (E:\AI-Integrated-Car-Parking-Management-System-iPARK-\backend\src\services\scheduler.service.ts:42:28)
    at async R._trigger (file:///E:/AI-Integrated-Car-Parking-Management-System-iPARK-/node_modules/croner/dist/croner.js:1:16204) {
  errors: {
    vehicleType: ValidatorError: Path `vehicleType` is required.
        at SchemaString.doValidate (E:\AI-Integrated-Car-Parking-Management-System-iPARK-\backend\node_modules\mongoose\lib\schemaType.js:1515:13)
        at model.validate (E:\AI-Integrated-Car-Parking-Management-System-iPARK-\backend\node_modules\mongoose\lib\document.js:2842:20)
        at process.processTicksAndRejections (node:internal/process/task_queues:105:5)
        at async model.$__save (E:\AI-Integrated-Car-Parking-Management-System-iPARK-\backend\node_modules\mongoose\lib\model.js:398:7)
        at async maybeTracedSave (E:\AI-Integrated-Car-Parking-Management-System-iPARK-\backend\node_modules\mongoose\lib\model.js:674:7)
        at async sendPrepaidReminders (E:\AI-Integrated-Car-Parking-Management-System-iPARK-\backend\src\services\reminder.service.ts:164:5)
        at async R.Cron.protect (E:\AI-Integrated-Car-Parking-Management-System-iPARK-\backend\src\services\scheduler.service.ts:42:28)
        at async R._trigger (file:///E:/AI-Integrated-Car-Parking-Management-System-iPARK-/node_modules/croner/dist/croner.js:1:16204) {
      properties: [Object],
      kind: 'required',
      path: 'vehicleType',
      value: undefined,
      reason: undefined,
      [Symbol(mongoose#validatorError)]: true
    }
  },
  _message: 'ParkingSession validation failed'
}
[Mail] Sent email to le492381@gmail.com: [iPARK] Nhắc nhở: Xe 18A12345 vẫn đang trong bãi
[Scheduler] Subscription job error: ValidationError: ParkingSession validation failed: vehicleType: Path `vehicleType` is required.
    at model.validate (E:\AI-Integrated-Car-Parking-Management-System-iPARK-\backend\node_modules\mongoose\lib\document.js:2864:36)
    at process.processTicksAndRejections (node:internal/process/task_queues:105:5)
    at async model.$__save (E:\AI-Integrated-Car-Parking-Management-System-iPARK-\backend\node_modules\mongoose\lib\model.js:398:7)
    at async maybeTracedSave (E:\AI-Integrated-Car-Parking-Management-System-iPARK-\backend\node_modules\mongoose\lib\model.js:674:7)
    at async sendPrepaidReminders (E:\AI-Integrated-Car-Parking-Management-System-iPARK-\backend\src\services\reminder.service.ts:164:5)
    at async R.Cron.protect (E:\AI-Integrated-Car-Parking-Management-System-iPARK-\backend\src\services\scheduler.service.ts:42:28)
    at async R._trigger (file:///E:/AI-Integrated-Car-Parking-Management-System-iPARK-/node_modules/croner/dist/croner.js:1:16204) {
  errors: {
    vehicleType: ValidatorError: Path `vehicleType` is required.
        at SchemaString.doValidate (E:\AI-Integrated-Car-Parking-Management-System-iPARK-\backend\node_modules\mongoose\lib\schemaType.js:1515:13)
        at model.validate (E:\AI-Integrated-Car-Parking-Management-System-iPARK-\backend\node_modules\mongoose\lib\document.js:2842:20)
        at process.processTicksAndRejections (node:internal/process/task_queues:105:5)
        at async model.$__save (E:\AI-Integrated-Car-Parking-Management-System-iPARK-\backend\node_modules\mongoose\lib\model.js:398:7)
        at async maybeTracedSave (E:\AI-Integrated-Car-Parking-Management-System-iPARK-\backend\node_modules\mongoose\lib\model.js:674:7)
        at async sendPrepaidReminders (E:\AI-Integrated-Car-Parking-Management-System-iPARK-\backend\src\services\reminder.service.ts:164:5)
        at async R.Cron.protect (E:\AI-Integrated-Car-Parking-Management-System-iPARK-\backend\src\services\scheduler.service.ts:42:28)
        at async R._trigger (file:///E:/AI-Integrated-Car-Parking-Management-System-iPARK-/node_modules/croner/dist/croner.js:1:16204) {
      properties: [Object],
      kind: 'required',
      path: 'vehicleType',
      value: undefined,
      reason: undefined,
      [Symbol(mongoose#validatorError)]: true
    }
  },
  _message: 'ParkingSession validation failed'
}
[Mail] Sent email to le492381@gmail.com: [iPARK] Nhắc nhở: Xe 18A12345 vẫn đang trong bãi
[Scheduler] Subscription job error: ValidationError: ParkingSession validation failed: vehicleType: Path `vehicleType` is required.
    at model.validate (E:\AI-Integrated-Car-Parking-Management-System-iPARK-\backend\node_modules\mongoose\lib\document.js:2864:36)
    at process.processTicksAndRejections (node:internal/process/task_queues:105:5)
    at async model.$__save (E:\AI-Integrated-Car-Parking-Management-System-iPARK-\backend\node_modules\mongoose\lib\model.js:398:7)
    at async maybeTracedSave (E:\AI-Integrated-Car-Parking-Management-System-iPARK-\backend\node_modules\mongoose\lib\model.js:674:7)
    at async sendPrepaidReminders (E:\AI-Integrated-Car-Parking-Management-System-iPARK-\backend\src\services\reminder.service.ts:164:5)
    at async R.Cron.protect (E:\AI-Integrated-Car-Parking-Management-System-iPARK-\backend\src\services\scheduler.service.ts:42:28)
    at async R._trigger (file:///E:/AI-Integrated-Car-Parking-Management-System-iPARK-/node_modules/croner/dist/croner.js:1:16204) {
  errors: {
    vehicleType: ValidatorError: Path `vehicleType` is required.
        at SchemaString.doValidate (E:\AI-Integrated-Car-Parking-Management-System-iPARK-\backend\node_modules\mongoose\lib\schemaType.js:1515:13)
        at model.validate (E:\AI-Integrated-Car-Parking-Management-System-iPARK-\backend\node_modules\mongoose\lib\document.js:2842:20)
        at process.processTicksAndRejections (node:internal/process/task_queues:105:5)
        at async model.$__save (E:\AI-Integrated-Car-Parking-Management-System-iPARK-\backend\node_modules\mongoose\lib\model.js:398:7)
        at async maybeTracedSave (E:\AI-Integrated-Car-Parking-Management-System-iPARK-\backend\node_modules\mongoose\lib\model.js:674:7)
        at async sendPrepaidReminders (E:\AI-Integrated-Car-Parking-Management-System-iPARK-\backend\src\services\reminder.service.ts:164:5)
        at async R.Cron.protect (E:\AI-Integrated-Car-Parking-Management-System-iPARK-\backend\src\services\scheduler.service.ts:42:28)
        at async R._trigger (file:///E:/AI-Integrated-Car-Parking-Management-System-iPARK-/node_modules/croner/dist/croner.js:1:16204) {
      properties: [Object],
      kind: 'required',
      path: 'vehicleType',
      value: undefined,
      reason: undefined,
      [Symbol(mongoose#validatorError)]: true
    }
  },
  _message: 'ParkingSession validation failed'
}
[Mail] Sent email to le492381@gmail.com: [iPARK] Nhắc nhở: Xe 18A12345 vẫn đang trong bãi
[Scheduler] Subscription job error: ValidationError: ParkingSession validation failed: vehicleType: Path `vehicleType` is required.
    at model.validate (E:\AI-Integrated-Car-Parking-Management-System-iPARK-\backend\node_modules\mongoose\lib\document.js:2864:36)
    at process.processTicksAndRejections (node:internal/process/task_queues:105:5)
    at async model.$__save (E:\AI-Integrated-Car-Parking-Management-System-iPARK-\backend\node_modules\mongoose\lib\model.js:398:7)
    at async maybeTracedSave (E:\AI-Integrated-Car-Parking-Management-System-iPARK-\backend\node_modules\mongoose\lib\model.js:674:7)
    at async sendPrepaidReminders (E:\AI-Integrated-Car-Parking-Management-System-iPARK-\backend\src\services\reminder.service.ts:164:5)
    at async R.Cron.protect (E:\AI-Integrated-Car-Parking-Management-System-iPARK-\backend\src\services\scheduler.service.ts:42:28)
    at async R._trigger (file:///E:/AI-Integrated-Car-Parking-Management-System-iPARK-/node_modules/croner/dist/croner.js:1:16204) {
  errors: {
    vehicleType: ValidatorError: Path `vehicleType` is required.
        at SchemaString.doValidate (E:\AI-Integrated-Car-Parking-Management-System-iPARK-\backend\node_modules\mongoose\lib\schemaType.js:1515:13)
        at model.validate (E:\AI-Integrated-Car-Parking-Management-System-iPARK-\backend\node_modules\mongoose\lib\document.js:2842:20)
        at process.processTicksAndRejections (node:internal/process/task_queues:105:5)
        at async model.$__save (E:\AI-Integrated-Car-Parking-Management-System-iPARK-\backend\node_modules\mongoose\lib\model.js:398:7)
        at async maybeTracedSave (E:\AI-Integrated-Car-Parking-Management-System-iPARK-\backend\node_modules\mongoose\lib\model.js:674:7)
        at async sendPrepaidReminders (E:\AI-Integrated-Car-Parking-Management-System-iPARK-\backend\src\services\reminder.service.ts:164:5)
        at async R.Cron.protect (E:\AI-Integrated-Car-Parking-Management-System-iPARK-\backend\src\services\scheduler.service.ts:42:28)
        at async R._trigger (file:///E:/AI-Integrated-Car-Parking-Management-System-iPARK-/node_modules/croner/dist/croner.js:1:16204) {
      properties: [Object],
      kind: 'required',
      path: 'vehicleType',
      value: undefined,
      reason: undefined,
      [Symbol(mongoose#validatorError)]: true
    }
  },
  _message: 'ParkingSession validation failed'
}
[Mail] Sent email to le492381@gmail.com: [iPARK] Nhắc nhở: Xe 18A12345 vẫn đang trong bãi
[Scheduler] Subscription job error: ValidationError: ParkingSession validation failed: vehicleType: Path `vehicleType` is required.
    at model.validate (E:\AI-Integrated-Car-Parking-Management-System-iPARK-\backend\node_modules\mongoose\lib\document.js:2864:36)
    at process.processTicksAndRejections (node:internal/process/task_queues:105:5)
    at async model.$__save (E:\AI-Integrated-Car-Parking-Management-System-iPARK-\backend\node_modules\mongoose\lib\model.js:398:7)
    at async maybeTracedSave (E:\AI-Integrated-Car-Parking-Management-System-iPARK-\backend\node_modules\mongoose\lib\model.js:674:7)
    at async sendPrepaidReminders (E:\AI-Integrated-Car-Parking-Management-System-iPARK-\backend\src\services\reminder.service.ts:164:5)
    at async R.Cron.protect (E:\AI-Integrated-Car-Parking-Management-System-iPARK-\backend\src\services\scheduler.service.ts:42:28)
    at async R._trigger (file:///E:/AI-Integrated-Car-Parking-Management-System-iPARK-/node_modules/croner/dist/croner.js:1:16204) {
  errors: {
    vehicleType: ValidatorError: Path `vehicleType` is required.
        at SchemaString.doValidate (E:\AI-Integrated-Car-Parking-Management-System-iPARK-\backend\node_modules\mongoose\lib\schemaType.js:1515:13)
        at model.validate (E:\AI-Integrated-Car-Parking-Management-System-iPARK-\backend\node_modules\mongoose\lib\document.js:2842:20)
        at process.processTicksAndRejections (node:internal/process/task_queues:105:5)
        at async model.$__save (E:\AI-Integrated-Car-Parking-Management-System-iPARK-\backend\node_modules\mongoose\lib\model.js:398:7)
        at async maybeTracedSave (E:\AI-Integrated-Car-Parking-Management-System-iPARK-\backend\node_modules\mongoose\lib\model.js:674:7)
        at async sendPrepaidReminders (E:\AI-Integrated-Car-Parking-Management-System-iPARK-\backend\src\services\reminder.service.ts:164:5)
        at async R.Cron.protect (E:\AI-Integrated-Car-Parking-Management-System-iPARK-\backend\src\services\scheduler.service.ts:42:28)
        at async R._trigger (file:///E:/AI-Integrated-Car-Parking-Management-System-iPARK-/node_modules/croner/dist/croner.js:1:16204) {
      properties: [Object],
      kind: 'required',
      path: 'vehicleType',
      value: undefined,
      reason: undefined,
      [Symbol(mongoose#validatorError)]: true
    }
  },
  _message: 'ParkingSession validation failed'
}
[Mail] Sent email to le492381@gmail.com: [iPARK] Nhắc nhở: Xe 18A12345 vẫn đang trong bãi
[Scheduler] Subscription job error: ValidationError: ParkingSession validation failed: vehicleType: Path `vehicleType` is required.
    at model.validate (E:\AI-Integrated-Car-Parking-Management-System-iPARK-\backend\node_modules\mongoose\lib\document.js:2864:36)
    at process.processTicksAndRejections (node:internal/process/task_queues:105:5)
    at async model.$__save (E:\AI-Integrated-Car-Parking-Management-System-iPARK-\backend\node_modules\mongoose\lib\model.js:398:7)
    at async maybeTracedSave (E:\AI-Integrated-Car-Parking-Management-System-iPARK-\backend\node_modules\mongoose\lib\model.js:674:7)
    at async sendPrepaidReminders (E:\AI-Integrated-Car-Parking-Management-System-iPARK-\backend\src\services\reminder.service.ts:164:5)
    at async R.Cron.protect (E:\AI-Integrated-Car-Parking-Management-System-iPARK-\backend\src\services\scheduler.service.ts:42:28)
    at async R._trigger (file:///E:/AI-Integrated-Car-Parking-Management-System-iPARK-/node_modules/croner/dist/croner.js:1:16204) {
  errors: {
    vehicleType: ValidatorError: Path `vehicleType` is required.
        at SchemaString.doValidate (E:\AI-Integrated-Car-Parking-Management-System-iPARK-\backend\node_modules\mongoose\lib\schemaType.js:1515:13)
        at model.validate (E:\AI-Integrated-Car-Parking-Management-System-iPARK-\backend\node_modules\mongoose\lib\document.js:2842:20)
        at process.processTicksAndRejections (node:internal/process/task_queues:105:5)
        at async model.$__save (E:\AI-Integrated-Car-Parking-Management-System-iPARK-\backend\node_modules\mongoose\lib\model.js:398:7)
        at async maybeTracedSave (E:\AI-Integrated-Car-Parking-Management-System-iPARK-\backend\node_modules\mongoose\lib\model.js:674:7)
        at async sendPrepaidReminders (E:\AI-Integrated-Car-Parking-Management-System-iPARK-\backend\src\services\reminder.service.ts:164:5)
        at async R.Cron.protect (E:\AI-Integrated-Car-Parking-Management-System-iPARK-\backend\src\services\scheduler.service.ts:42:28)
        at async R._trigger (file:///E:/AI-Integrated-Car-Parking-Management-System-iPARK-/node_modules/croner/dist/croner.js:1:16204) {
      properties: [Object],
      kind: 'required',
      path: 'vehicleType',
      value: undefined,
      reason: undefined,
      [Symbol(mongoose#validatorError)]: true
    }
  },
  _message: 'ParkingSession validation failed'
}
[Mail] Sent email to le492381@gmail.com: [iPARK] Nhắc nhở: Xe 18A12345 vẫn đang trong bãi
[Scheduler] Subscription job error: ValidationError: ParkingSession validation failed: vehicleType: Path `vehicleType` is required.
    at model.validate (E:\AI-Integrated-Car-Parking-Management-System-iPARK-\backend\node_modules\mongoose\lib\document.js:2864:36)
    at process.processTicksAndRejections (node:internal/process/task_queues:105:5)
    at async model.$__save (E:\AI-Integrated-Car-Parking-Management-System-iPARK-\backend\node_modules\mongoose\lib\model.js:398:7)
    at async maybeTracedSave (E:\AI-Integrated-Car-Parking-Management-System-iPARK-\backend\node_modules\mongoose\lib\model.js:674:7)
    at async sendPrepaidReminders (E:\AI-Integrated-Car-Parking-Management-System-iPARK-\backend\src\services\reminder.service.ts:164:5)
    at async R.Cron.protect (E:\AI-Integrated-Car-Parking-Management-System-iPARK-\backend\src\services\scheduler.service.ts:42:28)
    at async R._trigger (file:///E:/AI-Integrated-Car-Parking-Management-System-iPARK-/node_modules/croner/dist/croner.js:1:16204) {
  errors: {
    vehicleType: ValidatorError: Path `vehicleType` is required.
        at SchemaString.doValidate (E:\AI-Integrated-Car-Parking-Management-System-iPARK-\backend\node_modules\mongoose\lib\schemaType.js:1515:13)
        at model.validate (E:\AI-Integrated-Car-Parking-Management-System-iPARK-\backend\node_modules\mongoose\lib\document.js:2842:20)
        at process.processTicksAndRejections (node:internal/process/task_queues:105:5)
        at async model.$__save (E:\AI-Integrated-Car-Parking-Management-System-iPARK-\backend\node_modules\mongoose\lib\model.js:398:7)
        at async maybeTracedSave (E:\AI-Integrated-Car-Parking-Management-System-iPARK-\backend\node_modules\mongoose\lib\model.js:674:7)
        at async sendPrepaidReminders (E:\AI-Integrated-Car-Parking-Management-System-iPARK-\backend\src\services\reminder.service.ts:164:5)
        at async R.Cron.protect (E:\AI-Integrated-Car-Parking-Management-System-iPARK-\backend\src\services\scheduler.service.ts:42:28)
        at async R._trigger (file:///E:/AI-Integrated-Car-Parking-Management-System-iPARK-/node_modules/croner/dist/croner.js:1:16204) {
      properties: [Object],
      kind: 'required',
      path: 'vehicleType',
      value: undefined,
      reason: undefined,
      [Symbol(mongoose#validatorError)]: true
    }
  },
  _message: 'ParkingSession validation failed'
}
[Mail] Sent email to le492381@gmail.com: [iPARK] Nhắc nhở: Xe 18A12345 vẫn đang trong bãi
[Scheduler] Subscription job error: ValidationError: ParkingSession validation failed: vehicleType: Path `vehicleType` is required.
    at model.validate (E:\AI-Integrated-Car-Parking-Management-System-iPARK-\backend\node_modules\mongoose\lib\document.js:2864:36)
    at process.processTicksAndRejections (node:internal/process/task_queues:105:5)
    at async model.$__save (E:\AI-Integrated-Car-Parking-Management-System-iPARK-\backend\node_modules\mongoose\lib\model.js:398:7)
    at async maybeTracedSave (E:\AI-Integrated-Car-Parking-Management-System-iPARK-\backend\node_modules\mongoose\lib\model.js:674:7)
    at async sendPrepaidReminders (E:\AI-Integrated-Car-Parking-Management-System-iPARK-\backend\src\services\reminder.service.ts:164:5)
    at async R.Cron.protect (E:\AI-Integrated-Car-Parking-Management-System-iPARK-\backend\src\services\scheduler.service.ts:42:28)
    at async R._trigger (file:///E:/AI-Integrated-Car-Parking-Management-System-iPARK-/node_modules/croner/dist/croner.js:1:16204) {
  errors: {
    vehicleType: ValidatorError: Path `vehicleType` is required.
        at SchemaString.doValidate (E:\AI-Integrated-Car-Parking-Management-System-iPARK-\backend\node_modules\mongoose\lib\schemaType.js:1515:13)
        at model.validate (E:\AI-Integrated-Car-Parking-Management-System-iPARK-\backend\node_modules\mongoose\lib\document.js:2842:20)
        at process.processTicksAndRejections (node:internal/process/task_queues:105:5)
        at async model.$__save (E:\AI-Integrated-Car-Parking-Management-System-iPARK-\backend\node_modules\mongoose\lib\model.js:398:7)
        at async maybeTracedSave (E:\AI-Integrated-Car-Parking-Management-System-iPARK-\backend\node_modules\mongoose\lib\model.js:674:7)
        at async sendPrepaidReminders (E:\AI-Integrated-Car-Parking-Management-System-iPARK-\backend\src\services\reminder.service.ts:164:5)
        at async R.Cron.protect (E:\AI-Integrated-Car-Parking-Management-System-iPARK-\backend\src\services\scheduler.service.ts:42:28)
        at async R._trigger (file:///E:/AI-Integrated-Car-Parking-Management-System-iPARK-/node_modules/croner/dist/croner.js:1:16204) {
      properties: [Object],
      kind: 'required',
      path: 'vehicleType',
      value: undefined,
      reason: undefined,
      [Symbol(mongoose#validatorError)]: true
    }
  },
  _message: 'ParkingSession validation failed'
}
[Mail] Sent email to le492381@gmail.com: [iPARK] Nhắc nhở: Xe 18A12345 vẫn đang trong bãi
[Scheduler] Subscription job error: ValidationError: ParkingSession validation failed: vehicleType: Path `vehicleType` is required.
    at model.validate (E:\AI-Integrated-Car-Parking-Management-System-iPARK-\backend\node_modules\mongoose\lib\document.js:2864:36)
    at process.processTicksAndRejections (node:internal/process/task_queues:105:5)
    at async model.$__save (E:\AI-Integrated-Car-Parking-Management-System-iPARK-\backend\node_modules\mongoose\lib\model.js:398:7)
    at async maybeTracedSave (E:\AI-Integrated-Car-Parking-Management-System-iPARK-\backend\node_modules\mongoose\lib\model.js:674:7)
    at async sendPrepaidReminders (E:\AI-Integrated-Car-Parking-Management-System-iPARK-\backend\src\services\reminder.service.ts:164:5)
    at async R.Cron.protect (E:\AI-Integrated-Car-Parking-Management-System-iPARK-\backend\src\services\scheduler.service.ts:42:28)
    at async R._trigger (file:///E:/AI-Integrated-Car-Parking-Management-System-iPARK-/node_modules/croner/dist/croner.js:1:16204) {
  errors: {
    vehicleType: ValidatorError: Path `vehicleType` is required.
        at SchemaString.doValidate (E:\AI-Integrated-Car-Parking-Management-System-iPARK-\backend\node_modules\mongoose\lib\schemaType.js:1515:13)
        at model.validate (E:\AI-Integrated-Car-Parking-Management-System-iPARK-\backend\node_modules\mongoose\lib\document.js:2842:20)
        at process.processTicksAndRejections (node:internal/process/task_queues:105:5)
        at async model.$__save (E:\AI-Integrated-Car-Parking-Management-System-iPARK-\backend\node_modules\mongoose\lib\model.js:398:7)
        at async maybeTracedSave (E:\AI-Integrated-Car-Parking-Management-System-iPARK-\backend\node_modules\mongoose\lib\model.js:674:7)
        at async sendPrepaidReminders (E:\AI-Integrated-Car-Parking-Management-System-iPARK-\backend\src\services\reminder.service.ts:164:5)
        at async R.Cron.protect (E:\AI-Integrated-Car-Parking-Management-System-iPARK-\backend\src\services\scheduler.service.ts:42:28)
        at async R._trigger (file:///E:/AI-Integrated-Car-Parking-Management-System-iPARK-/node_modules/croner/dist/croner.js:1:16204) {
      properties: [Object],
      kind: 'required',
      path: 'vehicleType',
      value: undefined,
      reason: undefined,
      [Symbol(mongoose#validatorError)]: true
    }
  },
  _message: 'ParkingSession validation failed'
}
[Mail] Sent email to le492381@gmail.com: [iPARK] Nhắc nhở: Xe 18A12345 vẫn đang trong bãi
[Scheduler] Subscription job error: ValidationError: ParkingSession validation failed: vehicleType: Path `vehicleType` is required.
    at model.validate (E:\AI-Integrated-Car-Parking-Management-System-iPARK-\backend\node_modules\mongoose\lib\document.js:2864:36)
    at process.processTicksAndRejections (node:internal/process/task_queues:105:5)
    at async model.$__save (E:\AI-Integrated-Car-Parking-Management-System-iPARK-\backend\node_modules\mongoose\lib\model.js:398:7)
    at async maybeTracedSave (E:\AI-Integrated-Car-Parking-Management-System-iPARK-\backend\node_modules\mongoose\lib\model.js:674:7)
    at async sendPrepaidReminders (E:\AI-Integrated-Car-Parking-Management-System-iPARK-\backend\src\services\reminder.service.ts:164:5)
    at async R.Cron.protect (E:\AI-Integrated-Car-Parking-Management-System-iPARK-\backend\src\services\scheduler.service.ts:42:28)
    at async R._trigger (file:///E:/AI-Integrated-Car-Parking-Management-System-iPARK-/node_modules/croner/dist/croner.js:1:16204) {
  errors: {
    vehicleType: ValidatorError: Path `vehicleType` is required.
        at SchemaString.doValidate (E:\AI-Integrated-Car-Parking-Management-System-iPARK-\backend\node_modules\mongoose\lib\schemaType.js:1515:13)
        at model.validate (E:\AI-Integrated-Car-Parking-Management-System-iPARK-\backend\node_modules\mongoose\lib\document.js:2842:20)
        at process.processTicksAndRejections (node:internal/process/task_queues:105:5)
        at async model.$__save (E:\AI-Integrated-Car-Parking-Management-System-iPARK-\backend\node_modules\mongoose\lib\model.js:398:7)
        at async maybeTracedSave (E:\AI-Integrated-Car-Parking-Management-System-iPARK-\backend\node_modules\mongoose\lib\model.js:674:7)
        at async sendPrepaidReminders (E:\AI-Integrated-Car-Parking-Management-System-iPARK-\backend\src\services\reminder.service.ts:164:5)
        at async R.Cron.protect (E:\AI-Integrated-Car-Parking-Management-System-iPARK-\backend\src\services\scheduler.service.ts:42:28)
        at async R._trigger (file:///E:/AI-Integrated-Car-Parking-Management-System-iPARK-/node_modules/croner/dist/croner.js:1:16204) {
      properties: [Object],
      kind: 'required',
      path: 'vehicleType',
      value: undefined,
      reason: undefined,
      [Symbol(mongoose#validatorError)]: true
    }
  },
  _message: 'ParkingSession validation failed'
}
[Mail] Sent email to le492381@gmail.com: [iPARK] Nhắc nhở: Xe 18A12345 vẫn đang trong bãi
[Scheduler] Subscription job error: ValidationError: ParkingSession validation failed: vehicleType: Path `vehicleType` is required.
    at model.validate (E:\AI-Integrated-Car-Parking-Management-System-iPARK-\backend\node_modules\mongoose\lib\document.js:2864:36)
    at process.processTicksAndRejections (node:internal/process/task_queues:105:5)
    at async model.$__save (E:\AI-Integrated-Car-Parking-Management-System-iPARK-\backend\node_modules\mongoose\lib\model.js:398:7)
    at async maybeTracedSave (E:\AI-Integrated-Car-Parking-Management-System-iPARK-\backend\node_modules\mongoose\lib\model.js:674:7)
    at async sendPrepaidReminders (E:\AI-Integrated-Car-Parking-Management-System-iPARK-\backend\src\services\reminder.service.ts:164:5)
    at async R.Cron.protect (E:\AI-Integrated-Car-Parking-Management-System-iPARK-\backend\src\services\scheduler.service.ts:42:28)
    at async R._trigger (file:///E:/AI-Integrated-Car-Parking-Management-System-iPARK-/node_modules/croner/dist/croner.js:1:16204) {
  errors: {
    vehicleType: ValidatorError: Path `vehicleType` is required.
        at SchemaString.doValidate (E:\AI-Integrated-Car-Parking-Management-System-iPARK-\backend\node_modules\mongoose\lib\schemaType.js:1515:13)
        at model.validate (E:\AI-Integrated-Car-Parking-Management-System-iPARK-\backend\node_modules\mongoose\lib\document.js:2842:20)
        at process.processTicksAndRejections (node:internal/process/task_queues:105:5)
        at async model.$__save (E:\AI-Integrated-Car-Parking-Management-System-iPARK-\backend\node_modules\mongoose\lib\model.js:398:7)
        at async maybeTracedSave (E:\AI-Integrated-Car-Parking-Management-System-iPARK-\backend\node_modules\mongoose\lib\model.js:674:7)
        at async sendPrepaidReminders (E:\AI-Integrated-Car-Parking-Management-System-iPARK-\backend\src\services\reminder.service.ts:164:5)
        at async R.Cron.protect (E:\AI-Integrated-Car-Parking-Management-System-iPARK-\backend\src\services\scheduler.service.ts:42:28)
        at async R._trigger (file:///E:/AI-Integrated-Car-Parking-Management-System-iPARK-/node_modules/croner/dist/croner.js:1:16204) {
      properties: [Object],
      kind: 'required',
      path: 'vehicleType',
      value: undefined,
      reason: undefined,
      [Symbol(mongoose#validatorError)]: true
    }
  },
  _message: 'ParkingSession validation failed'
}
10:07:38 PM [tsx] change in ./src\controllers\camera-bridge.controller.ts Rerunning...
c◇ injected env (28) from .env // tip: ◈ encrypted .env [www.dotenvx.com]
iPARK backend listening on http://localhost:4000
[Scheduler] Initializing background jobs...
[Scheduler] All jobs registered.
[0mGET /api/bridge/roi [32m200[0m 8.817 ms - 21[0m
[0mGET /api/exit/pending [36m304[0m 8.768 ms - -[0m
[0mGET /api/camera-logs/entry-reviews/pending [36m304[0m 8.018 ms - -[0m
[0mGET /api/bridge/roi [32m200[0m 2.594 ms - 21[0m
[pushCameraLog] direction=out plate=30A77777 openSession=6aa2839a7acac4c040e361ce
[0mPOST /api/bridge/log [32m200[0m 31.416 ms - 251[0m
[0mGET /api/bridge/roi [32m200[0m 1.940 ms - 21[0m
[Mail] Sent email to le492381@gmail.com: [iPARK] Nhắc nhở: Xe 18A12345 vẫn đang trong bãi
[Scheduler] Sent 1 prepaid reminders
[0mGET /api/bridge/roi [32m200[0m 2.744 ms - 21[0m
[0mGET /api/parking-slots [36m304[0m 27.765 ms - -[0m
[0mGET /api/bridge/roi [32m200[0m 2.094 ms - 21[0m
[0mPOST /api/exit/dismiss [32m200[0m 10.647 ms - 67[0m
[0mGET /api/camera-logs/stream [32m200[0m 10.382 ms - -[0m
[0mGET /api/auth/me [36m304[0m 6.967 ms - -[0m
[0mGET /api/shift-schedules/my/current [36m304[0m 12.886 ms - -[0m
[0mGET /api/vehicles [36m304[0m 135.519 ms - -[0m
[0mGET /api/shift-schedules/my/current [36m304[0m 184.379 ms - -[0m
[0mGET /api/parking-sessions [32m200[0m 218.204 ms - 180851[0m
[0mGET /api/devices/lane-roles [36m304[0m 92.527 ms - -[0m
[0mGET /api/parking-slots [36m304[0m 222.221 ms - -[0m
[0mGET /api/devices/lane-roles [36m304[0m 5.862 ms - -[0m
[0mGET /api/users?page=1&limit=100 [36m304[0m 16.374 ms - -[0m
[0mGET /api/users?page=2&limit=100 [36m304[0m 7.171 ms - -[0m
[0mGET /api/pricing-config [36m304[0m 6.241 ms - -[0m
[0mGET /api/notifications [36m304[0m 17.157 ms - -[0m
[0mGET /api/transactions [32m200[0m 39.029 ms - 19934[0m
[0mGET /api/shifts [36m304[0m 5.997 ms - -[0m
[0mGET /api/shift-schedules/my [36m304[0m 14.588 ms - -[0m
[0mGET /api/exit/pending [36m304[0m 10.765 ms - -[0m
[0mGET /api/camera-logs/entry-reviews/pending [36m304[0m 10.706 ms - -[0m
[0mGET /api/zones [36m304[0m 10.787 ms - -[0m
[0mGET /api/parking-slots [36m304[0m 37.969 ms - -[0m
[0mGET /api/subscriptions/plans [36m304[0m 6.633 ms - -[0m
[0mGET /api/subscriptions [36m304[0m 9.197 ms - -[0m
[pushCameraLog] direction=out plate=30A77777 openSession=6aa2839a7acac4c040e361ce
[0mPOST /api/bridge/log [32m200[0m 13.325 ms - 251[0m
[0mPOST /api/exit/resolve-mismatch [32m200[0m 20.787 ms - 187[0m
[bridge.gate] direction=out action=open source=AI bridge ts=2026-09-18T15:11:39.558Z
[0mPOST /api/bridge/gate/out/open [32m200[0m 34.659 ms - 46[0m
[openGate] Bridge OK: { ok: true, status: 'Gate out opened successfully' }
[0mPOST /api/exit/open-gate [32m200[0m 127.627 ms - 49[0m
[0mGET /api/bridge/roi [32m200[0m 3.570 ms - 21[0m
[bridge.gate] direction=out action=close source=AI bridge ts=2026-09-18T15:11:46.565Z
[0mPOST /api/bridge/gate/out/close [32m200[0m 2.333 ms - 47[0m
[pushCameraLog] direction=in plate=30A77777 rfidUid=none action=pending_review sessionId=none
[0mGET /api/rfid-bridge/by-plate/30A77777 [32m200[0m 8.463 ms - 609[0m
[0mPOST /api/bridge/log [32m200[0m 12.520 ms - 218[0m
[pushCameraLog] direction=in plate=30A77777 rfidUid=none action=pending_review sessionId=none
[0mPOST /api/bridge/log [32m200[0m 10.677 ms - 218[0m
[0mGET /api/rfid/by-plate/30A77777 [32m200[0m 12.625 ms - 609[0m
[0mGET /api/parking-slots [32m200[0m 25.720 ms - 72055[0m
[0mGET /api/bridge/roi [32m200[0m 2.372 ms - 21[0m
[0mGET /api/parking-slots [36m304[0m 14.125 ms - -[0m
[0mGET /api/bridge/roi [32m200[0m 2.311 ms - 21[0m
[0mGET /api/parking-slots [36m304[0m 27.540 ms - -[0m
[0mGET /api/bridge/roi [32m200[0m 2.566 ms - 21[0m
[0mGET /api/parking-slots [36m304[0m 24.813 ms - -[0m
[0mGET /api/bridge/roi [32m200[0m 2.305 ms - 21[0m
[0mGET /api/bridge/roi [32m200[0m 2.616 ms - 21[0m
[0mGET /api/parking-slots [36m304[0m 27.489 ms - -[0m
[0mGET /api/parking-slots [36m304[0m 25.527 ms - -[0m
[0mGET /api/bridge/roi [32m200[0m 2.316 ms - 21[0m
[0mGET /api/parking-slots [36m304[0m 28.035 ms - -[0m
[0mGET /api/bridge/roi [32m200[0m 3.475 ms - 21[0m
[0mGET /api/parking-slots [36m304[0m 31.262 ms - -[0m
[0mGET /api/bridge/roi [32m200[0m 2.382 ms - 21[0m
10:16:06 PM [tsx] change in ./src\controllers\camera-bridge.controller.ts Restarting...
c◇ injected env (28) from .env // tip: ⌁ auth for agents [www.vestauth.com]
iPARK backend listening on http://localhost:4000
[Scheduler] Initializing background jobs...
[Scheduler] All jobs registered.
[0mGET /api/exit/pending [36m304[0m 15.755 ms - -[0m
[0mGET /api/bridge/roi [32m200[0m 5.948 ms - 21[0m
[0mGET /api/bridge/roi [32m200[0m 3.052 ms - 21[0m
[0mGET /api/bridge/roi [32m200[0m 3.603 ms - 21[0m
[pushCameraLog] direction=in plate=30A77777 rfidUid=none action=pending_review sessionId=none
[0mPOST /api/bridge/log [32m200[0m 37.806 ms - 218[0m
[pushCameraLog] direction=in plate=51C67890 rfidUid=none action=duplicate sessionId=none
[0mPOST /api/bridge/log [32m200[0m 27.559 ms - 249[0m
[0mGET /api/rfid/by-plate/51C67890 [32m200[0m 15.381 ms - 347[0m
[0mPOST /api/auth/login [32m200[0m 296.639 ms - 415[0m
[pushCameraLog] direction=in plate=30A77777 rfidUid=none action=pending_review sessionId=none
[0mPOST /api/bridge/log [32m200[0m 10.890 ms - 218[0m
[pushCameraLog] direction=in plate=51C67890 rfidUid=none action=duplicate sessionId=none
[0mPOST /api/bridge/log [32m200[0m 10.189 ms - 249[0m
[0mGET /api/rfid/by-plate/30A77777 [36m304[0m 10.367 ms - -[0m
[0mGET /api/rfid/by-plate/51C67890 [36m304[0m 8.161 ms - -[0m
[0mPOST /api/auth/login [32m200[0m 260.638 ms - 415[0m
[pushCameraLog] direction=in plate=30A77777 rfidUid=none action=pending_review sessionId=none
[0mPOST /api/bridge/log [32m200[0m 10.219 ms - 218[0m
[pushCameraLog] direction=in plate=51C67890 rfidUid=none action=duplicate sessionId=none
[0mPOST /api/bridge/log [32m200[0m 9.943 ms - 249[0m
[0mGET /api/rfid/by-plate/30A77777 [36m304[0m 7.925 ms - -[0m
[0mGET /api/rfid/by-plate/51C67890 [36m304[0m 5.446 ms - -[0m
[0mGET /api/camera-logs/stream [32m200[0m 2.543 ms - -[0m
[0mGET /api/bridge/roi [32m200[0m 3.087 ms - 21[0m
[0mGET /api/bridge/roi [32m200[0m 3.641 ms - 21[0m
[0mGET /api/parking-slots [36m304[0m 52.925 ms - -[0m
[0mPOST /api/auth/login [32m200[0m 259.949 ms - 415[0m
[0mGET /api/bridge/roi [32m200[0m 2.280 ms - 21[0m
[0mGET /api/bridge/roi [32m200[0m 2.390 ms - 21[0m
[pushCameraLog] direction=in plate=30A77777 rfidUid=none action=pending_review sessionId=none
[0mPOST /api/bridge/log [32m200[0m 17.088 ms - 218[0m
[pushCameraLog] direction=in plate=51C67890 rfidUid=none action=duplicate sessionId=none
[0mPOST /api/bridge/log [32m200[0m 18.975 ms - 249[0m
[0mGET /api/rfid/by-plate/30A77777 [36m304[0m 24.788 ms - -[0m
[0mGET /api/rfid/by-plate/51C67890 [36m304[0m 12.014 ms - -[0m
[0mGET /api/bridge/roi [32m200[0m 1.897 ms - 21[0m
[0mGET /api/parking-slots [36m304[0m 36.008 ms - -[0m
(node:22224) [MONGOOSE] Warning: mongoose: the `new` option for `findOneAndUpdate()` and `findOneAndReplace()` is deprecated. Use `returnDocument: 'after'` instead.
(Use `node --trace-warnings ...` to show where the warning was created)
[0mPOST /api/camera-logs/entry-reviews/6aad56b274b19da2b123dbe1/dismiss [32m200[0m 6.406 ms - 318[0m
[pushCameraLog] direction=in plate=30A77777 rfidUid=none action=pending_review sessionId=none
[0mGET /api/rfid-bridge/by-plate/30A77777 [32m200[0m 13.249 ms - 609[0m
[0mPOST /api/bridge/log [32m200[0m 16.068 ms - 218[0m
[pushCameraLog] direction=in plate=30A77777 rfidUid=none action=pending_review sessionId=none
[0mPOST /api/bridge/log [32m200[0m 10.503 ms - 218[0m
[0mGET /api/rfid/by-plate/30A77777 [36m304[0m 12.007 ms - -[0m
(node:22224) [MONGOOSE] Warning: mongoose: the `new` option for `findOneAndUpdate()` and `findOneAndReplace()` is deprecated. Use `returnDocument: 'after'` instead.
[0mPOST /api/camera-logs/entry-reviews/6aad56d174b19da2b123dbe2/confirm [32m201[0m 88.909 ms - 1357[0m
[bridge.gate] direction=in action=open source=AI bridge ts=2026-09-18T15:21:03.452Z
[0mPOST /api/bridge/gate/in/open [32m200[0m 3.102 ms - 45[0m
[0mGET /api/bridge/roi [32m200[0m 2.603 ms - 21[0m
[bridge.gate] direction=in action=close source=AI bridge ts=2026-09-18T15:21:08.458Z
[0mPOST /api/bridge/gate/in/close [32m200[0m 2.337 ms - 46[0m
[0mGET /api/parking-slots [32m200[0m 33.613 ms - 72123[0m
[pushCameraLog] direction=out plate=30A77777 openSession=6aad56df74b19da2b123dbe4
[0mPOST /api/bridge/log [32m200[0m 19.125 ms - 251[0m
[0mPOST /api/exit/resolve-mismatch [32m200[0m 9.386 ms - 187[0m
[bridge.gate] direction=out action=open source=AI bridge ts=2026-09-18T15:21:36.756Z
[0mPOST /api/bridge/gate/out/open [32m200[0m 1.525 ms - 46[0m
[openGate] Bridge OK: { ok: true, status: 'Gate out opened successfully' }
[0mPOST /api/exit/open-gate [32m200[0m 53.117 ms - 49[0m
[0mGET /api/bridge/roi [32m200[0m 1.825 ms - 21[0m
[0mGET /api/parking-slots [32m200[0m 15.730 ms - 72055[0m
[bridge.gate] direction=out action=close source=AI bridge ts=2026-09-18T15:21:43.763Z
[0mPOST /api/bridge/gate/out/close [32m200[0m 2.031 ms - 47[0m
[pushCameraLog] direction=in plate=30A77777 rfidUid=none action=pending_review sessionId=none
[0mPOST /api/bridge/log [32m200[0m 8.089 ms - 218[0m
[pushCameraLog] direction=in plate=51C67890 rfidUid=none action=duplicate sessionId=none
[0mPOST /api/bridge/log [32m200[0m 12.217 ms - 249[0m
[0mGET /api/rfid/by-plate/30A77777 [36m304[0m 10.646 ms - -[0m
[0mGET /api/rfid/by-plate/51C67890 [36m304[0m 10.236 ms - -[0m
[0mGET /api/bridge/roi [32m200[0m 2.468 ms - 21[0m
[0mGET /api/bridge/roi [32m200[0m 2.879 ms - 21[0m
[0mGET /api/camera-logs/stream [33m401[0m 0.293 ms - 34[0m
[pushCameraLog] direction=in plate=30A77777 rfidUid=none action=pending_review sessionId=none
[0mPOST /api/bridge/log [32m200[0m 11.445 ms - 218[0m
[pushCameraLog] direction=in plate=51C67890 rfidUid=none action=duplicate sessionId=none
[0mPOST /api/bridge/log [32m200[0m 18.193 ms - 249[0m
[0mGET /api/rfid/by-plate/30A77777 [36m304[0m 9.609 ms - -[0m
[0mGET /api/rfid/by-plate/51C67890 [36m304[0m 8.468 ms - -[0m
[0mGET /api/bridge/roi [32m200[0m 2.437 ms - 21[0m
[pushCameraLog] direction=in plate=30A77777 rfidUid=none action=pending_review sessionId=none
[0mPOST /api/bridge/log [32m200[0m 15.414 ms - 218[0m
[pushCameraLog] direction=in plate=51C67890 rfidUid=none action=duplicate sessionId=none
[0mPOST /api/bridge/log [32m200[0m 17.331 ms - 249[0m
[0mGET /api/rfid/by-plate/30A77777 [36m304[0m 13.805 ms - -[0m
[0mGET /api/rfid/by-plate/51C67890 [36m304[0m 10.711 ms - -[0m
[0mGET /api/bridge/roi [32m200[0m 2.681 ms - 21[0m
[0mGET /api/camera-logs/stream [32m200[0m 2.978 ms - -[0m
[0mGET /api/bridge/roi [32m200[0m 2.486 ms - 21[0m
[0mGET /api/parking-slots [36m304[0m 26.281 ms - -[0m
[0mGET /api/bridge/roi [32m200[0m 2.301 ms - 21[0m
[0mPOST /api/exit/prepare-manual [32m200[0m 34.236 ms - 695[0m
[pushCameraLog] direction=in plate=30A77777 rfidUid=none action=pending_review sessionId=none
[0mPOST /api/bridge/log [32m200[0m 11.516 ms - 218[0m
[pushCameraLog] direction=in plate=51C67890 rfidUid=none action=duplicate sessionId=none
[0mPOST /api/bridge/log [32m200[0m 16.619 ms - 249[0m
[0mGET /api/rfid/by-plate/30A77777 [36m304[0m 12.789 ms - -[0m
[0mGET /api/rfid/by-plate/51C67890 [36m304[0m 9.333 ms - -[0m
[0mPOST /api/exit/resolve-mismatch [32m200[0m 11.510 ms - 189[0m
(node:22224) [MONGOOSE] Warning: mongoose: the `new` option for `findOneAndUpdate()` and `findOneAndReplace()` is deprecated. Use `returnDocument: 'after'` instead.
(node:22224) [MONGOOSE] Warning: mongoose: the `new` option for `findOneAndUpdate()` and `findOneAndReplace()` is deprecated. Use `returnDocument: 'after'` instead.
[0mPOST /api/transactions/session/6aa288e8ba479b2775fe843c/cash [32m201[0m 15.834 ms - 827[0m
[bridge.gate] direction=out action=open source=AI bridge ts=2026-09-18T15:25:48.812Z
[0mPOST /api/bridge/gate/out/open [32m200[0m 1.672 ms - 46[0m
[openGate] Bridge OK: { ok: true, status: 'Gate out opened successfully' }
[0mPOST /api/exit/open-gate [32m200[0m 22.703 ms - 49[0m
[0mGET /api/camera-logs/stream [32m200[0m 2.162 ms - -[0m
[bridge.gate] direction=out action=close source=AI bridge ts=2026-09-18T15:25:55.830Z
[0mPOST /api/bridge/gate/out/close [32m200[0m 2.269 ms - 47[0m
[0mGET /api/camera-logs/stream [32m200[0m 27.247 ms - -[0m
[0mGET /api/auth/me [36m304[0m 6.517 ms - -[0m
[0mGET /api/shift-schedules/my/current [36m304[0m 14.777 ms - -[0m
[0mGET /api/vehicles [36m304[0m 119.255 ms - -[0m
[0mGET /api/shift-schedules/my/current [36m304[0m 155.674 ms - -[0m
[0mGET /api/devices/lane-roles [36m304[0m 76.707 ms - -[0m
[0mGET /api/parking-slots [36m304[0m 209.734 ms - -[0m
[0mGET /api/parking-sessions [32m200[0m 222.474 ms - 182002[0m
[0mGET /api/devices/lane-roles [36m304[0m 19.610 ms - -[0m
[0mGET /api/users?page=1&limit=100 [36m304[0m 11.643 ms - -[0m
[0mGET /api/users?page=2&limit=100 [36m304[0m 6.663 ms - -[0m
[0mGET /api/pricing-config [36m304[0m 5.566 ms - -[0m
[0mGET /api/notifications [36m304[0m 13.918 ms - -[0m
[0mGET /api/transactions [32m200[0m 31.128 ms - 20684[0m
[0mGET /api/exit/pending [36m304[0m 10.375 ms - -[0m
[0mGET /api/camera-logs/entry-reviews/pending [32m200[0m 11.389 ms - 631[0m
[0mGET /api/shifts [36m304[0m 13.133 ms - -[0m
[0mGET /api/shift-schedules/my [36m304[0m 17.738 ms - -[0m
[0mGET /api/rfid/by-plate/51C67890 [32m200[0m 10.528 ms - 145[0m
[0mGET /api/zones [32m200[0m 9.915 ms - 373[0m
[0mGET /api/parking-slots [36m304[0m 24.442 ms - -[0m
[0mGET /api/subscriptions/plans [36m304[0m 9.942 ms - -[0m
[0mGET /api/subscriptions [36m304[0m 12.808 ms - -[0m
[0mGET /api/bridge/roi [32m200[0m 1.971 ms - 21[0m
(node:22224) [MONGOOSE] Warning: mongoose: the `new` option for `findOneAndUpdate()` and `findOneAndReplace()` is deprecated. Use `returnDocument: 'after'` instead.
[0mPOST /api/camera-logs/entry-reviews/6aad57f574b19da2b123dc17/dismiss [32m200[0m 4.713 ms - 319[0m
[0mGET /api/camera-logs/stream [32m200[0m 62.313 ms - -[0m
[0mGET /api/auth/me [36m304[0m 4.682 ms - -[0m
[0mGET /api/shift-schedules/my/current [36m304[0m 32.013 ms - -[0m
[0mGET /api/vehicles [36m304[0m 82.895 ms - -[0m
[0mGET /api/parking-sessions [32m200[0m 123.674 ms - 182002[0m
[0mGET /api/shift-schedules/my/current [36m304[0m 56.707 ms - -[0m
[0mGET /api/devices/lane-roles [36m304[0m 43.557 ms - -[0m
[0mGET /api/parking-slots [36m304[0m 132.047 ms - -[0m
[0mGET /api/devices/lane-roles [36m304[0m 6.752 ms - -[0m
[0mGET /api/exit/pending [36m304[0m 7.364 ms - -[0m
[0mGET /api/camera-logs/entry-reviews/pending [32m200[0m 7.867 ms - 631[0m
[0mGET /api/users?page=1&limit=100 [36m304[0m 12.226 ms - -[0m
[0mGET /api/users?page=2&limit=100 [36m304[0m 6.227 ms - -[0m
[0mGET /api/rfid/by-plate/30A77777 [36m304[0m 10.907 ms - -[0m
[0mGET /api/pricing-config [36m304[0m 4.962 ms - -[0m
[0mGET /api/notifications [36m304[0m 12.141 ms - -[0m
[0mGET /api/transactions [32m200[0m 23.038 ms - 20684[0m
[0mGET /api/shifts [36m304[0m 3.892 ms - -[0m
[0mGET /api/shift-schedules/my [36m304[0m 8.324 ms - -[0m
[0mGET /api/zones [36m304[0m 6.405 ms - -[0m
[0mGET /api/parking-slots [36m304[0m 17.822 ms - -[0m
[0mGET /api/subscriptions/plans [36m304[0m 4.328 ms - -[0m
[0mGET /api/subscriptions [36m304[0m 6.071 ms - -[0m
(node:22224) [MONGOOSE] Warning: mongoose: the `new` option for `findOneAndUpdate()` and `findOneAndReplace()` is deprecated. Use `returnDocument: 'after'` instead.
[0mPOST /api/camera-logs/entry-reviews/6aad57f574b19da2b123dc04/dismiss [32m200[0m 6.395 ms - 319[0m
[0mGET /api/camera-logs/stream [32m200[0m 32.037 ms - -[0m
[0mGET /api/auth/me [36m304[0m 5.781 ms - -[0m
[0mGET /api/shift-schedules/my/current [36m304[0m 29.046 ms - -[0m
[0mGET /api/vehicles [36m304[0m 87.110 ms - -[0m
[0mGET /api/parking-sessions [36m304[0m 108.967 ms - -[0m
[0mGET /api/shift-schedules/my/current [36m304[0m 53.768 ms - -[0m
[0mGET /api/parking-slots [36m304[0m 121.696 ms - -[0m
[0mGET /api/devices/lane-roles [36m304[0m 28.904 ms - -[0m
[0mGET /api/devices/lane-roles [36m304[0m 4.696 ms - -[0m
[0mGET /api/users?page=1&limit=100 [36m304[0m 8.843 ms - -[0m
[0mGET /api/exit/pending [36m304[0m 9.265 ms - -[0m
[0mGET /api/camera-logs/entry-reviews/pending [32m200[0m 11.555 ms - 631[0m
[0mGET /api/users?page=2&limit=100 [36m304[0m 5.685 ms - -[0m
[0mGET /api/rfid/by-plate/51C67890 [36m304[0m 6.629 ms - -[0m
[0mGET /api/pricing-config [36m304[0m 4.870 ms - -[0m
[0mGET /api/notifications [36m304[0m 9.833 ms - -[0m
[0mGET /api/transactions [32m200[0m 17.722 ms - 20684[0m
[0mGET /api/shifts [36m304[0m 4.343 ms - -[0m
[0mGET /api/shift-schedules/my [36m304[0m 8.432 ms - -[0m
[0mGET /api/zones [36m304[0m 12.547 ms - -[0m
[0mGET /api/parking-slots [36m304[0m 19.579 ms - -[0m
[0mGET /api/subscriptions/plans [36m304[0m 4.044 ms - -[0m
[0mGET /api/subscriptions [36m304[0m 5.707 ms - -[0m
[0mGET /api/bridge/roi [32m200[0m 3.056 ms - 21[0m
(node:22224) [MONGOOSE] Warning: mongoose: the `new` option for `findOneAndUpdate()` and `findOneAndReplace()` is deprecated. Use `returnDocument: 'after'` instead.
[0mPOST /api/camera-logs/entry-reviews/6aad577074b19da2b123dbf1/dismiss [32m200[0m 8.088 ms - 319[0m
[0mGET /api/camera-logs/stream [32m200[0m 39.058 ms - -[0m
[0mGET /api/auth/me [36m304[0m 4.453 ms - -[0m
[0mGET /api/shift-schedules/my/current [36m304[0m 45.900 ms - -[0m
[0mGET /api/vehicles [36m304[0m 119.806 ms - -[0m
[0mGET /api/parking-sessions [32m200[0m 144.742 ms - 182002[0m
[0mGET /api/shift-schedules/my/current [36m304[0m 72.930 ms - -[0m
[0mGET /api/devices/lane-roles [36m304[0m 43.498 ms - -[0m
[0mGET /api/parking-slots [36m304[0m 170.857 ms - -[0m
[0mGET /api/users?page=1&limit=100 [36m304[0m 21.671 ms - -[0m
[0mGET /api/devices/lane-roles [36m304[0m 20.987 ms - -[0m
[0mGET /api/exit/pending [36m304[0m 5.452 ms - -[0m
[0mGET /api/camera-logs/entry-reviews/pending [32m200[0m 5.958 ms - 631[0m
[0mGET /api/users?page=2&limit=100 [36m304[0m 5.624 ms - -[0m
[0mGET /api/pricing-config [36m304[0m 6.638 ms - -[0m
[0mGET /api/rfid/by-plate/30A77777 [36m304[0m 11.925 ms - -[0m
[0mGET /api/notifications [36m304[0m 9.336 ms - -[0m
[0mGET /api/transactions [32m200[0m 16.514 ms - 20684[0m
[0mGET /api/shifts [36m304[0m 5.502 ms - -[0m
[0mGET /api/shift-schedules/my [36m304[0m 10.180 ms - -[0m
[0mGET /api/zones [36m304[0m 5.802 ms - -[0m
[0mGET /api/parking-slots [36m304[0m 17.459 ms - -[0m
[0mGET /api/subscriptions/plans [36m304[0m 4.229 ms - -[0m
[0mGET /api/subscriptions [36m304[0m 6.532 ms - -[0m
[0mGET /api/bridge/roi [32m200[0m 2.383 ms - 21[0m
[0mGET /api/parking-slots [36m304[0m 26.981 ms - -[0m
[0mGET /api/bridge/roi [32m200[0m 2.418 ms - 21[0m
[0mGET /api/bridge/roi [32m200[0m 2.451 ms - 21[0m
[0mGET /api/bridge/roi [32m200[0m 2.761 ms - 21[0m
[0mGET /api/bridge/roi [32m200[0m 2.228 ms - 21[0m
10:29:36 PM [tsx] change in ./src\controllers\camera-bridge.controller.ts Restarting...
c◇ injected env (28) from .env // tip: ⌘ override existing { override: true }
iPARK backend listening on http://localhost:4000
[Scheduler] Initializing background jobs...
[Scheduler] All jobs registered.
[0mGET /api/exit/pending [36m304[0m 7.253 ms - -[0m
[0mGET /api/bridge/roi [32m200[0m 4.448 ms - 21[0m
[0mGET /api/camera-logs/stream [32m200[0m 17.247 ms - -[0m
[0mGET /api/auth/me [36m304[0m 9.758 ms - -[0m
[0mGET /api/shift-schedules/my/current [36m304[0m 46.045 ms - -[0m
[0mGET /api/vehicles [36m304[0m 214.750 ms - -[0m
[0mGET /api/shift-schedules/my/current [36m304[0m 209.798 ms - -[0m
[0mGET /api/parking-sessions [32m200[0m 294.825 ms - 182002[0m
[0mGET /api/auth/me [36m304[0m 5.155 ms - -[0m
[0mGET /api/shift-schedules/my/current [36m304[0m 12.337 ms - -[0m
[0mGET /api/vehicles [36m304[0m 101.496 ms - -[0m
[0mGET /api/parking-sessions [32m200[0m 130.700 ms - 182002[0m
[0mGET /api/devices/lane-roles [36m304[0m 29.088 ms - -[0m
[0mGET /api/shift-schedules/my/current [36m304[0m 104.807 ms - -[0m
[0mGET /api/devices/lane-roles [36m304[0m 11.079 ms - -[0m
[0mGET /api/users?page=1&limit=100 [36m304[0m 16.398 ms - -[0m
[0mGET /api/users?page=2&limit=100 [36m304[0m 6.077 ms - -[0m
[0mGET /api/pricing-config [36m304[0m 4.376 ms - -[0m
[0mGET /api/notifications [36m304[0m 11.072 ms - -[0m
[0mGET /api/transactions [32m200[0m 21.847 ms - 20684[0m
[0mGET /api/exit/pending [36m304[0m 7.387 ms - -[0m
[0mGET /api/camera-logs/entry-reviews/pending [36m304[0m 7.402 ms - -[0m
[0mGET /api/shifts [36m304[0m 7.352 ms - -[0m
[0mGET /api/shift-schedules/my [36m304[0m 11.427 ms - -[0m
[0mGET /api/zones [36m304[0m 7.338 ms - -[0m
[0mGET /api/parking-slots [36m304[0m 22.767 ms - -[0m
[0mGET /api/bridge/roi [32m200[0m 5.969 ms - 21[0m
[0mGET /api/rfid/by-plate/30A77777 [36m304[0m 9.657 ms - -[0m
[0mGET /api/subscriptions/plans [36m304[0m 8.607 ms - -[0m
[0mGET /api/subscriptions [36m304[0m 12.349 ms - -[0m
[0mGET /api/bridge/roi [32m200[0m 2.813 ms - 21[0m
[pushCameraLog] direction=in plate=30F99999 rfidUid=none action=pending_review sessionId=none
[0mPOST /api/bridge/log [32m200[0m 23.539 ms - 218[0m
[pushCameraLog] direction=in plate=30F99999 rfidUid=none action=pending_review sessionId=none
[0mPOST /api/bridge/log [32m200[0m 12.263 ms - 218[0m
[pushCameraLog] direction=in plate=30F99999 rfidUid=none action=pending_review sessionId=none
[0mPOST /api/bridge/log [32m200[0m 9.931 ms - 218[0m
[0mGET /api/rfid/by-plate/30F99999 [32m200[0m 10.423 ms - 145[0m
[0mPOST /api/auth/login [32m200[0m 270.581 ms - 415[0m
[0mGET /api/bridge/roi [32m200[0m 2.120 ms - 21[0m
[0mGET /api/camera-logs/entry-reviews/pending [32m200[0m 3.854 ms - 925[0m
(node:1536) [MONGOOSE] Warning: mongoose: the `new` option for `findOneAndUpdate()` and `findOneAndReplace()` is deprecated. Use `returnDocument: 'after'` instead.
(Use `node --trace-warnings ...` to show where the warning was created)
[0mPOST /api/camera-logs/entry-reviews/6aad59d87bffcb91af330ad6/dismiss [32m200[0m 9.764 ms - 309[0m
[0mGET /api/camera-logs/entry-reviews/pending [32m200[0m 4.148 ms - 631[0m
[0mGET /api/camera-logs/entry-reviews/pending [32m200[0m 4.616 ms - 631[0m
(node:1536) [MONGOOSE] Warning: mongoose: the `new` option for `findOneAndUpdate()` and `findOneAndReplace()` is deprecated. Use `returnDocument: 'after'` instead.
[0mPOST /api/camera-logs/entry-reviews/6aad577074b19da2b123dbf0/dismiss [32m200[0m 6.701 ms - 319[0m
[0mGET /api/camera-logs/entry-reviews/pending [32m200[0m 3.957 ms - 327[0m
(node:1536) [MONGOOSE] Warning: mongoose: the `new` option for `findOneAndUpdate()` and `findOneAndReplace()` is deprecated. Use `returnDocument: 'after'` instead.
[0mPOST /api/camera-logs/entry-reviews/6aad575074b19da2b123dbef/dismiss [32m200[0m 6.182 ms - 319[0m
[0mGET /api/camera-logs/entry-reviews/pending [32m200[0m 3.635 ms - 24[0m
[0mGET /api/bridge/roi [32m200[0m 2.272 ms - 21[0m
[0mGET /api/bridge/roi [32m200[0m 3.341 ms - 21[0m
[0mGET /api/bridge/roi [32m200[0m 2.369 ms - 21[0m
[0mGET /api/bridge/roi [32m200[0m 2.638 ms - 21[0m
[0mGET /api/bridge/roi [32m200[0m 2.079 ms - 21[0m
[0mGET /api/bridge/roi [32m200[0m 1.848 ms - 21[0m
[0mGET /api/parking-slots [36m304[0m 39.187 ms - -[0m
(node:1536) [MONGOOSE] Warning: mongoose: the `new` option for `findOneAndUpdate()` and `findOneAndReplace()` is deprecated. Use `returnDocument: 'after'` instead.
[0mPOST /api/camera-logs/entry-reviews/6aad59d87bffcb91af330ad4/dismiss [33m409[0m 4.774 ms - 85[0m
[0mGET /api/camera-logs/stream [32m200[0m 15.494 ms - -[0m
[0mGET /api/auth/me [36m304[0m 7.707 ms - -[0m
[0mGET /api/shift-schedules/my/current [36m304[0m 14.110 ms - -[0m
[0mGET /api/vehicles [36m304[0m 173.973 ms - -[0m
[0mGET /api/shift-schedules/my/current [36m304[0m 187.322 ms - -[0m
[0mGET /api/parking-sessions [32m200[0m 254.463 ms - 182002[0m
[0mGET /api/devices/lane-roles [36m304[0m 80.307 ms - -[0m
[0mGET /api/parking-slots [36m304[0m 258.518 ms - -[0m
[0mGET /api/devices/lane-roles [36m304[0m 11.952 ms - -[0m
[0mGET /api/exit/pending [36m304[0m 11.767 ms - -[0m
[0mGET /api/camera-logs/entry-reviews/pending [32m200[0m 11.311 ms - 24[0m
[0mGET /api/users?page=1&limit=100 [36m304[0m 12.199 ms - -[0m
[0mGET /api/users?page=2&limit=100 [36m304[0m 6.701 ms - -[0m
[0mGET /api/pricing-config [36m304[0m 6.042 ms - -[0m
[0mGET /api/notifications [36m304[0m 18.076 ms - -[0m
[0mGET /api/transactions [32m200[0m 32.984 ms - 20684[0m
[0mGET /api/shifts [36m304[0m 8.513 ms - -[0m
[0mGET /api/shift-schedules/my [36m304[0m 16.316 ms - -[0m
[0mGET /api/zones [36m304[0m 7.634 ms - -[0m
[0mGET /api/parking-slots [36m304[0m 27.078 ms - -[0m
[0mGET /api/subscriptions/plans [36m304[0m 6.737 ms - -[0m
[0mGET /api/subscriptions [36m304[0m 9.749 ms - -[0m
[0mGET /api/bridge/roi [32m200[0m 3.464 ms - 21[0m
[pushCameraLog] direction=in plate=30A77777 rfidUid=none action=pending_review sessionId=none
[0mGET /api/rfid-bridge/by-plate/30A77777 [32m200[0m 12.121 ms - 609[0m
[0mPOST /api/bridge/log [32m200[0m 20.159 ms - 218[0m
[pushCameraLog] direction=in plate=30A77777 rfidUid=none action=pending_review sessionId=none
[0mPOST /api/bridge/log [32m200[0m 13.413 ms - 218[0m
[0mGET /api/rfid/by-plate/30A77777 [36m304[0m 14.847 ms - -[0m
[0mGET /api/parking-slots [36m304[0m 32.420 ms - -[0m
[0mGET /api/bridge/roi [32m200[0m 2.442 ms - 21[0m
(node:1536) [MONGOOSE] Warning: mongoose: the `new` option for `findOneAndUpdate()` and `findOneAndReplace()` is deprecated. Use `returnDocument: 'after'` instead.
[0mPOST /api/camera-logs/entry-reviews/6aad5b597bffcb91af330b7b/confirm [32m201[0m 71.227 ms - 1383[0m
[bridge.gate] direction=in action=open source=AI bridge ts=2026-09-18T15:40:39.959Z
[0mPOST /api/bridge/gate/in/open [32m200[0m 2.958 ms - 45[0m
[bridge.gate] direction=in action=close source=AI bridge ts=2026-09-18T15:40:44.966Z
[0mPOST /api/bridge/gate/in/close [32m200[0m 2.394 ms - 46[0m
[pushCameraLog] direction=out plate=30A77777 openSession=6aad5b777bffcb91af330b7d
[0mPOST /api/bridge/log [32m200[0m 19.658 ms - 251[0m
[0mGET /api/parking-slots [32m200[0m 29.850 ms - 72123[0m
[0mGET /api/bridge/roi [32m200[0m 2.420 ms - 21[0m
[0mGET /api/bridge/roi [32m200[0m 2.340 ms - 21[0m
[0mGET /api/bridge/roi [32m200[0m 2.104 ms - 21[0m
[0mGET /api/parking-slots [36m304[0m 21.979 ms - -[0m
[0mGET /api/bridge/roi [32m200[0m 2.492 ms - 21[0m
[0mGET /api/parking-slots [36m304[0m 21.267 ms - -[0m
[0mGET /api/bridge/roi [32m200[0m 2.696 ms - 21[0m
10:43:29 PM [tsx] change in ./src\controllers\exit.controller.ts Restarting...
c◇ injected env (28) from .env // tip: ⌘ multiple files { path: ['.env.local', '.env'] }
iPARK backend listening on http://localhost:4000
[Scheduler] Initializing background jobs...
[Scheduler] All jobs registered.
[Mail] Sent email to le492381@gmail.com: [iPARK] Nhắc nhở: Xe 18A12345 vẫn đang trong bãi
[Scheduler] Sent 1 prepaid reminders
12:24:12 AM [tsx] change in ./src\controllers\camera-bridge.controller.ts Restarting...
c◇ injected env (28) from .env // tip: ⌘ override existing { override: true }
iPARK backend listening on http://localhost:4000
[Scheduler] Initializing background jobs...
[Scheduler] All jobs registered.
12:26:51 AM [tsx] unlink in ./src\services\subscription.service.ts Restarting...
c◇ injected env (28) from .env // tip: ◈ secrets for agents [www.dotenvx.com]
iPARK backend listening on http://localhost:4000
[Scheduler] Initializing background jobs...
[Scheduler] All jobs registered.
12:27:27 AM [tsx] unlink in ./src\utils\serializers.ts Restarting...
c◇ injected env (28) from .env // tip: ⌁ auth for agents [www.vestauth.com]
iPARK backend listening on http://localhost:4000
[Scheduler] Initializing background jobs...
[Scheduler] All jobs registered.
[0mGET /api/auth/me [36m304[0m 90.655 ms - -[0m
[0mGET /api/health [32m200[0m 0.978 ms - 37[0m
[Error] 400 Expected property name or '}' in JSON at position 1 (line 1 column 2)
[pushCameraLog] direction=in plate=30E92291 rfidUid=none action=pending_review sessionId=none
[0mPOST /api/bridge/log [32m200[0m 20.426 ms - 218[0m
[0mPOST /api/auth/login [32m200[0m 245.844 ms - 415[0m
[0mGET /api/camera-logs/stream [33m401[0m 0.572 ms - 34[0m
[pushCameraLog] direction=in plate=30E92291 rfidUid=none action=pending_review sessionId=none
[0mPOST /api/bridge/log [32m200[0m 14.881 ms - 218[0m
[pushCameraLog] direction=in plate=30E92291 rfidUid=none action=pending_review sessionId=none
[0mPOST /api/bridge/log [32m200[0m 11.307 ms - 218[0m
[0mGET /api/camera-logs/stream [32m200[0m 3.813 ms - -[0m
[0mGET /api/parking-slots [36m304[0m 26.693 ms - -[0m
[0mPOST /api/auth/logout [32m200[0m 0.800 ms - 11[0m
[0mGET /api/public/subscription-plans [36m304[0m 3.463 ms - -[0m
[0mGET /api/public/pricing [36m304[0m 3.176 ms - -[0m
[0mGET /api/public/availability [32m200[0m 6.967 ms - 212[0m
[0mGET /api/public/subscription-plans [36m304[0m 3.599 ms - -[0m
[0mGET /api/public/pricing [36m304[0m 3.019 ms - -[0m
1:28:09 AM [tsx] change in ./src\utils\serializers.ts Restarting...
c◇ injected env (28) from .env // tip: ⌘ suppress logs { quiet: true }
iPARK backend listening on http://localhost:4000
[Scheduler] Initializing background jobs...
[Scheduler] All jobs registered.
[Mail] Sent email to le492381@gmail.com: [iPARK] Nhắc nhở: Xe 18A12345 vẫn đang trong bãi
[Scheduler] Sent 1 prepaid reminders
